ticker,date,open,high,low,close
FDP,1997-10-24,18.0,18.0,16.0,17.0
FDP,1997-10-27,16.0,16.44,16.0,16.0
FDP,1997-10-28,15.0,16.0,14.75,15.81
FDP,1997-10-29,15.94,16.12,15.75,16.0
FDP,1997-10-30,15.38,15.88,15.19,15.5
FDP,1997-10-31,15.5,16.12,15.12,16.12
FDP,1997-11-03,16.0,16.44,15.75,16.12
FDP,1997-11-04,16.19,16.19,15.62,16.12
FDP,1997-11-05,16.38,16.5,15.94,16.06
FDP,1997-11-06,16.0,16.0,15.0,15.31
FDP,1997-11-07,15.06,15.06,14.38,14.88
FDP,1997-11-10,15.0,15.0,14.75,14.94
FDP,1997-11-11,14.94,14.94,14.25,14.62
FDP,1997-11-12,14.62,14.62,13.88,14.0
FDP,1997-11-13,14.0,14.06,13.12,13.12
FDP,1997-11-14,13.31,14.25,13.12,13.88
FDP,1997-11-17,14.25,14.88,14.06,14.75
FDP,1997-11-18,16.62,16.62,14.94,15.0
FDP,1997-11-19,15.0,15.12,14.75,14.75
FDP,1997-11-20,14.81,15.0,14.75,14.88
FDP,1997-11-21,14.81,15.38,14.69,15.12
FDP,1997-11-24,14.88,14.88,14.5,14.5
FDP,1997-11-25,14.62,14.62,14.25,14.5
FDP,1997-11-26,14.75,14.88,14.5,14.88
FDP,1997-11-28,15.0,15.0,14.62,14.75
FDP,1997-12-01,15.0,15.0,14.38,14.5
FDP,1997-12-02,14.62,15.25,14.62,15.25
FDP,1997-12-03,15.62,15.81,15.19,15.38
FDP,1997-12-04,15.38,15.5,15.12,15.12
FDP,1997-12-05,15.25,15.25,14.62,14.75
FDP,1997-12-08,14.81,15.12,14.81,15.06
FDP,1997-12-09,15.12,15.12,14.62,14.62
FDP,1997-12-10,14.69,14.69,13.62,14.0
FDP,1997-12-11,14.19,14.19,13.44,13.88
FDP,1997-12-12,14.19,14.38,14.19,14.31
FDP,1997-12-15,14.44,14.5,14.0,14.0
FDP,1997-12-16,14.12,14.19,13.75,14.0
FDP,1997-12-17,13.94,14.0,13.62,14.0
FDP,1997-12-18,13.94,13.94,13.62,13.69
FDP,1997-12-19,13.62,13.81,13.31,13.81
FDP,1997-12-22,13.81,14.19,13.81,14.0
FDP,1997-12-23,14.0,14.19,14.0,14.12
FDP,1997-12-24,14.25,14.38,14.12,14.25
FDP,1997-12-26,14.19,14.38,14.19,14.38
FDP,1997-12-29,14.38,14.38,14.06,14.06
FDP,1997-12-30,14.19,14.25,13.75,14.25
FDP,1997-12-31,14.38,14.88,14.38,14.62
FDP,1998-01-02,14.69,14.69,14.38,14.38
FDP,1998-01-05,14.5,14.75,14.44,14.62
FDP,1998-01-06,14.38,14.38,14.12,14.19
FDP,1998-01-07,14.25,14.44,14.19,14.38
FDP,1998-01-08,14.44,14.44,14.0,14.06
FDP,1998-01-09,14.5,14.5,14.0,14.0
FDP,1998-01-12,13.88,14.88,13.5,13.62
FDP,1998-01-13,13.56,14.0,13.56,13.88
FDP,1998-01-14,13.88,13.94,13.5,13.75
FDP,1998-01-15,13.62,13.62,13.25,13.5
FDP,1998-01-16,13.5,13.75,13.31,13.62
FDP,1998-01-20,13.5,13.5,13.12,13.25
FDP,1998-01-21,13.19,13.19,12.75,12.94
FDP,1998-01-22,12.94,13.0,12.38,12.44
FDP,1998-01-23,12.38,12.5,12.12,12.12
FDP,1998-01-26,12.06,12.25,11.5,11.88
FDP,1998-01-27,11.38,11.94,10.5,11.38
FDP,1998-01-28,11.5,12.0,11.5,11.75
FDP,1998-01-29,12.0,12.75,11.81,12.69
FDP,1998-01-30,12.81,13.5,12.75,13.5
FDP,1998-02-02,13.5,13.88,13.31,13.38
FDP,1998-02-03,13.25,13.38,13.06,13.38
FDP,1998-02-04,13.5,13.62,13.12,13.62
FDP,1998-02-05,13.62,13.88,13.44,13.62
FDP,1998-02-06,13.88,14.25,13.62,14.0
FDP,1998-02-09,14.12,14.25,14.0,14.19
FDP,1998-02-10,14.12,14.62,14.12,14.62
FDP,1998-02-11,14.62,15.0,14.56,15.0
FDP,1998-02-12,15.0,15.25,14.75,14.75
FDP,1998-02-13,14.69,15.0,14.69,15.0
FDP,1998-02-17,15.12,16.19,15.12,15.81
FDP,1998-02-18,15.88,15.88,15.38,15.44
FDP,1998-02-19,15.5,15.5,14.94,14.94
FDP,1998-02-20,14.94,15.19,14.94,15.06
FDP,1998-02-23,15.06,15.62,14.94,15.5
FDP,1998-02-24,15.62,15.81,15.38,15.75
FDP,1998-02-25,15.94,16.12,15.75,15.81
FDP,1998-02-26,15.56,15.88,15.25,15.44
FDP,1998-02-27,15.5,15.62,15.44,15.44
FDP,1998-03-02,15.56,15.75,15.56,15.62
FDP,1998-03-03,15.75,15.88,15.75,15.75
FDP,1998-03-04,15.75,15.81,15.0,15.0
FDP,1998-03-05,15.0,15.0,14.75,14.75
FDP,1998-03-06,15.0,15.38,15.0,15.06
FDP,1998-03-09,15.06,15.25,15.06,15.25
FDP,1998-03-10,15.12,15.25,15.06,15.06
FDP,1998-03-11,15.06,15.25,15.06,15.25
FDP,1998-03-12,15.06,15.06,14.75,15.06
FDP,1998-03-13,15.12,15.31,15.12,15.25
FDP,1998-03-16,15.38,15.62,15.31,15.56
FDP,1998-03-17,15.44,15.94,15.44,15.75
FDP,1998-03-18,15.62,15.88,15.62,15.88
FDP,1998-03-19,15.94,15.94,15.75,15.75
FDP,1998-03-20,15.62,16.0,15.62,16.0
FDP,1998-03-23,15.94,15.94,15.75,15.81
FDP,1998-03-24,15.75,15.75,15.62,15.62
FDP,1998-03-25,15.5,15.81,15.5,15.81
FDP,1998-03-26,15.69,15.69,15.12,15.38
FDP,1998-03-27,15.38,15.5,15.12,15.19
FDP,1998-03-30,15.06,15.25,15.0,15.25
FDP,1998-03-31,15.38,15.56,15.31,15.44
FDP,1998-04-01,15.5,16.0,15.31,16.0
FDP,1998-04-02,16.0,16.25,15.88,16.12
FDP,1998-04-03,16.0,16.19,16.0,16.0
FDP,1998-04-06,16.0,16.12,16.0,16.12
FDP,1998-04-07,16.25,16.25,16.06,16.06
FDP,1998-04-08,16.06,16.06,16.0,16.0
FDP,1998-04-09,16.0,16.12,16.0,16.12
FDP,1998-04-13,16.12,16.56,16.12,16.56
FDP,1998-04-14,16.56,16.69,16.56,16.56
FDP,1998-04-15,16.56,16.81,16.5,16.75
FDP,1998-04-16,16.75,16.88,16.56,16.75
FDP,1998-04-17,16.62,16.81,16.5,16.5
FDP,1998-04-20,16.5,16.62,16.12,16.12
FDP,1998-04-21,16.25,16.38,16.19,16.31
FDP,1998-04-22,16.38,16.88,16.38,16.88
FDP,1998-04-23,16.81,17.0,16.69,16.81
FDP,1998-04-24,16.88,16.88,16.56,16.56
FDP,1998-04-27,16.44,16.44,16.31,16.31
FDP,1998-04-28,16.38,16.44,16.25,16.25
FDP,1998-04-29,16.25,16.31,16.19,16.25
FDP,1998-04-30,16.44,17.19,16.44,17.06
FDP,1998-05-01,17.5,18.12,17.38,18.0
FDP,1998-05-04,18.0,18.19,18.0,18.0
FDP,1998-05-05,18.12,18.19,18.06,18.06
FDP,1998-05-06,18.25,18.5,18.19,18.38
FDP,1998-05-07,18.38,18.5,18.31,18.44
FDP,1998-05-08,18.5,19.94,18.5,19.38
FDP,1998-05-11,19.5,19.5,18.62,18.62
FDP,1998-05-12,18.56,18.62,18.25,18.5
FDP,1998-05-13,18.5,18.75,18.5,18.5
FDP,1998-05-14,18.44,18.5,18.38,18.5
FDP,1998-05-15,18.5,18.62,18.5,18.56
FDP,1998-05-18,18.5,18.62,18.5,18.62
FDP,1998-05-19,18.62,18.62,18.5,18.56
FDP,1998-05-20,18.5,18.62,18.5,18.62
FDP,1998-05-21,18.62,19.0,18.62,19.0
FDP,1998-05-22,18.94,19.75,18.94,19.62
FDP,1998-05-26,19.75,19.81,18.5,18.56
FDP,1998-05-27,18.38,18.56,18.25,18.5
FDP,1998-05-28,18.38,18.69,18.38,18.62
FDP,1998-05-29,19.12,19.31,19.0,19.12
FDP,1998-06-01,19.12,19.19,18.56,18.62
FDP,1998-06-02,18.69,18.88,18.62,18.88
FDP,1998-06-03,18.88,19.19,18.81,19.0
FDP,1998-06-04,19.0,19.25,19.0,19.25
FDP,1998-06-05,19.31,19.62,19.31,19.56
FDP,1998-06-08,19.56,19.56,19.25,19.38
FDP,1998-06-09,19.31,19.56,19.25,19.25
FDP,1998-06-10,19.31,19.38,19.25,19.25
FDP,1998-06-11,19.19,19.25,18.94,18.94
FDP,1998-06-12,19.06,19.12,18.94,18.94
FDP,1998-06-15,18.75,18.75,18.44,18.5
FDP,1998-06-16,18.62,18.62,18.5,18.62
FDP,1998-06-17,18.62,18.75,18.56,18.56
FDP,1998-06-18,18.69,18.81,18.62,18.81
FDP,1998-06-19,18.75,18.88,18.69,18.75
FDP,1998-06-22,18.81,19.0,18.75,19.0
FDP,1998-06-23,19.0,19.0,18.75,18.81
FDP,1998-06-24,18.94,19.12,18.75,19.12
FDP,1998-06-25,19.06,19.12,19.0,19.06
FDP,1998-06-26,19.0,19.12,18.88,18.94
FDP,1998-06-29,18.88,19.0,18.81,18.81
FDP,1998-06-30,18.88,19.19,18.88,18.94
FDP,1998-07-01,18.94,19.38,18.94,19.31
FDP,1998-07-02,19.06,19.38,19.06,19.12
FDP,1998-07-06,19.25,19.38,19.12,19.12
FDP,1998-07-07,19.25,19.38,19.12,19.31
FDP,1998-07-08,19.31,19.5,19.31,19.31
FDP,1998-07-09,19.25,19.38,19.19,19.38
FDP,1998-07-10,19.38,20.12,19.38,19.88
FDP,1998-07-13,19.88,20.12,19.88,20.12
FDP,1998-07-14,20.06,20.19,20.0,20.19
FDP,1998-07-15,20.12,20.19,20.0,20.0
FDP,1998-07-16,20.12,20.12,20.0,20.0
FDP,1998-07-17,20.0,20.06,19.88,19.88
FDP,1998-07-20,20.12,20.12,19.56,19.88
FDP,1998-07-21,19.94,20.19,19.56,19.56
FDP,1998-07-22,19.56,19.56,18.62,18.62
FDP,1998-07-23,18.81,19.0,17.5,18.25
FDP,1998-07-24,18.25,18.81,18.25,18.62
FDP,1998-07-27,18.5,18.88,18.5,18.75
FDP,1998-07-28,18.94,18.94,18.0,18.12
FDP,1998-07-29,18.12,18.12,17.88,18.0
FDP,1998-07-30,18.62,19.5,18.62,18.94
FDP,1998-07-31,19.0,19.0,18.75,18.75
FDP,1998-08-03,18.88,18.88,18.62,18.75
FDP,1998-08-04,18.81,19.0,17.75,17.75
FDP,1998-08-05,17.75,17.75,17.12,17.75
FDP,1998-08-06,17.62,18.0,17.5,18.0
FDP,1998-08-07,18.38,18.62,18.31,18.62
FDP,1998-08-10,18.5,18.5,18.0,18.5
FDP,1998-08-11,18.25,18.25,17.88,18.06
FDP,1998-08-12,18.06,18.31,17.12,17.25
FDP,1998-08-13,17.38,17.38,17.0,17.0
FDP,1998-08-14,17.12,17.38,17.0,17.12
FDP,1998-08-17,17.0,17.44,17.0,17.44
FDP,1998-08-18,17.5,18.5,17.5,18.5
FDP,1998-08-19,18.5,18.5,18.0,18.0
FDP,1998-08-20,17.88,18.5,17.88,17.94
FDP,1998-08-21,17.81,18.25,17.69,18.12
FDP,1998-08-24,17.88,17.88,17.62,17.69
FDP,1998-08-25,17.62,18.25,17.62,18.06
FDP,1998-08-26,17.88,18.0,17.75,17.94
FDP,1998-08-27,17.69,17.75,17.12,17.25
FDP,1998-08-28,17.06,17.25,17.0,17.25
FDP,1998-08-31,17.06,17.06,16.0,16.0
FDP,1998-09-01,16.25,16.31,15.94,16.0
FDP,1998-09-02,16.12,16.44,16.0,16.19
FDP,1998-09-03,16.06,16.25,16.0,16.19
FDP,1998-09-04,16.25,16.31,15.62,15.69
FDP,1998-09-08,15.94,16.0,15.69,15.75
FDP,1998-09-09,15.62,15.62,15.38,15.38
FDP,1998-09-10,15.38,15.62,15.25,15.25
FDP,1998-09-11,15.44,15.44,14.56,14.56
FDP,1998-09-14,14.69,14.88,14.62,14.88
FDP,1998-09-15,14.88,14.88,14.5,14.5
FDP,1998-09-16,14.56,14.75,14.5,14.62
FDP,1998-09-17,14.69,14.81,14.5,14.75
FDP,1998-09-18,15.0,15.5,15.0,15.06
FDP,1998-09-21,14.88,14.88,14.5,14.69
FDP,1998-09-22,14.62,14.88,14.5,14.62
FDP,1998-09-23,14.5,15.12,14.5,15.0
FDP,1998-09-24,15.12,15.38,15.06,15.25
FDP,1998-09-25,15.25,15.25,15.12,15.25
FDP,1998-09-28,15.25,15.38,15.12,15.25
FDP,1998-09-29,15.5,16.5,15.44,16.5
FDP,1998-09-30,16.25,17.12,16.0,17.0
FDP,1998-10-01,16.75,16.88,15.75,15.88
FDP,1998-10-02,15.5,15.62,15.25,15.38
FDP,1998-10-05,15.25,15.5,15.19,15.25
FDP,1998-10-06,15.38,15.56,15.31,15.5
FDP,1998-10-07,15.38,15.62,15.19,15.19
FDP,1998-10-08,15.0,15.0,14.0,14.38
FDP,1998-10-09,14.5,15.5,14.5,15.5
FDP,1998-10-12,15.5,15.5,15.38,15.38
FDP,1998-10-13,15.5,15.5,14.69,14.88
FDP,1998-10-14,14.75,15.38,14.75,15.38
FDP,1998-10-15,15.25,16.0,15.25,16.0
FDP,1998-10-16,16.25,16.81,16.25,16.75
FDP,1998-10-19,16.5,17.0,16.38,17.0
FDP,1998-10-20,17.25,17.5,17.25,17.25
FDP,1998-10-21,17.38,17.88,17.31,17.38
FDP,1998-10-22,17.25,18.0,17.25,18.0
FDP,1998-10-23,17.88,17.88,16.25,16.69
FDP,1998-10-26,16.44,16.56,15.5,16.0
FDP,1998-10-27,16.12,16.12,15.88,16.0
FDP,1998-10-28,15.94,16.5,15.88,16.25
FDP,1998-10-29,16.5,17.5,16.5,17.38
FDP,1998-10-30,17.44,18.0,17.25,17.88
FDP,1998-11-02,17.75,18.38,17.62,18.31
FDP,1998-11-03,18.5,19.94,18.5,19.75
FDP,1998-11-04,19.88,20.75,19.88,20.25
FDP,1998-11-05,20.31,21.5,20.31,21.5
FDP,1998-11-06,21.94,21.94,20.88,21.5
FDP,1998-11-09,22.25,23.62,22.25,23.0
FDP,1998-11-10,23.12,23.19,22.5,22.5
FDP,1998-11-11,22.5,22.5,20.81,20.88
FDP,1998-11-12,20.94,21.25,20.56,21.25
FDP,1998-11-13,21.19,21.5,21.0,21.0
FDP,1998-11-16,21.25,22.0,21.12,21.62
FDP,1998-11-17,21.56,21.88,21.5,21.5
FDP,1998-11-18,21.5,21.56,21.06,21.12
FDP,1998-11-19,21.0,22.0,21.0,21.94
FDP,1998-11-20,21.94,23.0,21.94,22.69
FDP,1998-11-23,22.94,23.25,22.81,22.94
FDP,1998-11-24,23.0,23.06,22.38,22.38
FDP,1998-11-25,22.25,22.38,22.12,22.12
FDP,1998-11-27,22.12,22.12,22.0,22.06
FDP,1998-11-30,22.12,22.12,21.88,22.0
FDP,1998-12-01,22.0,22.0,21.5,21.94
FDP,1998-12-02,21.88,21.94,21.75,21.81
FDP,1998-12-03,21.88,22.38,21.75,21.94
FDP,1998-12-04,22.0,22.12,21.75,21.88
FDP,1998-12-07,21.81,22.0,21.5,21.5
FDP,1998-12-08,21.62,21.75,21.25,21.5
FDP,1998-12-09,21.56,21.75,21.06,21.06
FDP,1998-12-10,21.06,21.06,20.06,20.12
FDP,1998-12-11,20.0,21.44,20.0,21.44
FDP,1998-12-14,21.0,21.0,19.88,20.12
FDP,1998-12-15,19.0,19.0,17.25,17.5
FDP,1998-12-16,17.69,17.88,17.5,17.69
FDP,1998-12-17,17.62,18.62,17.62,18.38
FDP,1998-12-18,18.38,18.62,18.25,18.25
FDP,1998-12-21,18.25,18.38,17.88,17.88
FDP,1998-12-22,17.94,18.19,17.81,17.94
FDP,1998-12-23,17.94,18.06,17.94,18.0
FDP,1998-12-24,18.12,18.31,18.12,18.31
FDP,1998-12-28,18.44,18.88,18.44,18.56
FDP,1998-12-29,18.81,19.38,18.31,19.25
FDP,1998-12-30,19.25,19.88,19.25,19.88
FDP,1998-12-31,20.0,21.69,20.0,21.69
FDP,1999-01-04,20.75,21.0,20.12,20.12
FDP,1999-01-05,19.88,20.0,19.0,19.81
FDP,1999-01-06,19.81,20.0,19.5,19.56
FDP,1999-01-07,19.56,20.0,19.38,19.44
FDP,1999-01-08,19.62,21.0,19.5,20.38
FDP,1999-01-11,20.44,20.44,19.25,19.25
FDP,1999-01-12,19.5,19.5,19.25,19.44
FDP,1999-01-13,19.19,19.5,18.69,19.31
FDP,1999-01-14,19.25,19.56,18.88,18.88
FDP,1999-01-15,19.06,19.5,19.0,19.12
FDP,1999-01-19,19.38,19.5,19.0,19.31
FDP,1999-01-20,19.5,20.44,19.31,19.75
FDP,1999-01-21,19.75,19.75,19.31,19.38
FDP,1999-01-22,19.5,19.5,18.81,19.19
FDP,1999-01-25,19.25,19.44,19.12,19.38
FDP,1999-01-26,19.38,19.44,19.31,19.38
FDP,1999-01-27,19.31,19.44,19.12,19.12
FDP,1999-01-28,18.88,19.31,18.88,19.12
FDP,1999-01-29,19.38,19.5,18.75,19.44
FDP,1999-02-01,19.44,19.44,19.12,19.25
FDP,1999-02-02,19.12,19.38,18.81,19.0
FDP,1999-02-03,18.75,18.88,18.5,18.5
FDP,1999-02-04,18.25,18.44,17.75,17.88
FDP,1999-02-05,18.0,18.0,17.56,18.0
FDP,1999-02-08,18.0,18.06,17.75,17.75
FDP,1999-02-09,17.75,17.81,17.44,17.5
FDP,1999-02-10,17.5,17.5,17.31,17.31
FDP,1999-02-11,17.31,17.75,17.12,17.69
FDP,1999-02-12,17.75,17.75,17.25,17.31
FDP,1999-02-16,17.56,18.0,17.44,17.44
FDP,1999-02-17,17.25,17.75,17.25,17.56
FDP,1999-02-18,17.75,17.75,17.5,17.56
FDP,1999-02-19,17.56,17.69,17.56,17.62
FDP,1999-02-22,17.38,17.69,17.31,17.5
FDP,1999-02-23,17.62,18.38,17.62,18.31
FDP,1999-02-24,19.06,19.06,18.75,18.75
FDP,1999-02-25,18.5,18.75,18.06,18.75
FDP,1999-02-26,18.5,18.75,18.25,18.44
FDP,1999-03-01,18.38,18.44,18.0,18.44
FDP,1999-03-02,18.31,18.44,18.31,18.44
FDP,1999-03-03,18.38,18.38,17.88,18.06
FDP,1999-03-04,18.25,18.25,17.5,17.69
FDP,1999-03-05,17.56,17.81,17.25,17.38
FDP,1999-03-08,17.5,17.5,17.0,17.12
FDP,1999-03-09,16.5,16.5,16.12,16.19
FDP,1999-03-10,15.25,16.38,15.25,16.06
FDP,1999-03-11,16.31,16.56,16.12,16.12
FDP,1999-03-12,15.88,15.88,15.5,15.75
FDP,1999-03-15,15.94,15.94,15.31,15.38
FDP,1999-03-16,15.5,16.0,15.38,16.0
FDP,1999-03-17,16.0,17.0,16.0,17.0
FDP,1999-03-18,17.0,18.0,17.0,17.5
FDP,1999-03-19,17.25,17.25,16.75,17.0
FDP,1999-03-22,17.0,17.5,16.88,17.06
FDP,1999-03-23,16.88,17.0,16.69,17.0
FDP,1999-03-24,16.75,17.0,16.75,16.88
FDP,1999-03-25,16.88,17.06,16.88,17.06
FDP,1999-03-26,17.06,17.69,16.94,17.56
FDP,1999-03-29,17.5,17.5,17.0,17.0
FDP,1999-03-30,17.0,17.5,16.88,17.38
FDP,1999-03-31,17.25,18.62,17.25,18.56
FDP,1999-04-01,18.56,18.69,17.5,17.94
FDP,1999-04-05,18.06,18.06,17.62,17.81
FDP,1999-04-06,17.88,17.88,17.12,17.12
FDP,1999-04-07,17.12,17.25,16.75,17.19
FDP,1999-04-08,17.25,17.44,17.25,17.44
FDP,1999-04-09,17.38,17.62,17.25,17.62
FDP,1999-04-12,17.88,18.25,17.75,18.12
FDP,1999-04-13,18.12,18.5,18.0,18.06
FDP,1999-04-14,18.12,18.25,17.81,18.0
FDP,1999-04-15,17.88,18.25,17.75,18.25
FDP,1999-04-16,18.25,18.25,18.0,18.0
FDP,1999-04-19,18.0,18.0,16.75,17.25
FDP,1999-04-20,17.38,17.38,17.06,17.19
FDP,1999-04-21,17.19,17.44,17.06,17.25
FDP,1999-04-22,17.25,17.25,16.5,16.5
FDP,1999-04-23,16.69,16.94,16.5,16.75
FDP,1999-04-26,17.0,17.0,16.25,16.38
FDP,1999-04-27,16.38,16.5,16.19,16.5
FDP,1999-04-28,16.25,16.5,16.06,16.5
FDP,1999-04-29,16.5,16.5,16.38,16.44
FDP,1999-04-30,16.19,16.19,15.75,15.75
FDP,1999-05-03,15.94,15.94,15.25,15.75
FDP,1999-05-04,15.38,15.38,14.75,14.81
FDP,1999-05-05,14.88,16.12,14.25,15.75
FDP,1999-05-06,16.0,16.0,13.75,13.94
FDP,1999-05-07,14.0,14.31,14.0,14.31
FDP,1999-05-10,14.5,14.5,14.0,14.38
FDP,1999-05-11,14.31,14.38,14.06,14.12
FDP,1999-05-12,14.06,14.44,13.75,14.38
FDP,1999-05-13,14.44,14.75,14.25,14.5
FDP,1999-05-14,14.62,14.75,14.19,14.31
FDP,1999-05-17,14.19,14.62,14.19,14.56
FDP,1999-05-18,14.62,14.69,14.38,14.44
FDP,1999-05-19,14.56,14.56,14.38,14.56
FDP,1999-05-20,14.5,14.56,14.38,14.5
FDP,1999-05-21,14.38,14.38,12.88,13.62
FDP,1999-05-24,13.62,14.19,13.62,14.06
FDP,1999-05-25,14.12,14.25,14.0,14.12
FDP,1999-05-26,14.12,14.19,13.94,14.0
FDP,1999-05-27,14.0,14.19,14.0,14.0
FDP,1999-05-28,14.12,14.19,14.06,14.19
FDP,1999-06-01,14.19,14.44,14.12,14.25
FDP,1999-06-02,14.25,14.94,14.19,14.62
FDP,1999-06-03,14.75,15.12,14.62,14.81
FDP,1999-06-04,15.62,16.5,15.12,16.25
FDP,1999-06-07,16.0,16.06,15.5,15.62
FDP,1999-06-08,15.62,15.75,15.56,15.7
FDP,1999-06-09,15.75,16.25,15.56,16.12
FDP,1999-06-10,16.06,16.19,16.0,16.0
FDP,1999-06-11,16.0,16.06,15.56,15.62
FDP,1999-06-14,15.62,15.88,15.62,15.81
FDP,1999-06-15,15.75,15.94,15.75,15.94
FDP,1999-06-16,15.75,15.81,15.38,15.38
FDP,1999-06-17,15.5,15.5,14.94,15.0
FDP,1999-06-18,15.12,15.38,15.12,15.25
FDP,1999-06-21,15.25,15.5,15.19,15.25
FDP,1999-06-22,15.25,15.62,15.25,15.5
FDP,1999-06-23,15.44,15.56,15.25,15.25
FDP,1999-06-24,15.44,15.44,15.19,15.19
FDP,1999-06-25,15.19,15.19,14.94,15.12
FDP,1999-06-28,15.38,15.38,14.94,15.06
FDP,1999-06-29,14.94,15.0,14.56,14.69
FDP,1999-06-30,14.69,14.69,14.12,14.12
FDP,1999-07-01,14.12,14.19,13.5,13.88
FDP,1999-07-02,13.94,14.56,13.88,14.5
FDP,1999-07-06,14.56,15.5,14.56,15.12
FDP,1999-07-07,15.25,15.69,15.25,15.5
FDP,1999-07-08,15.69,15.69,15.0,15.12
FDP,1999-07-09,15.12,15.12,14.81,15.0
FDP,1999-07-12,15.06,15.06,15.0,15.06
FDP,1999-07-13,15.0,15.0,14.5,15.0
FDP,1999-07-14,15.12,15.38,14.81,15.31
FDP,1999-07-15,15.38,15.38,15.0,15.19
FDP,1999-07-16,15.25,15.25,15.0,15.06
FDP,1999-07-19,15.0,15.31,14.38,14.38
FDP,1999-07-20,14.5,14.88,14.5,14.69
FDP,1999-07-21,14.69,14.81,14.12,14.38
FDP,1999-07-22,14.25,14.69,14.25,14.44
FDP,1999-07-23,14.5,14.81,14.12,14.44
FDP,1999-07-26,14.38,14.5,14.06,14.19
FDP,1999-07-27,14.31,14.31,14.19,14.19
FDP,1999-07-28,14.25,14.25,14.06,14.25
FDP,1999-07-29,14.12,14.12,13.75,13.94
FDP,1999-07-30,14.0,14.19,13.69,14.19
FDP,1999-08-02,14.12,14.25,14.0,14.0
FDP,1999-08-03,14.0,14.06,13.88,14.0
FDP,1999-08-04,14.0,14.0,13.12,13.12
FDP,1999-08-05,13.25,13.38,13.0,13.0
FDP,1999-08-06,13.12,14.0,13.06,13.75
FDP,1999-08-09,14.12,14.25,13.75,13.94
FDP,1999-08-10,14.0,14.0,13.5,13.62
FDP,1999-08-11,13.75,13.94,13.69,13.69
FDP,1999-08-12,13.75,13.75,13.31,13.38
FDP,1999-08-13,13.5,13.5,13.31,13.31
FDP,1999-08-16,13.44,13.44,13.0,13.19
FDP,1999-08-17,13.06,13.25,12.94,13.25
FDP,1999-08-18,13.19,13.5,13.12,13.44
FDP,1999-08-19,13.31,13.31,13.0,13.06
FDP,1999-08-20,13.12,13.38,13.0,13.06
FDP,1999-08-23,13.06,14.19,13.06,14.19
FDP,1999-08-24,14.19,14.25,13.81,13.88
FDP,1999-08-25,13.94,14.0,13.62,13.62
FDP,1999-08-26,13.56,13.94,13.44,13.81
FDP,1999-08-27,13.81,13.94,13.06,13.25
FDP,1999-08-30,13.12,13.25,12.94,13.0
FDP,1999-08-31,13.12,13.38,12.88,13.06
FDP,1999-09-01,13.0,13.12,12.94,13.0
FDP,1999-09-02,13.0,13.0,12.75,12.88
FDP,1999-09-03,12.88,13.0,12.62,12.94
FDP,1999-09-07,12.94,12.94,12.69,12.81
FDP,1999-09-08,12.69,12.94,12.62,12.88
FDP,1999-09-09,12.81,12.81,12.56,12.56
FDP,1999-09-10,12.56,12.81,12.5,12.69
FDP,1999-09-13,12.62,12.69,12.56,12.62
FDP,1999-09-14,12.69,12.69,12.5,12.5
FDP,1999-09-15,12.56,12.62,12.5,12.56
FDP,1999-09-16,12.62,12.62,12.12,12.19
FDP,1999-09-17,12.31,12.31,12.12,12.19
FDP,1999-09-20,12.06,12.44,11.88,12.38
FDP,1999-09-21,12.25,12.38,12.0,12.12
FDP,1999-09-22,12.0,12.0,11.88,11.94
FDP,1999-09-23,11.88,11.88,11.38,11.5
FDP,1999-09-24,11.44,11.56,11.25,11.25
FDP,1999-09-27,11.12,11.25,10.5,10.88
FDP,1999-09-28,10.81,11.31,10.81,11.31
FDP,1999-09-29,11.25,11.25,11.06,11.12
FDP,1999-09-30,11.12,11.31,11.12,11.19
FDP,1999-10-01,11.06,11.12,11.0,11.12
FDP,1999-10-04,11.38,11.38,11.06,11.06
FDP,1999-10-05,11.12,11.12,11.0,11.0
FDP,1999-10-06,11.0,11.12,10.88,10.94
FDP,1999-10-07,11.0,11.0,10.75,10.88
FDP,1999-10-08,11.0,11.0,10.44,10.56
FDP,1999-10-11,10.62,10.62,10.25,10.38
FDP,1999-10-12,10.38,10.5,10.31,10.38
FDP,1999-10-13,10.38,10.5,10.38,10.44
FDP,1999-10-14,10.31,10.38,9.12,10.0
FDP,1999-10-15,9.88,9.94,9.25,9.56
FDP,1999-10-18,9.5,9.75,9.5,9.62
FDP,1999-10-19,9.75,9.88,9.5,9.62
FDP,1999-10-20,9.62,9.81,9.56,9.81
FDP,1999-10-21,9.69,9.69,7.75,8.88
FDP,1999-10-22,8.94,8.94,8.56,8.75
FDP,1999-10-25,8.62,8.69,8.38,8.56
FDP,1999-10-26,8.62,8.69,7.75,7.75
FDP,1999-10-27,7.81,8.5,7.81,8.38
FDP,1999-10-28,8.5,8.5,8.25,8.5
FDP,1999-10-29,8.5,8.5,7.88,8.44
FDP,1999-11-01,8.38,8.44,8.31,8.44
FDP,1999-11-02,8.31,9.62,8.06,9.31
FDP,1999-11-03,9.38,9.56,9.0,9.31
FDP,1999-11-04,9.25,9.38,9.0,9.06
FDP,1999-11-05,9.12,9.19,9.06,9.12
FDP,1999-11-08,9.12,9.19,8.88,8.88
FDP,1999-11-09,8.88,8.94,8.38,8.62
FDP,1999-11-10,8.38,8.69,8.38,8.5
FDP,1999-11-11,8.38,8.5,8.0,8.12
FDP,1999-11-12,8.19,8.44,7.94,8.44
FDP,1999-11-15,8.44,8.5,8.12,8.31
FDP,1999-11-16,8.06,8.56,8.06,8.56
FDP,1999-11-17,8.62,8.88,7.88,8.25
FDP,1999-11-18,8.31,8.38,7.88,7.94
FDP,1999-11-19,7.94,8.0,7.88,8.0
FDP,1999-11-22,7.94,8.56,7.94,8.19
FDP,1999-11-23,8.25,8.25,7.94,8.12
FDP,1999-11-24,8.12,8.5,8.12,8.5
FDP,1999-11-26,8.62,8.62,8.5,8.56
FDP,1999-11-29,8.56,8.69,8.12,8.62
FDP,1999-11-30,8.31,8.31,8.0,8.19
FDP,1999-12-01,8.19,8.38,8.06,8.12
FDP,1999-12-02,8.12,8.12,8.0,8.06
FDP,1999-12-03,8.12,8.19,8.06,8.19
FDP,1999-12-06,8.19,8.19,7.88,8.12
FDP,1999-12-07,8.19,8.19,7.62,7.88
FDP,1999-12-08,7.88,7.88,7.56,7.81
FDP,1999-12-09,7.81,7.81,7.44,7.56
FDP,1999-12-10,7.62,7.75,7.31,7.75
FDP,1999-12-13,7.88,7.88,7.38,7.38
FDP,1999-12-14,7.31,7.38,7.0,7.19
FDP,1999-12-15,7.25,7.25,6.94,7.12
FDP,1999-12-16,7.06,7.06,6.31,6.31
FDP,1999-12-17,6.5,8.0,6.5,7.5
FDP,1999-12-20,7.5,8.5,7.31,8.31
FDP,1999-12-21,8.31,8.69,8.25,8.38
FDP,1999-12-22,8.25,8.44,8.0,8.31
FDP,1999-12-23,8.19,8.25,7.69,7.88
FDP,1999-12-27,7.81,8.0,7.81,7.94
FDP,1999-12-28,7.88,7.94,7.56,7.94
FDP,1999-12-29,7.81,8.38,7.56,8.25
FDP,1999-12-30,8.12,8.69,7.88,8.69
FDP,1999-12-31,8.56,9.25,8.56,9.0
FDP,2000-01-03,9.06,9.06,8.69,9.0
FDP,2000-01-04,8.5,8.94,8.5,8.88
FDP,2000-01-05,8.88,8.88,8.38,8.5
FDP,2000-01-06,8.5,9.75,8.25,9.75
FDP,2000-01-07,9.62,9.62,9.12,9.31
FDP,2000-01-10,9.25,9.5,9.0,9.0
FDP,2000-01-11,9.12,9.12,8.62,8.62
FDP,2000-01-12,8.62,8.75,8.25,8.62
FDP,2000-01-13,8.69,8.75,8.62,8.75
FDP,2000-01-14,8.75,9.44,8.75,9.31
FDP,2000-01-18,9.25,9.25,8.88,9.0
FDP,2000-01-19,9.06,9.06,8.94,9.0
FDP,2000-01-20,8.75,8.75,8.62,8.75
FDP,2000-01-21,8.69,9.06,8.62,8.88
FDP,2000-01-24,9.0,9.06,8.81,9.0
FDP,2000-01-25,9.0,9.12,8.69,8.69
FDP,2000-01-26,8.69,8.69,8.19,8.56
FDP,2000-01-27,8.5,8.5,8.12,8.19
FDP,2000-01-28,8.12,8.12,7.75,7.88
FDP,2000-01-31,7.81,7.94,7.75,7.94
FDP,2000-02-01,7.94,8.06,7.81,8.0
FDP,2000-02-02,8.0,8.0,7.62,7.94
FDP,2000-02-03,8.0,8.0,7.75,7.94
FDP,2000-02-04,7.94,7.94,7.44,7.88
FDP,2000-02-07,7.94,7.94,7.56,7.88
FDP,2000-02-08,7.94,7.94,7.69,7.81
FDP,2000-02-09,7.75,7.81,7.5,7.69
FDP,2000-02-10,7.62,7.88,7.56,7.75
FDP,2000-02-11,7.62,7.75,7.56,7.69
FDP,2000-02-14,7.62,7.81,7.31,7.75
FDP,2000-02-15,7.88,8.62,7.88,8.38
FDP,2000-02-16,8.31,8.44,7.44,7.81
FDP,2000-02-17,8.0,8.25,7.75,7.88
FDP,2000-02-18,7.88,8.12,7.25,7.69
FDP,2000-02-22,7.69,7.75,7.31,7.44
FDP,2000-02-23,7.44,7.94,7.44,7.5
FDP,2000-02-24,7.5,7.62,7.44,7.62
FDP,2000-02-25,7.69,7.75,7.56,7.62
FDP,2000-02-28,7.5,7.75,7.5,7.62
FDP,2000-02-29,7.75,7.75,7.56,7.56
FDP,2000-03-01,7.5,7.94,7.44,7.88
FDP,2000-03-02,7.75,7.94,7.62,7.81
FDP,2000-03-03,7.81,8.75,7.81,8.62
FDP,2000-03-06,8.75,8.88,8.31,8.56
FDP,2000-03-07,8.44,9.06,8.19,8.44
FDP,2000-03-08,8.5,8.75,8.06,8.06
FDP,2000-03-09,8.12,8.12,7.5,7.5
FDP,2000-03-10,7.56,7.75,7.38,7.38
FDP,2000-03-13,7.44,7.62,7.38,7.5
FDP,2000-03-14,7.62,7.75,7.19,7.62
FDP,2000-03-15,7.62,7.62,7.31,7.38
FDP,2000-03-16,7.5,7.75,7.44,7.62
FDP,2000-03-17,7.75,7.75,7.12,7.19
FDP,2000-03-20,7.25,7.44,7.19,7.25
FDP,2000-03-21,7.19,7.38,7.19,7.31
FDP,2000-03-22,7.31,7.31,6.75,6.75
FDP,2000-03-23,6.88,7.44,6.81,7.44
FDP,2000-03-24,7.44,7.62,7.44,7.44
FDP,2000-03-27,7.31,7.69,7.31,7.5
FDP,2000-03-28,7.56,8.0,7.56,7.75
FDP,2000-03-29,7.75,8.44,7.75,8.06
FDP,2000-03-30,8.06,8.25,7.88,8.19
FDP,2000-03-31,8.12,8.81,8.12,8.5
FDP,2000-04-03,8.5,8.81,8.5,8.81
FDP,2000-04-04,8.81,9.0,8.75,8.81
FDP,2000-04-05,8.88,9.62,8.88,9.62
FDP,2000-04-06,9.75,9.94,9.69,9.94
FDP,2000-04-07,9.94,9.94,9.12,9.19
FDP,2000-04-10,9.31,9.31,8.88,9.0
FDP,2000-04-11,9.0,9.0,8.38,8.56
FDP,2000-04-12,8.69,8.81,8.38,8.62
FDP,2000-04-13,8.75,8.81,8.44,8.5
FDP,2000-04-14,8.44,8.5,7.94,8.06
FDP,2000-04-17,7.94,7.94,7.5,7.5
FDP,2000-04-18,7.5,8.0,7.5,8.0
FDP,2000-04-19,8.12,8.5,7.88,8.31
FDP,2000-04-20,8.25,8.38,8.06,8.19
FDP,2000-04-24,8.25,8.44,8.12,8.19
FDP,2000-04-25,8.25,8.5,8.19,8.31
FDP,2000-04-26,8.25,8.44,8.12,8.19
FDP,2000-04-27,8.12,8.31,7.62,8.25
FDP,2000-04-28,8.25,8.5,8.25,8.44
FDP,2000-05-01,8.56,9.25,8.44,9.25
FDP,2000-05-02,9.12,9.12,8.5,8.5
FDP,2000-05-03,8.5,9.0,8.5,9.0
FDP,2000-05-04,9.0,9.12,8.44,8.5
FDP,2000-05-05,8.5,8.69,8.31,8.5
FDP,2000-05-08,8.5,8.5,8.25,8.5
FDP,2000-05-09,8.5,8.5,8.06,8.06
FDP,2000-05-10,8.19,8.19,7.06,7.88
FDP,2000-05-11,8.0,8.0,7.75,7.88
FDP,2000-05-12,7.75,8.0,7.75,8.0
FDP,2000-05-15,8.06,8.06,7.75,7.94
FDP,2000-05-16,7.94,8.0,7.44,7.44
FDP,2000-05-17,7.5,8.0,7.38,8.0
FDP,2000-05-18,8.06,8.06,7.69,7.69
FDP,2000-05-19,7.62,7.69,7.44,7.5
FDP,2000-05-22,7.5,7.62,7.38,7.44
FDP,2000-05-23,7.5,7.5,7.25,7.44
FDP,2000-05-24,7.5,7.62,7.38,7.38
FDP,2000-05-25,7.38,7.5,7.38,7.38
FDP,2000-05-26,7.38,7.38,7.0,7.25
FDP,2000-05-30,7.25,7.31,7.12,7.25
FDP,2000-05-31,7.25,7.38,7.19,7.25
FDP,2000-06-01,7.25,7.44,7.25,7.44
FDP,2000-06-02,7.5,7.75,7.25,7.62
FDP,2000-06-05,7.75,8.0,7.69,8.0
FDP,2000-06-06,8.0,8.12,7.88,8.0
FDP,2000-06-07,7.94,7.94,7.88,7.88
FDP,2000-06-08,7.88,7.88,7.56,7.69
FDP,2000-06-09,7.62,7.62,7.44,7.5
FDP,2000-06-12,7.38,7.5,7.12,7.31
FDP,2000-06-13,7.25,7.5,7.25,7.38
FDP,2000-06-14,7.44,7.44,7.12,7.12
FDP,2000-06-15,7.12,7.12,7.0,7.0
FDP,2000-06-16,7.12,7.25,7.0,7.06
FDP,2000-06-19,7.0,7.0,6.75,7.0
FDP,2000-06-20,7.06,7.12,6.81,7.0
FDP,2000-06-21,7.0,7.12,6.88,7.0
FDP,2000-06-22,6.88,7.0,6.88,7.0
FDP,2000-06-23,7.0,7.0,6.81,6.81
FDP,2000-06-26,6.75,6.94,6.5,6.56
FDP,2000-06-27,6.69,6.69,6.5,6.62
FDP,2000-06-28,6.62,6.62,6.5,6.56
FDP,2000-06-29,6.25,7.56,6.06,7.25
FDP,2000-06-30,7.12,7.12,6.75,6.88
FDP,2000-07-03,7.0,7.06,6.81,7.0
FDP,2000-07-05,7.06,7.06,6.81,7.0
FDP,2000-07-06,7.0,7.0,6.56,6.62
FDP,2000-07-07,6.56,6.69,6.5,6.69
FDP,2000-07-10,6.56,6.75,6.25,6.75
FDP,2000-07-11,6.75,6.75,6.38,6.56
FDP,2000-07-12,6.62,6.62,6.38,6.38
FDP,2000-07-13,6.25,6.44,6.06,6.19
FDP,2000-07-14,6.25,6.25,6.12,6.19
FDP,2000-07-17,6.25,6.25,6.06,6.06
FDP,2000-07-18,6.06,6.19,6.0,6.19
FDP,2000-07-19,6.19,6.19,6.12,6.12
FDP,2000-07-20,6.19,6.19,6.12,6.12
FDP,2000-07-21,6.19,6.19,6.06,6.12
FDP,2000-07-24,6.12,6.25,6.12,6.12
FDP,2000-07-25,6.06,6.12,6.0,6.06
FDP,2000-07-26,6.0,6.12,5.81,6.12
FDP,2000-07-27,6.0,6.12,5.88,6.12
FDP,2000-07-28,6.0,6.06,6.0,6.06
FDP,2000-07-31,6.12,6.25,5.94,6.25
FDP,2000-08-01,6.25,6.25,6.0,6.06
FDP,2000-08-02,6.06,6.19,6.06,6.12
FDP,2000-08-03,6.06,6.12,5.94,5.94
FDP,2000-08-04,6.06,6.06,5.88,5.94
FDP,2000-08-07,5.88,5.94,5.75,5.81
FDP,2000-08-08,5.75,5.88,5.75,5.88
FDP,2000-08-09,5.94,5.94,5.81,5.94
FDP,2000-08-10,5.88,6.06,5.88,5.94
FDP,2000-08-11,6.0,6.0,5.75,5.88
FDP,2000-08-14,5.88,6.0,5.81,5.81
FDP,2000-08-15,5.88,6.12,5.81,6.12
FDP,2000-08-16,6.0,6.06,5.88,5.94
FDP,2000-08-17,5.94,6.0,5.88,5.94
FDP,2000-08-18,5.94,6.0,5.62,5.94
FDP,2000-08-21,5.94,6.06,5.94,6.0
FDP,2000-08-22,6.06,6.12,5.75,5.94
FDP,2000-08-23,5.88,6.0,5.88,5.94
FDP,2000-08-24,6.0,6.06,5.88,5.94
FDP,2000-08-25,5.88,5.94,5.88,5.88
FDP,2000-08-28,5.88,6.0,5.88,5.94
FDP,2000-08-29,5.94,6.0,5.88,5.94
FDP,2000-08-30,6.0,6.0,5.94,5.94
FDP,2000-08-31,5.94,5.94,5.88,5.88
FDP,2000-09-01,5.88,6.0,5.88,5.94
FDP,2000-09-05,6.0,6.0,5.94,6.0
FDP,2000-09-06,5.94,5.94,5.88,5.94
FDP,2000-09-07,5.88,5.94,5.88,5.94
FDP,2000-09-08,5.88,6.0,5.88,5.94
FDP,2000-09-11,6.0,6.0,5.88,5.88
FDP,2000-09-12,5.88,5.94,5.81,5.81
FDP,2000-09-13,5.81,5.94,5.75,5.88
FDP,2000-09-14,5.88,5.88,5.81,5.88
FDP,2000-09-15,5.94,5.94,5.75,5.81
FDP,2000-09-18,5.88,5.88,5.69,5.75
FDP,2000-09-19,5.81,5.94,5.75,5.75
FDP,2000-09-20,5.88,5.88,5.75,5.75
FDP,2000-09-21,5.75,5.81,5.69,5.69
FDP,2000-09-22,5.62,5.94,5.56,5.88
FDP,2000-09-25,5.88,6.12,5.69,6.12
FDP,2000-09-26,6.0,6.0,5.69,5.69
FDP,2000-09-27,5.75,5.81,5.62,5.75
FDP,2000-09-28,6.0,6.12,5.38,5.5
FDP,2000-09-29,5.75,6.56,5.62,6.56
FDP,2000-10-02,6.44,6.44,5.62,5.62
FDP,2000-10-03,5.56,5.62,5.12,5.56
FDP,2000-10-04,5.44,5.5,5.06,5.31
FDP,2000-10-05,5.25,5.25,4.75,4.94
FDP,2000-10-06,4.88,5.0,4.75,4.75
FDP,2000-10-09,4.81,4.81,4.25,4.44
FDP,2000-10-10,4.5,4.5,4.25,4.38
FDP,2000-10-11,4.38,4.44,4.31,4.38
FDP,2000-10-12,4.31,4.38,4.0,4.0
FDP,2000-10-13,4.0,4.12,4.0,4.12
FDP,2000-10-16,4.12,4.12,4.0,4.0
FDP,2000-10-17,4.12,4.12,3.69,3.94
FDP,2000-10-18,3.88,3.88,3.38,3.81
FDP,2000-10-19,3.69,4.06,3.56,3.62
FDP,2000-10-20,3.88,3.88,3.62,3.62
FDP,2000-10-23,3.69,3.88,3.62,3.75
FDP,2000-10-24,3.62,3.94,3.62,3.81
FDP,2000-10-25,3.94,4.0,3.94,3.94
FDP,2000-10-26,3.94,4.06,3.94,3.94
FDP,2000-10-27,3.88,4.0,3.88,4.0
FDP,2000-10-30,3.94,4.0,3.88,4.0
FDP,2000-10-31,4.0,4.0,3.88,3.94
FDP,2000-11-01,4.0,5.06,3.94,5.06
FDP,2000-11-02,4.94,4.94,4.19,4.62
FDP,2000-11-03,4.5,4.75,4.5,4.62
FDP,2000-11-06,4.56,5.56,4.56,5.25
FDP,2000-11-07,5.38,5.38,5.06,5.06
FDP,2000-11-08,5.06,5.06,4.88,4.94
FDP,2000-11-09,5.06,5.06,4.62,4.75
FDP,2000-11-10,4.75,4.94,4.69,4.88
FDP,2000-11-13,4.75,4.88,4.5,4.5
FDP,2000-11-14,4.62,5.56,4.62,5.56
FDP,2000-11-15,5.56,5.56,4.81,5.25
FDP,2000-11-16,5.38,5.44,4.81,4.94
FDP,2000-11-17,5.0,5.19,4.81,5.12
FDP,2000-11-20,5.0,5.0,4.75,4.75
FDP,2000-11-21,4.62,4.62,4.38,4.56
FDP,2000-11-22,4.62,4.88,4.62,4.81
FDP,2000-11-24,4.75,4.81,4.5,4.75
FDP,2000-11-27,4.62,4.75,4.25,4.69
FDP,2000-11-28,4.56,4.75,4.25,4.31
FDP,2000-11-29,4.31,4.62,4.31,4.56
FDP,2000-11-30,4.44,4.44,4.25,4.31
FDP,2000-12-01,4.31,4.56,4.31,4.31
FDP,2000-12-04,4.44,4.44,4.25,4.31
FDP,2000-12-05,4.38,4.38,3.94,4.12
FDP,2000-12-06,4.12,4.19,4.06,4.12
FDP,2000-12-07,4.06,4.31,4.06,4.31
FDP,2000-12-08,4.38,4.56,4.38,4.38
FDP,2000-12-11,4.38,4.5,4.31,4.31
FDP,2000-12-12,4.38,4.44,4.31,4.38
FDP,2000-12-13,4.38,4.38,4.19,4.19
FDP,2000-12-14,4.25,4.25,4.06,4.12
FDP,2000-12-15,4.12,4.25,4.06,4.19
FDP,2000-12-18,4.12,4.25,4.06,4.25
FDP,2000-12-19,4.31,4.44,4.06,4.12
FDP,2000-12-20,4.0,4.06,3.88,4.0
FDP,2000-12-21,4.0,4.12,3.75,3.88
FDP,2000-12-22,4.0,4.0,3.75,4.0
FDP,2000-12-26,3.94,4.06,3.94,3.94
FDP,2000-12-27,4.06,4.12,3.94,4.12
FDP,2000-12-28,4.06,4.5,4.06,4.44
FDP,2000-12-29,4.38,4.62,4.38,4.5
FDP,2001-01-02,4.56,4.81,4.56,4.75
FDP,2001-01-03,4.88,5.5,4.88,5.5
FDP,2001-01-04,5.62,5.75,5.25,5.38
FDP,2001-01-05,5.25,5.75,5.12,5.75
FDP,2001-01-08,5.69,5.69,5.38,5.38
FDP,2001-01-09,5.38,5.88,5.38,5.75
FDP,2001-01-10,5.62,5.75,5.44,5.56
FDP,2001-01-11,5.62,5.75,5.5,5.56
FDP,2001-01-12,5.62,5.88,5.62,5.75
FDP,2001-01-16,5.88,5.88,5.56,5.69
FDP,2001-01-17,5.69,6.38,5.69,6.31
FDP,2001-01-18,6.5,6.5,6.12,6.12
FDP,2001-01-19,6.25,6.31,5.81,5.88
FDP,2001-01-22,5.88,6.0,5.88,5.94
FDP,2001-01-23,5.81,6.31,5.81,6.25
FDP,2001-01-24,6.19,6.19,6.0,6.12
FDP,2001-01-25,6.0,6.0,5.81,5.81
FDP,2001-01-26,5.69,6.06,5.69,6.0
FDP,2001-01-29,6.0,6.0,5.9,5.95
FDP,2001-01-30,6.05,6.12,6.02,6.02
FDP,2001-01-31,6.0,6.13,6.0,6.13
FDP,2001-02-01,6.13,7.29,6.13,7.2
FDP,2001-02-02,7.25,7.5,7.25,7.49
FDP,2001-02-05,7.75,8.89,7.7,7.8
FDP,2001-02-06,7.9,8.05,7.44,7.47
FDP,2001-02-07,7.57,7.8,7.5,7.75
FDP,2001-02-08,7.75,7.85,7.75,7.84
FDP,2001-02-09,7.94,7.99,7.3,7.3
FDP,2001-02-12,7.4,7.45,7.2,7.32
FDP,2001-02-13,7.22,7.22,6.7,6.97
FDP,2001-02-14,6.97,6.97,6.7,6.89
FDP,2001-02-15,7.2,7.68,7.2,7.67
FDP,2001-02-16,7.67,7.67,7.16,7.25
FDP,2001-02-20,7.3,7.3,7.15,7.29
FDP,2001-02-21,7.39,7.5,7.11,7.3
FDP,2001-02-22,7.3,7.5,7.15,7.49
FDP,2001-02-23,7.5,7.5,7.01,7.45
FDP,2001-02-26,7.3,7.59,7.3,7.59
FDP,2001-02-27,7.65,7.65,7.5,7.5
FDP,2001-02-28,7.5,7.75,7.5,7.75
FDP,2001-03-01,7.75,8.15,7.7,8.0
FDP,2001-03-02,7.96,7.96,7.76,7.81
FDP,2001-03-05,7.8,7.85,7.7,7.76
FDP,2001-03-06,7.7,7.75,7.6,7.67
FDP,2001-03-07,7.65,7.75,7.46,7.7
FDP,2001-03-08,7.7,7.7,7.52,7.65
FDP,2001-03-09,7.6,7.68,7.26,7.54
FDP,2001-03-12,7.64,7.64,7.25,7.25
FDP,2001-03-13,7.3,7.4,7.15,7.4
FDP,2001-03-14,7.4,7.4,7.25,7.25
FDP,2001-03-15,7.2,7.2,6.8,6.81
FDP,2001-03-16,6.85,6.86,6.77,6.77
FDP,2001-03-19,6.87,6.87,6.41,6.75
FDP,2001-03-20,6.78,7.25,6.68,7.0
FDP,2001-03-21,6.95,6.95,6.7,6.8
FDP,2001-03-22,6.75,6.75,6.25,6.32
FDP,2001-03-23,6.4,6.4,6.31,6.36
FDP,2001-03-26,6.39,6.45,6.25,6.31
FDP,2001-03-27,6.4,6.46,6.28,6.28
FDP,2001-03-28,6.28,6.5,6.15,6.4
FDP,2001-03-29,6.35,6.35,6.02,6.02
FDP,2001-03-30,6.09,6.11,5.9,6.05
FDP,2001-04-02,6.15,6.49,6.1,6.18
FDP,2001-04-03,6.08,6.14,6.0,6.0
FDP,2001-04-04,6.01,6.05,5.98,6.0
FDP,2001-04-05,6.0,6.05,5.99,6.0
FDP,2001-04-06,6.0,6.0,5.95,5.99
FDP,2001-04-09,6.0,6.1,5.95,6.0
FDP,2001-04-10,6.09,6.3,6.05,6.3
FDP,2001-04-11,6.4,6.5,6.05,6.35
FDP,2001-04-12,6.35,6.45,6.05,6.05
FDP,2001-04-16,6.0,6.1,5.75,6.0
FDP,2001-04-17,6.0,6.1,5.8,6.0
FDP,2001-04-18,6.0,6.32,6.0,6.3
FDP,2001-04-19,6.31,6.5,6.3,6.48
FDP,2001-04-20,6.5,6.5,6.35,6.49
FDP,2001-04-23,6.45,6.46,6.35,6.35
FDP,2001-04-24,6.3,6.58,6.3,6.58
FDP,2001-04-25,6.52,6.75,6.45,6.6
FDP,2001-04-26,6.7,6.7,6.36,6.4
FDP,2001-04-27,6.4,6.91,6.4,6.91
FDP,2001-04-30,6.88,6.99,6.72,6.8
FDP,2001-05-01,6.85,6.9,6.61,6.8
FDP,2001-05-02,6.85,6.97,6.7,6.85
FDP,2001-05-03,6.95,7.65,6.95,7.4
FDP,2001-05-04,7.41,7.9,7.3,7.72
FDP,2001-05-07,7.82,8.4,7.82,8.1
FDP,2001-05-08,8.2,8.48,8.15,8.37
FDP,2001-05-09,8.4,8.49,8.1,8.2
FDP,2001-05-10,8.2,8.45,8.2,8.39
FDP,2001-05-11,8.4,8.5,8.31,8.41
FDP,2001-05-14,8.44,8.6,8.31,8.51
FDP,2001-05-15,8.61,8.71,8.56,8.6
FDP,2001-05-16,8.6,9.45,8.5,9.3
FDP,2001-05-17,9.2,10.1,9.03,10.0
FDP,2001-05-18,9.95,10.05,9.5,9.5
FDP,2001-05-21,9.4,9.75,9.35,9.75
FDP,2001-05-22,9.85,10.15,9.85,10.09
FDP,2001-05-23,10.3,10.3,10.15,10.17
FDP,2001-05-24,10.27,10.45,10.01,10.06
FDP,2001-05-25,9.96,10.0,9.88,9.97
FDP,2001-05-29,9.9,10.0,9.85,9.95
FDP,2001-05-30,9.95,10.25,9.91,9.99
FDP,2001-05-31,10.25,11.0,10.25,11.0
FDP,2001-06-01,11.0,11.0,10.45,10.63
FDP,2001-06-04,10.53,10.67,10.15,10.35
FDP,2001-06-05,10.29,10.51,10.29,10.45
FDP,2001-06-06,10.45,10.45,10.05,10.1
FDP,2001-06-07,10.0,10.05,9.11,9.11
FDP,2001-06-08,9.1,9.24,9.1,9.24
FDP,2001-06-11,9.01,9.01,8.55,8.84
FDP,2001-06-12,8.78,9.12,8.75,9.12
FDP,2001-06-13,9.22,9.4,9.21,9.3
FDP,2001-06-14,9.29,9.29,9.1,9.17
FDP,2001-06-15,9.17,9.17,9.0,9.01
FDP,2001-06-18,9.1,10.0,9.1,10.0
FDP,2001-06-19,10.3,10.5,10.0,10.3
FDP,2001-06-20,10.25,10.5,10.1,10.35
FDP,2001-06-21,10.25,10.38,10.05,10.05
FDP,2001-06-22,10.14,10.65,10.14,10.35
FDP,2001-06-25,10.75,10.75,10.4,10.4
FDP,2001-06-26,10.41,10.55,10.3,10.55
FDP,2001-06-27,10.45,11.08,10.39,11.0
FDP,2001-06-28,10.9,11.0,10.35,10.7
FDP,2001-06-29,10.68,11.03,10.65,11.03
FDP,2001-07-02,11.1,11.15,10.81,10.85
FDP,2001-07-03,10.7,10.83,10.7,10.71
FDP,2001-07-05,10.71,10.9,10.6,10.7
FDP,2001-07-06,10.65,10.83,10.55,10.58
FDP,2001-07-09,10.68,10.78,10.6,10.75
FDP,2001-07-10,10.7,10.82,10.5,10.75
FDP,2001-07-11,10.7,11.44,10.46,11.3
FDP,2001-07-12,11.54,12.12,11.5,11.6
FDP,2001-07-13,11.5,11.7,11.04,11.15
FDP,2001-07-16,11.05,11.22,10.91,11.15
FDP,2001-07-17,11.05,12.25,10.95,12.1
FDP,2001-07-18,12.0,12.5,12.0,12.1
FDP,2001-07-19,12.2,12.5,12.0,12.01
FDP,2001-07-20,12.15,12.4,11.95,12.4
FDP,2001-07-23,12.39,12.45,12.25,12.35
FDP,2001-07-24,12.35,12.5,12.05,12.12
FDP,2001-07-25,12.12,12.45,12.1,12.11
FDP,2001-07-26,12.05,12.05,11.61,12.05
FDP,2001-07-27,12.01,12.11,11.71,11.8
FDP,2001-07-30,11.79,12.02,11.66,11.95
FDP,2001-07-31,11.85,12.25,11.6,11.95
FDP,2001-08-01,12.0,12.75,12.0,12.75
FDP,2001-08-02,13.5,13.85,13.25,13.56
FDP,2001-08-03,13.65,13.85,13.38,13.45
FDP,2001-08-06,13.55,13.85,13.3,13.3
FDP,2001-08-07,13.3,13.4,13.0,13.15
FDP,2001-08-08,12.7,13.3,12.7,13.07
FDP,2001-08-09,13.01,13.08,12.81,13.08
FDP,2001-08-10,12.98,13.07,12.85,13.06
FDP,2001-08-13,13.09,13.09,12.82,12.9
FDP,2001-08-14,12.8,13.1,12.73,13.08
FDP,2001-08-15,13.18,13.34,13.0,13.24
FDP,2001-08-16,13.25,13.25,13.1,13.19
FDP,2001-08-17,13.19,13.24,13.05,13.15
FDP,2001-08-20,13.15,13.55,13.12,13.53
FDP,2001-08-21,13.49,13.94,13.4,13.71
FDP,2001-08-22,13.75,13.98,13.75,13.98
FDP,2001-08-23,13.98,14.24,13.5,13.5
FDP,2001-08-24,13.5,14.0,13.5,13.5
FDP,2001-08-27,13.5,13.8,13.5,13.7
FDP,2001-08-28,13.7,13.9,13.7,13.7
FDP,2001-08-29,13.75,14.2,13.6,14.1
FDP,2001-08-30,14.05,14.48,14.05,14.4
FDP,2001-08-31,14.33,14.85,14.3,14.85
FDP,2001-09-04,14.95,14.95,14.25,14.47
FDP,2001-09-05,14.49,14.57,14.3,14.3
FDP,2001-09-06,14.42,14.45,14.3,14.37
FDP,2001-09-07,14.35,15.95,14.35,15.18
FDP,2001-09-10,15.2,15.3,14.9,15.3
FDP,2001-09-17,14.4,14.4,12.95,13.2
FDP,2001-09-18,13.15,14.2,13.07,13.82
FDP,2001-09-19,13.82,14.0,13.4,13.6
FDP,2001-09-20,13.5,13.5,11.45,11.54
FDP,2001-09-21,10.15,11.65,10.1,11.6
FDP,2001-09-24,11.85,12.55,11.85,12.2
FDP,2001-09-25,12.25,13.1,12.15,12.95
FDP,2001-09-26,12.98,12.99,12.25,12.4
FDP,2001-09-27,12.41,12.55,12.0,12.39
FDP,2001-09-28,13.0,13.1,12.75,12.96
FDP,2001-10-01,12.96,13.0,12.42,12.55
FDP,2001-10-02,12.56,13.2,12.56,13.06
FDP,2001-10-03,13.07,13.31,13.0,13.0
FDP,2001-10-04,13.0,13.28,12.99,12.99
FDP,2001-10-05,13.05,13.16,12.56,12.66
FDP,2001-10-08,12.67,12.8,12.6,12.77
FDP,2001-10-09,12.75,13.0,12.7,12.98
FDP,2001-10-10,12.97,13.41,12.95,13.25
FDP,2001-10-11,13.25,13.82,13.2,13.23
FDP,2001-10-12,13.2,13.23,12.74,12.85
FDP,2001-10-15,12.95,13.19,12.89,12.91
FDP,2001-10-16,12.91,12.99,12.88,12.95
FDP,2001-10-17,12.96,13.04,12.7,12.78
FDP,2001-10-18,12.73,13.0,12.7,12.95
FDP,2001-10-19,12.95,12.95,12.16,12.5
FDP,2001-10-22,12.5,12.64,12.0,12.26
FDP,2001-10-23,12.36,12.55,12.25,12.32
FDP,2001-10-24,12.22,12.49,12.22,12.39
FDP,2001-10-25,12.5,13.3,11.69,11.9
FDP,2001-10-26,11.95,12.35,11.92,12.35
FDP,2001-10-29,12.35,12.85,12.35,12.8
FDP,2001-10-30,12.9,13.3,12.78,13.07
FDP,2001-10-31,14.0,14.0,13.07,13.15
FDP,2001-11-01,13.2,13.2,13.0,13.05
FDP,2001-11-02,13.02,13.12,12.85,12.86
FDP,2001-11-05,12.85,13.29,12.85,13.28
FDP,2001-11-06,13.27,13.27,13.0,13.16
FDP,2001-11-07,13.1,13.65,13.01,13.3
FDP,2001-11-08,13.2,13.28,12.92,12.99
FDP,2001-11-09,13.15,13.65,13.05,13.33
FDP,2001-11-12,13.35,13.35,13.02,13.19
FDP,2001-11-13,13.1,13.36,13.1,13.1
FDP,2001-11-14,13.15,13.15,12.5,12.81
FDP,2001-11-15,12.82,13.0,12.81,12.97
FDP,2001-11-16,12.96,12.99,12.81,12.95
FDP,2001-11-19,12.97,12.99,12.7,12.7
FDP,2001-11-20,12.8,12.95,12.45,12.51
FDP,2001-11-21,12.61,12.9,12.6,12.85
FDP,2001-11-23,12.87,12.99,12.87,12.99
FDP,2001-11-26,12.99,13.0,12.65,12.9
FDP,2001-11-27,12.95,12.95,12.75,12.75
FDP,2001-11-28,12.55,12.85,12.55,12.75
FDP,2001-11-29,12.85,13.05,12.75,12.97
FDP,2001-11-30,12.98,14.0,12.97,13.69
FDP,2001-12-03,13.75,14.15,13.71,13.82
FDP,2001-12-04,13.89,13.93,13.7,13.85
FDP,2001-12-05,13.9,13.99,13.62,13.9
FDP,2001-12-06,13.9,14.0,13.79,13.98
FDP,2001-12-07,13.95,14.3,13.95,14.27
FDP,2001-12-10,14.29,14.6,14.25,14.31
FDP,2001-12-11,14.25,14.55,14.25,14.35
FDP,2001-12-12,14.35,14.4,14.26,14.31
FDP,2001-12-13,14.31,14.49,14.3,14.44
FDP,2001-12-14,14.44,14.49,14.25,14.29
FDP,2001-12-17,14.29,14.7,14.29,14.61
FDP,2001-12-18,14.7,14.98,14.65,14.83
FDP,2001-12-19,14.73,15.14,14.73,14.81
FDP,2001-12-20,14.85,14.86,14.7,14.7
FDP,2001-12-21,14.65,14.95,14.3,14.31
FDP,2001-12-24,14.25,14.31,14.15,14.25
FDP,2001-12-26,14.2,14.9,14.2,14.84
FDP,2001-12-27,14.85,15.11,14.85,15.0
FDP,2001-12-28,15.05,15.14,14.92,15.02
FDP,2001-12-31,14.95,15.2,14.82,15.05
FDP,2002-01-02,15.05,15.07,14.85,14.89
FDP,2002-01-03,14.89,14.98,14.84,14.89
FDP,2002-01-04,14.94,14.94,14.6,14.62
FDP,2002-01-07,14.62,14.62,13.5,13.7
FDP,2002-01-08,13.79,14.35,13.78,13.95
FDP,2002-01-09,13.96,14.5,13.95,14.49
FDP,2002-01-10,14.49,14.49,14.0,14.09
FDP,2002-01-11,14.09,14.09,13.94,13.97
FDP,2002-01-14,14.0,14.18,13.7,13.7
FDP,2002-01-15,13.8,14.4,13.8,14.3
FDP,2002-01-16,14.31,14.31,14.1,14.1
FDP,2002-01-17,14.15,14.22,14.1,14.19
FDP,2002-01-18,14.24,14.38,14.05,14.37
FDP,2002-01-22,14.3,14.44,14.15,14.3
FDP,2002-01-23,14.33,14.68,14.33,14.68
FDP,2002-01-24,14.75,14.86,14.75,14.8
FDP,2002-01-25,14.7,15.34,14.7,15.21
FDP,2002-01-28,15.15,16.04,15.15,16.0
FDP,2002-01-29,16.0,16.03,15.37,15.69
FDP,2002-01-30,15.55,16.1,15.3,15.95
FDP,2002-01-31,15.95,16.64,15.86,16.31
FDP,2002-02-01,16.6,16.96,16.6,16.74
FDP,2002-02-04,16.7,17.0,16.5,16.75
FDP,2002-02-05,16.75,16.78,16.4,16.41
FDP,2002-02-06,16.31,16.35,16.1,16.25
FDP,2002-02-07,16.3,16.34,15.75,15.82
FDP,2002-02-08,15.92,15.99,15.85,15.96
FDP,2002-02-11,16.06,16.89,16.06,16.54
FDP,2002-02-12,16.7,17.3,16.6,16.65
FDP,2002-02-13,16.9,17.32,16.9,17.17
FDP,2002-02-14,17.17,17.19,17.0,17.0
FDP,2002-02-15,17.0,17.06,16.58,16.98
FDP,2002-02-19,17.5,17.5,17.1,17.5
FDP,2002-02-20,17.45,17.49,17.02,17.03
FDP,2002-02-21,17.03,17.05,16.67,16.84
FDP,2002-02-22,16.85,17.88,16.85,17.61
FDP,2002-02-25,17.81,17.82,17.26,17.48
FDP,2002-02-26,17.5,17.59,17.25,17.55
FDP,2002-02-27,17.75,17.85,17.65,17.76
FDP,2002-02-28,17.75,17.75,17.1,17.45
FDP,2002-03-01,17.55,17.6,17.36,17.5
FDP,2002-03-04,17.5,17.7,17.5,17.7
FDP,2002-03-05,17.6,17.94,17.59,17.94
FDP,2002-03-06,17.95,18.19,17.8,18.11
FDP,2002-03-07,18.2,18.25,18.05,18.07
FDP,2002-03-08,18.1,18.7,18.1,18.65
FDP,2002-03-11,18.75,19.3,18.54,19.1
FDP,2002-03-12,19.15,19.29,18.99,19.18
FDP,2002-03-13,19.23,19.8,19.16,19.34
FDP,2002-03-14,19.35,19.5,18.17,18.2
FDP,2002-03-15,18.25,18.5,18.09,18.14
FDP,2002-03-18,18.09,18.09,16.67,17.36
FDP,2002-03-19,17.35,18.1,17.35,18.04
FDP,2002-03-20,18.04,18.32,17.52,17.59
FDP,2002-03-21,17.6,17.62,17.45,17.58
FDP,2002-03-22,17.51,17.7,17.51,17.63
FDP,2002-03-25,17.53,18.51,17.53,18.2
FDP,2002-03-26,18.25,19.3,18.24,19.1
FDP,2002-03-27,19.11,20.0,19.0,19.6
FDP,2002-03-28,19.55,19.7,18.4,18.8
FDP,2002-04-01,18.9,19.4,18.89,19.33
FDP,2002-04-02,19.18,19.48,19.15,19.45
FDP,2002-04-03,19.42,20.09,19.4,20.02
FDP,2002-04-04,20.1,20.19,19.7,19.88
FDP,2002-04-05,19.5,20.01,19.5,19.94
FDP,2002-04-08,19.89,19.92,19.5,19.57
FDP,2002-04-09,19.58,19.67,18.94,19.24
FDP,2002-04-10,19.34,20.08,19.34,20.07
FDP,2002-04-11,20.3,20.75,20.25,20.72
FDP,2002-04-12,20.8,21.18,20.65,21.06
FDP,2002-04-15,21.11,21.5,20.95,21.44
FDP,2002-04-16,21.48,21.88,21.48,21.53
FDP,2002-04-17,21.6,21.6,20.9,21.17
FDP,2002-04-18,21.37,22.19,21.37,22.05
FDP,2002-04-19,21.85,22.0,21.4,21.92
FDP,2002-04-22,21.97,21.99,21.1,21.55
FDP,2002-04-23,21.9,22.1,21.84,22.07
FDP,2002-04-24,22.5,23.4,22.4,23.39
FDP,2002-04-25,23.39,23.92,23.0,23.81
FDP,2002-04-26,23.91,24.65,23.4,23.4
FDP,2002-04-29,23.55,24.05,22.98,24.01
FDP,2002-04-30,24.25,24.65,23.0,23.55
FDP,2002-05-01,23.8,24.24,23.52,24.1
FDP,2002-05-02,24.4,24.54,24.25,24.29
FDP,2002-05-03,24.39,24.4,23.51,23.7
FDP,2002-05-06,23.9,23.9,22.75,23.02
FDP,2002-05-07,23.04,23.04,22.77,22.98
FDP,2002-05-08,22.9,23.35,22.9,23.05
FDP,2002-05-09,23.1,23.57,23.1,23.39
FDP,2002-05-10,23.49,23.7,23.43,23.62
FDP,2002-05-13,23.75,24.0,23.75,23.99
FDP,2002-05-14,24.05,24.14,23.56,24.1
FDP,2002-05-15,24.1,24.34,23.9,23.95
FDP,2002-05-16,23.85,23.99,23.66,23.99
FDP,2002-05-17,24.0,24.3,23.85,23.99
FDP,2002-05-20,23.99,23.99,23.7,23.99
FDP,2002-05-21,23.95,23.99,23.75,23.85
FDP,2002-05-22,23.65,24.4,23.4,24.32
FDP,2002-05-23,24.47,24.48,23.69,24.1
FDP,2002-05-24,24.2,24.24,23.64,23.78
FDP,2002-05-28,23.85,23.93,23.27,23.49
FDP,2002-05-29,23.5,23.53,23.4,23.49
FDP,2002-05-30,23.95,24.2,23.78,24.04
FDP,2002-05-31,24.24,24.45,24.24,24.28
FDP,2002-06-03,24.43,24.43,24.05,24.06
FDP,2002-06-04,24.01,24.08,23.81,23.94
FDP,2002-06-05,24.04,24.39,23.91,24.19
FDP,2002-06-06,24.4,24.44,23.78,24.02
FDP,2002-06-07,23.9,23.99,23.35,23.45
FDP,2002-06-10,23.5,24.03,23.46,23.93
FDP,2002-06-11,24.13,24.88,24.13,24.36
FDP,2002-06-12,24.45,25.0,24.45,24.95
FDP,2002-06-13,25.0,25.7,24.94,25.5
FDP,2002-06-14,25.3,26.02,25.14,26.0
FDP,2002-06-17,26.75,27.25,26.35,27.0
FDP,2002-06-18,27.2,28.79,26.95,28.79
FDP,2002-06-19,28.65,28.82,27.52,27.75
FDP,2002-06-20,27.74,28.67,27.26,28.42
FDP,2002-06-21,28.35,28.4,27.13,27.24
FDP,2002-06-24,27.3,27.89,26.25,27.0
FDP,2002-06-25,27.0,27.69,26.7,27.16
FDP,2002-06-26,26.9,26.98,26.13,26.89
FDP,2002-06-27,26.35,26.35,23.9,24.91
FDP,2002-06-28,24.25,25.85,24.25,25.0
FDP,2002-07-01,25.0,25.56,24.85,25.15
FDP,2002-07-02,25.16,25.44,24.7,25.08
FDP,2002-07-03,25.15,25.45,25.0,25.22
FDP,2002-07-05,25.35,25.9,25.27,25.85
FDP,2002-07-08,26.0,26.15,25.76,25.78
FDP,2002-07-09,25.77,25.79,25.33,25.6
FDP,2002-07-10,25.5,25.99,25.46,25.94
FDP,2002-07-11,25.92,26.15,25.7,25.95
FDP,2002-07-12,25.95,26.05,25.8,25.91
FDP,2002-07-15,25.86,25.87,23.71,24.24
FDP,2002-07-16,24.14,24.14,22.6,23.0
FDP,2002-07-17,23.15,23.58,21.5,21.65
FDP,2002-07-18,21.7,21.7,21.0,21.54
FDP,2002-07-19,21.34,21.47,20.36,20.36
FDP,2002-07-22,20.15,20.48,19.8,20.3
FDP,2002-07-23,20.3,20.85,20.3,20.76
FDP,2002-07-24,20.7,20.7,19.75,20.14
FDP,2002-07-25,20.15,21.99,20.07,21.68
FDP,2002-07-26,21.68,21.8,21.41,21.6
FDP,2002-07-29,22.4,23.14,22.33,22.91
FDP,2002-07-30,23.55,24.5,23.3,23.4
FDP,2002-07-31,23.6,24.6,23.6,24.52
FDP,2002-08-01,25.27,25.6,24.25,24.61
FDP,2002-08-02,24.75,24.94,23.77,23.89
FDP,2002-08-05,23.85,24.3,22.95,23.16
FDP,2002-08-06,23.19,24.29,23.07,23.37
FDP,2002-08-07,23.52,24.67,23.52,24.47
FDP,2002-08-08,24.57,25.9,24.57,25.69
FDP,2002-08-09,25.75,27.62,25.68,26.5
FDP,2002-08-12,26.3,27.2,26.28,26.65
FDP,2002-08-13,26.75,27.4,26.75,26.91
FDP,2002-08-14,26.96,27.15,26.91,26.91
FDP,2002-08-15,26.95,27.33,26.65,26.94
FDP,2002-08-16,26.74,26.87,25.75,26.0
FDP,2002-08-19,26.25,26.58,26.08,26.44
FDP,2002-08-20,26.5,27.75,26.21,27.37
FDP,2002-08-21,27.62,28.23,27.45,27.95
FDP,2002-08-22,27.95,28.52,27.95,28.49
FDP,2002-08-23,28.34,28.34,27.75,27.95
FDP,2002-08-26,28.15,28.23,27.4,27.88
FDP,2002-08-27,27.9,28.05,27.63,27.71
FDP,2002-08-28,27.65,27.7,27.28,27.34
FDP,2002-08-29,27.24,27.5,27.0,27.07
FDP,2002-08-30,27.0,27.42,27.0,27.15
FDP,2002-09-03,27.05,27.05,25.8,26.0
FDP,2002-09-04,26.0,26.35,25.85,25.98
FDP,2002-09-05,25.58,26.12,25.06,25.82
FDP,2002-09-06,26.22,27.08,26.22,26.92
FDP,2002-09-09,26.92,27.49,26.66,27.12
FDP,2002-09-10,27.2,27.42,27.04,27.15
FDP,2002-09-11,27.3,27.3,26.75,26.89
FDP,2002-09-12,26.95,26.95,25.93,26.0
FDP,2002-09-13,25.6,25.84,25.05,25.44
FDP,2002-09-16,25.43,25.6,25.25,25.59
FDP,2002-09-17,25.5,25.75,25.5,25.57
FDP,2002-09-18,25.57,25.7,24.6,24.71
FDP,2002-09-19,24.56,24.56,22.41,23.0
FDP,2002-09-20,23.0,23.89,22.75,23.7
FDP,2002-09-23,24.1,24.63,23.9,23.97
FDP,2002-09-24,23.25,23.45,23.08,23.14
FDP,2002-09-25,23.0,23.3,23.0,23.14
FDP,2002-09-26,23.1,23.12,22.51,22.89
FDP,2002-09-27,23.09,24.59,23.09,23.95
FDP,2002-09-30,24.15,25.69,24.15,25.59
FDP,2002-10-01,25.7,27.01,25.25,26.75
FDP,2002-10-02,26.65,26.65,23.35,24.5
FDP,2002-10-03,24.5,25.25,24.11,24.52
FDP,2002-10-04,24.62,25.0,23.81,24.22
FDP,2002-10-07,24.32,24.68,24.0,24.04
FDP,2002-10-08,24.19,25.28,23.85,24.9
FDP,2002-10-09,24.8,24.8,23.65,24.02
FDP,2002-10-10,24.17,24.45,23.78,23.98
FDP,2002-10-11,24.23,24.3,23.9,24.18
FDP,2002-10-14,24.2,24.4,24.09,24.21
FDP,2002-10-15,24.65,24.68,24.35,24.5
FDP,2002-10-16,24.57,24.67,24.23,24.35
FDP,2002-10-17,24.6,24.75,24.41,24.5
FDP,2002-10-18,24.44,24.89,24.43,24.89
FDP,2002-10-21,24.89,25.1,24.7,24.84
FDP,2002-10-22,24.77,24.99,24.52,24.9
FDP,2002-10-23,24.91,25.08,24.5,25.07
FDP,2002-10-24,25.25,25.74,25.16,25.5
FDP,2002-10-25,25.54,25.76,25.38,25.6
FDP,2002-10-28,26.0,26.25,25.4,25.55
FDP,2002-10-29,26.2,26.65,25.5,26.44
FDP,2002-10-30,26.75,27.6,26.67,27.11
FDP,2002-10-31,27.15,27.7,27.15,27.26
FDP,2002-11-01,27.61,27.89,27.5,27.63
FDP,2002-11-04,28.0,28.6,28.0,28.52
FDP,2002-11-05,28.6,29.7,28.6,29.2
FDP,2002-11-06,29.25,29.5,28.76,28.78
FDP,2002-11-07,28.75,28.76,27.47,27.9
FDP,2002-11-08,28.1,28.15,26.8,27.11
FDP,2002-11-11,27.09,27.38,25.55,26.14
FDP,2002-11-12,26.25,27.5,26.24,26.67
FDP,2002-11-13,26.65,28.31,26.6,27.74
FDP,2002-11-14,27.94,28.35,27.52,27.55
FDP,2002-11-15,27.55,27.55,26.4,26.78
FDP,2002-11-18,26.78,27.15,26.3,27.15
FDP,2002-11-19,27.05,27.05,26.05,26.17
FDP,2002-11-20,26.15,26.6,26.15,26.2
FDP,2002-11-21,25.0,25.0,20.76,20.8
FDP,2002-11-22,23.1,23.17,21.96,22.1
FDP,2002-11-25,22.5,23.3,22.48,22.67
FDP,2002-11-26,22.6,22.6,22.32,22.5
FDP,2002-11-27,22.55,23.05,22.55,22.84
FDP,2002-11-29,22.94,23.05,22.66,22.9
FDP,2002-12-02,22.98,22.98,21.9,21.94
FDP,2002-12-03,22.0,22.01,20.9,21.16
FDP,2002-12-04,21.16,21.91,20.75,21.63
FDP,2002-12-05,21.83,22.34,21.3,22.16
FDP,2002-12-06,22.0,22.12,21.9,22.08
FDP,2002-12-09,22.0,22.01,21.65,21.71
FDP,2002-12-10,21.73,21.91,20.11,20.59
FDP,2002-12-11,20.55,20.8,19.55,20.11
FDP,2002-12-12,20.2,20.5,19.7,19.9
FDP,2002-12-13,19.9,20.21,18.65,18.75
FDP,2002-12-16,18.76,19.7,18.76,19.36
FDP,2002-12-17,19.37,19.4,18.75,19.27
FDP,2002-12-18,19.2,19.52,19.15,19.27
FDP,2002-12-19,19.02,19.5,17.36,19.35
FDP,2002-12-20,19.35,19.74,19.35,19.65
FDP,2002-12-23,19.75,19.94,19.55,19.78
FDP,2002-12-24,19.76,20.47,19.7,20.02
FDP,2002-12-26,20.12,20.55,19.3,19.7
FDP,2002-12-27,19.6,19.78,19.43,19.49
FDP,2002-12-30,19.49,19.49,17.76,18.01
FDP,2002-12-31,18.26,18.91,18.15,18.91
FDP,2003-01-02,18.88,18.88,18.26,18.3
FDP,2003-01-03,18.25,19.21,18.1,18.79
FDP,2003-01-06,18.79,19.1,18.18,18.35
FDP,2003-01-07,18.35,18.69,17.48,17.61
FDP,2003-01-08,18.3,18.44,17.45,18.25
FDP,2003-01-09,18.35,18.49,17.9,17.98
FDP,2003-01-10,17.99,18.0,17.15,17.46
FDP,2003-01-13,17.48,17.8,17.08,17.17
FDP,2003-01-14,17.2,18.2,17.19,18.2
FDP,2003-01-15,18.25,18.7,18.25,18.6
FDP,2003-01-16,18.69,20.12,18.69,20.12
FDP,2003-01-17,20.1,20.67,20.0,20.24
FDP,2003-01-21,20.25,20.3,19.4,19.51
FDP,2003-01-22,19.51,20.49,19.44,19.88
FDP,2003-01-23,20.01,20.36,19.5,19.95
FDP,2003-01-24,20.0,20.1,19.67,19.82
FDP,2003-01-27,19.52,19.59,18.88,19.15
FDP,2003-01-28,19.5,19.55,18.87,18.96
FDP,2003-01-29,18.66,19.18,18.54,19.08
FDP,2003-01-30,19.05,19.48,18.94,19.37
FDP,2003-01-31,19.35,21.2,19.35,20.7
FDP,2003-02-03,20.85,20.85,20.11,20.35
FDP,2003-02-04,20.4,20.45,20.15,20.17
FDP,2003-02-05,20.35,20.69,20.17,20.58
FDP,2003-02-06,20.5,20.88,20.34,20.53
FDP,2003-02-07,20.61,20.86,20.53,20.73
FDP,2003-02-10,20.73,21.26,20.42,21.25
FDP,2003-02-11,23.45,23.48,19.51,19.93
FDP,2003-02-12,20.15,20.25,19.26,19.3
FDP,2003-02-13,19.4,19.61,19.03,19.39
FDP,2003-02-14,19.47,19.74,19.31,19.69
FDP,2003-02-18,19.65,20.45,19.65,20.29
FDP,2003-02-19,20.41,20.41,19.79,19.91
FDP,2003-02-20,19.76,19.8,19.35,19.42
FDP,2003-02-21,19.39,19.85,19.32,19.63
FDP,2003-02-24,19.53,19.53,18.78,19.03
FDP,2003-02-25,18.98,19.19,18.35,19.17
FDP,2003-02-26,19.1,19.1,18.5,18.8
FDP,2003-02-27,18.8,18.88,18.07,18.4
FDP,2003-02-28,18.4,18.5,18.07,18.14
FDP,2003-03-03,18.14,18.38,17.6,17.73
FDP,2003-03-04,17.79,18.06,17.71,17.76
FDP,2003-03-05,17.75,17.81,17.33,17.5
FDP,2003-03-06,17.35,17.36,16.78,16.84
FDP,2003-03-07,16.84,18.11,16.75,17.66
FDP,2003-03-10,17.67,17.74,16.95,17.05
FDP,2003-03-11,17.0,17.3,16.94,17.11
FDP,2003-03-12,17.35,17.37,17.05,17.14
FDP,2003-03-13,17.14,17.54,17.14,17.25
FDP,2003-03-14,17.18,17.18,15.4,16.01
FDP,2003-03-17,15.25,15.8,14.71,15.52
FDP,2003-03-18,15.6,15.77,15.18,15.6
FDP,2003-03-19,16.25,16.49,15.7,15.75
FDP,2003-03-20,15.75,16.08,15.55,15.7
FDP,2003-03-21,15.69,16.49,15.68,16.25
FDP,2003-03-24,16.15,16.25,15.8,16.03
FDP,2003-03-25,16.07,16.15,15.9,16.0
FDP,2003-03-26,16.0,16.02,15.62,15.62
FDP,2003-03-27,15.55,15.72,15.2,15.29
FDP,2003-03-28,15.29,15.47,14.8,15.4
FDP,2003-03-31,15.39,15.46,14.96,15.25
FDP,2003-04-01,15.25,15.3,14.96,15.12
FDP,2003-04-02,15.2,15.66,15.2,15.6
FDP,2003-04-03,15.8,15.8,15.34,15.57
FDP,2003-04-04,15.72,16.04,15.72,15.86
FDP,2003-04-07,16.46,16.51,16.0,16.09
FDP,2003-04-08,16.49,16.56,16.12,16.25
FDP,2003-04-09,16.35,16.65,16.3,16.65
FDP,2003-04-10,16.8,16.81,16.41,16.6
FDP,2003-04-11,16.55,16.88,16.49,16.81
FDP,2003-04-14,16.81,17.57,16.81,17.48
FDP,2003-04-15,17.52,17.65,17.1,17.35
FDP,2003-04-16,17.39,17.39,17.05,17.06
FDP,2003-04-17,17.06,17.17,16.65,16.76
FDP,2003-04-21,16.86,17.47,16.85,17.4
FDP,2003-04-22,17.4,18.21,17.4,17.94
FDP,2003-04-23,18.05,18.4,18.0,18.29
FDP,2003-04-24,18.35,18.44,18.17,18.34
FDP,2003-04-25,18.54,18.65,18.36,18.46
FDP,2003-04-28,18.52,19.4,18.52,19.21
FDP,2003-04-29,19.59,20.3,18.3,18.91
FDP,2003-04-30,18.9,19.58,18.75,19.48
FDP,2003-05-01,19.48,19.63,18.9,19.05
FDP,2003-05-02,18.85,19.17,18.8,18.87
FDP,2003-05-05,18.87,18.9,18.36,18.74
FDP,2003-05-06,18.68,19.37,18.66,19.37
FDP,2003-05-07,19.37,19.84,19.22,19.8
FDP,2003-05-08,21.1,21.5,20.75,21.31
FDP,2003-05-09,21.4,21.44,21.0,21.1
FDP,2003-05-12,21.0,21.66,21.0,21.55
FDP,2003-05-13,21.62,21.62,21.09,21.4
FDP,2003-05-14,21.96,21.96,21.2,21.84
FDP,2003-05-15,21.69,21.69,21.0,21.19
FDP,2003-05-16,21.04,21.21,19.81,20.33
FDP,2003-05-19,20.33,20.59,19.92,20.1
FDP,2003-05-20,20.2,20.5,20.2,20.28
FDP,2003-05-21,20.13,20.8,20.13,20.73
FDP,2003-05-22,20.74,20.96,20.35,20.45
FDP,2003-05-23,20.46,20.46,19.86,20.01
FDP,2003-05-27,20.01,20.01,19.3,19.78
FDP,2003-05-28,19.98,20.43,19.55,20.05
FDP,2003-05-29,20.0,20.15,19.68,19.82
FDP,2003-05-30,20.02,20.87,19.97,20.78
FDP,2003-06-02,23.0,23.6,21.84,23.56
FDP,2003-06-03,23.56,24.1,23.36,23.58
FDP,2003-06-04,23.7,23.9,23.62,23.75
FDP,2003-06-05,23.9,24.5,23.82,24.4
FDP,2003-06-06,24.72,24.9,23.72,23.89
FDP,2003-06-09,24.0,24.64,24.0,24.42
FDP,2003-06-10,24.52,24.59,23.91,24.08
FDP,2003-06-11,24.08,24.61,24.01,24.46
FDP,2003-06-12,24.46,24.8,24.4,24.42
FDP,2003-06-13,24.44,24.44,23.6,24.04
FDP,2003-06-16,23.9,24.1,23.85,24.08
FDP,2003-06-17,24.08,24.21,23.45,23.92
FDP,2003-06-18,23.85,23.98,23.55,23.9
FDP,2003-06-19,23.8,24.72,23.8,24.6
FDP,2003-06-20,24.4,25.0,24.4,24.89
FDP,2003-06-23,25.05,26.65,25.05,25.57
FDP,2003-06-24,25.57,25.68,24.86,25.37
FDP,2003-06-25,25.57,25.64,25.16,25.46
FDP,2003-06-26,25.71,25.76,24.92,25.44
FDP,2003-06-27,25.34,25.85,25.27,25.46
FDP,2003-06-30,25.6,25.93,25.46,25.69
FDP,2003-07-01,25.64,25.78,25.4,25.71
FDP,2003-07-02,25.67,27.2,25.64,27.13
FDP,2003-07-03,27.12,27.2,26.65,27.18
FDP,2003-07-07,27.25,27.75,27.19,27.19
FDP,2003-07-08,27.0,27.0,26.0,26.49
FDP,2003-07-09,26.55,27.42,26.49,27.25
FDP,2003-07-10,27.25,27.72,26.95,27.6
FDP,2003-07-11,27.5,28.05,27.3,27.9
FDP,2003-07-14,28.2,28.2,27.7,27.89
FDP,2003-07-15,27.89,27.89,27.11,27.25
FDP,2003-07-16,27.35,27.53,26.55,26.81
FDP,2003-07-17,26.66,26.66,26.1,26.3
FDP,2003-07-18,26.45,26.5,26.05,26.4
FDP,2003-07-21,26.4,26.4,25.8,25.97
FDP,2003-07-22,26.22,26.7,26.0,26.53
FDP,2003-07-23,26.5,26.7,26.12,26.42
FDP,2003-07-24,26.4,28.6,26.18,27.79
FDP,2003-07-25,27.79,27.92,27.27,27.86
FDP,2003-07-28,27.86,28.66,27.73,28.35
FDP,2003-07-29,28.9,29.0,27.85,27.88
FDP,2003-07-30,27.63,28.1,27.57,27.87
FDP,2003-07-31,27.87,28.09,27.5,27.83
FDP,2003-08-01,27.69,27.69,27.18,27.67
FDP,2003-08-04,27.42,27.42,25.9,26.95
FDP,2003-08-05,26.9,26.9,26.2,26.51
FDP,2003-08-06,26.51,26.51,26.03,26.2
FDP,2003-08-07,26.15,26.2,25.8,26.01
FDP,2003-08-08,25.8,26.23,25.8,26.03
FDP,2003-08-11,26.13,26.8,26.13,26.65
FDP,2003-08-12,26.5,26.78,26.41,26.58
FDP,2003-08-13,26.59,27.7,26.51,27.4
FDP,2003-08-14,27.55,27.63,27.19,27.49
FDP,2003-08-15,27.42,27.5,26.9,27.1
FDP,2003-08-18,27.1,27.2,27.0,27.03
FDP,2003-08-19,27.03,27.29,27.0,27.16
FDP,2003-08-20,27.1,27.15,26.65,26.86
FDP,2003-08-21,26.8,26.97,26.52,26.7
FDP,2003-08-22,26.75,26.83,26.07,26.07
FDP,2003-08-25,26.08,26.08,25.25,25.58
FDP,2003-08-26,25.37,25.71,25.3,25.58
FDP,2003-08-27,26.3,27.19,26.11,27.0
FDP,2003-08-28,27.0,27.55,26.65,27.42
FDP,2003-08-29,27.32,27.75,27.01,27.75
FDP,2003-09-02,27.8,27.8,27.15,27.28
FDP,2003-09-03,27.35,27.63,27.15,27.38
FDP,2003-09-04,27.26,27.5,27.06,27.22
FDP,2003-09-05,27.22,27.34,26.89,27.0
FDP,2003-09-08,26.87,26.95,26.3,26.3
FDP,2003-09-09,26.29,26.3,25.75,25.84
FDP,2003-09-10,25.94,25.97,25.08,25.1
FDP,2003-09-11,25.2,26.22,25.17,26.15
FDP,2003-09-12,26.0,26.75,25.65,26.28
FDP,2003-09-15,26.35,26.62,25.8,26.51
FDP,2003-09-16,26.31,26.36,25.85,26.04
FDP,2003-09-17,26.04,26.73,25.98,26.23
FDP,2003-09-18,26.3,26.3,25.9,26.08
FDP,2003-09-19,26.12,26.12,25.66,25.75
FDP,2003-09-22,25.7,25.95,25.7,25.75
FDP,2003-09-23,25.75,25.75,25.54,25.54
FDP,2003-09-24,25.55,25.71,25.4,25.55
FDP,2003-09-25,25.54,25.6,25.12,25.22
FDP,2003-09-26,25.22,25.22,24.65,24.95
FDP,2003-09-29,24.95,25.19,24.62,25.05
FDP,2003-09-30,25.2,25.2,24.5,24.6
FDP,2003-10-01,24.6,25.5,24.56,25.09
FDP,2003-10-02,25.1,25.35,24.98,25.3
FDP,2003-10-03,25.31,26.02,25.31,26.0
FDP,2003-10-06,26.25,26.75,25.8,26.4
FDP,2003-10-07,26.4,26.4,23.65,23.68
FDP,2003-10-08,23.6,24.1,22.84,24.03
FDP,2003-10-09,24.75,24.8,24.26,24.57
FDP,2003-10-10,24.57,25.4,24.55,25.27
FDP,2003-10-13,25.37,25.6,25.21,25.37
FDP,2003-10-14,25.5,25.79,25.23,25.71
FDP,2003-10-15,25.72,25.9,25.44,25.5
FDP,2003-10-16,25.55,25.7,25.29,25.55
FDP,2003-10-17,25.5,25.5,25.07,25.27
FDP,2003-10-20,25.37,25.77,25.25,25.44
FDP,2003-10-21,25.69,25.69,25.5,25.55
FDP,2003-10-22,25.55,25.59,25.3,25.43
FDP,2003-10-23,25.44,25.83,25.2,25.75
FDP,2003-10-24,26.0,26.0,25.65,25.71
FDP,2003-10-27,25.9,25.98,25.5,25.55
FDP,2003-10-28,25.8,25.9,25.54,25.6
FDP,2003-10-29,25.7,25.88,25.63,25.67
FDP,2003-10-30,25.68,25.78,25.39,25.5
FDP,2003-10-31,25.15,25.57,24.95,25.0
FDP,2003-11-03,25.2,25.6,24.95,25.55
FDP,2003-11-04,25.5,25.83,25.31,25.82
FDP,2003-11-05,25.8,26.0,25.7,25.98
FDP,2003-11-06,25.85,26.04,25.78,26.0
FDP,2003-11-07,26.0,26.0,25.8,25.95
FDP,2003-11-10,25.95,26.0,25.5,25.57
FDP,2003-11-11,25.67,25.91,25.54,25.88
FDP,2003-11-12,25.95,26.27,25.84,26.23
FDP,2003-11-13,26.2,26.4,26.09,26.12
FDP,2003-11-14,26.0,26.2,25.36,25.65
FDP,2003-11-17,25.65,25.87,24.78,25.87
FDP,2003-11-18,25.87,26.31,25.7,25.96
FDP,2003-11-19,25.85,26.0,25.7,25.95
FDP,2003-11-20,26.0,26.06,25.73,25.78
FDP,2003-11-21,25.75,25.93,25.69,25.9
FDP,2003-11-24,25.8,25.96,25.55,25.95
FDP,2003-11-25,25.85,26.25,25.85,26.18
FDP,2003-11-26,26.4,26.64,26.3,26.5
FDP,2003-11-28,26.65,26.7,26.57,26.68
FDP,2003-12-01,26.7,27.35,26.68,27.31
FDP,2003-12-02,27.27,27.27,25.15,25.15
FDP,2003-12-03,25.15,25.16,24.31,24.65
FDP,2003-12-04,24.5,24.99,24.25,24.47
FDP,2003-12-05,24.3,24.35,23.82,23.96
FDP,2003-12-08,23.82,23.94,23.55,23.8
FDP,2003-12-09,23.7,23.7,23.15,23.3
FDP,2003-12-10,23.3,23.35,22.61,22.9
FDP,2003-12-11,22.85,23.77,22.85,23.4
FDP,2003-12-12,23.45,23.9,23.41,23.87
FDP,2003-12-15,23.0,23.61,23.0,23.26
FDP,2003-12-16,23.26,23.51,23.26,23.27
FDP,2003-12-17,23.2,23.99,23.2,23.88
FDP,2003-12-18,23.63,23.68,23.27,23.53
FDP,2003-12-19,23.6,23.71,23.46,23.61
FDP,2003-12-22,23.5,23.9,23.15,23.67
FDP,2003-12-23,23.67,23.98,23.67,23.94
FDP,2003-12-24,23.9,23.9,23.71,23.79
FDP,2003-12-26,23.8,23.88,23.75,23.8
FDP,2003-12-29,23.78,24.0,23.72,23.95
FDP,2003-12-30,23.85,24.23,23.83,24.21
FDP,2003-12-31,24.36,24.48,23.76,23.83
FDP,2004-01-02,23.85,23.89,23.68,23.8
FDP,2004-01-05,23.75,23.83,23.56,23.75
FDP,2004-01-06,23.74,23.98,23.63,23.8
FDP,2004-01-07,23.55,23.6,23.33,23.43
FDP,2004-01-08,23.55,23.9,23.55,23.72
FDP,2004-01-09,23.73,23.73,23.39,23.4
FDP,2004-01-12,23.5,23.6,23.36,23.53
FDP,2004-01-13,23.57,23.83,23.44,23.6
FDP,2004-01-14,23.55,23.9,23.52,23.88
FDP,2004-01-15,23.9,23.97,23.73,23.82
FDP,2004-01-16,23.9,24.18,23.83,24.16
FDP,2004-01-20,24.2,25.91,24.2,25.65
FDP,2004-01-21,25.9,26.3,25.72,26.25
FDP,2004-01-22,26.25,26.26,25.5,25.71
FDP,2004-01-23,27.5,27.99,26.78,26.95
FDP,2004-01-26,27.3,27.46,26.5,26.5
FDP,2004-01-27,26.5,26.5,26.05,26.1
FDP,2004-01-28,26.1,26.2,25.71,25.75
FDP,2004-01-29,25.9,26.1,25.81,25.92
FDP,2004-01-30,26.02,26.15,25.92,26.0
FDP,2004-02-02,26.1,26.15,25.87,25.92
FDP,2004-02-03,25.91,26.12,25.91,25.99
FDP,2004-02-04,26.05,26.1,25.56,25.75
FDP,2004-02-05,25.75,26.1,25.75,25.95
FDP,2004-02-06,26.0,26.09,25.87,25.98
FDP,2004-02-09,26.0,26.1,25.87,25.99
FDP,2004-02-10,26.2,26.9,25.56,26.02
FDP,2004-02-11,26.1,26.1,25.55,26.01
FDP,2004-02-12,26.0,26.0,25.56,25.57
FDP,2004-02-13,25.7,25.83,25.1,25.35
FDP,2004-02-17,25.35,25.67,25.25,25.52
FDP,2004-02-18,25.65,25.92,25.27,25.3
FDP,2004-02-19,25.5,25.52,25.12,25.18
FDP,2004-02-20,25.23,25.23,24.86,24.98
FDP,2004-02-23,24.99,25.17,24.85,25.08
FDP,2004-02-24,25.15,25.15,24.91,25.01
FDP,2004-02-25,24.95,24.98,24.79,24.9
FDP,2004-02-26,24.95,25.15,24.84,25.08
FDP,2004-02-27,25.09,25.56,25.0,25.46
FDP,2004-03-01,25.85,26.0,25.7,25.88
FDP,2004-03-02,25.95,26.15,25.91,26.03
FDP,2004-03-03,26.02,26.02,25.11,25.49
FDP,2004-03-04,25.44,25.44,25.04,25.18
FDP,2004-03-05,25.13,26.0,25.13,25.32
FDP,2004-03-08,25.57,25.59,24.97,25.02
FDP,2004-03-09,25.24,25.55,25.2,25.55
FDP,2004-03-10,25.35,25.5,25.11,25.13
FDP,2004-03-11,25.0,25.1,24.73,24.97
FDP,2004-03-12,25.07,25.87,24.99,25.87
FDP,2004-03-15,25.75,25.77,24.87,25.15
FDP,2004-03-16,25.49,25.5,25.12,25.22
FDP,2004-03-17,25.15,25.47,25.1,25.37
FDP,2004-03-18,25.25,25.25,24.97,25.15
FDP,2004-03-19,25.24,25.24,24.96,25.01
FDP,2004-03-22,25.0,25.05,24.87,24.92
FDP,2004-03-23,24.9,25.1,24.76,24.8
FDP,2004-03-24,24.8,25.0,24.75,24.97
FDP,2004-03-25,25.24,25.28,24.97,25.19
FDP,2004-03-26,25.14,25.46,24.97,24.97
FDP,2004-03-29,25.22,25.45,25.04,25.45
FDP,2004-03-30,25.5,25.59,25.35,25.47
FDP,2004-03-31,25.5,25.87,25.15,25.76
FDP,2004-04-01,25.84,25.98,25.51,25.98
FDP,2004-04-02,25.91,25.93,25.51,25.55
FDP,2004-04-05,25.45,25.49,25.07,25.14
FDP,2004-04-06,25.05,25.58,25.05,25.41
FDP,2004-04-07,25.45,25.46,25.03,25.29
FDP,2004-04-08,25.3,25.48,25.19,25.26
FDP,2004-04-12,25.44,25.44,25.18,25.21
FDP,2004-04-13,25.2,25.21,24.92,24.93
FDP,2004-04-14,24.91,24.97,24.35,24.64
FDP,2004-04-15,24.64,25.05,24.61,25.03
FDP,2004-04-16,25.1,25.1,24.85,24.97
FDP,2004-04-19,24.97,25.01,24.85,24.99
FDP,2004-04-20,24.91,25.1,24.91,24.96
FDP,2004-04-21,24.93,25.22,24.91,25.19
FDP,2004-04-22,25.23,25.58,25.05,25.5
FDP,2004-04-23,25.4,25.85,25.4,25.76
FDP,2004-04-26,25.66,25.92,25.66,25.92
FDP,2004-04-27,23.0,24.48,23.0,24.05
FDP,2004-04-28,24.0,24.0,23.63,23.8
FDP,2004-04-29,23.79,23.79,23.16,23.36
FDP,2004-04-30,23.5,23.5,22.92,23.35
FDP,2004-05-03,23.54,23.77,23.3,23.59
FDP,2004-05-04,23.35,23.83,23.3,23.72
FDP,2004-05-05,23.9,23.9,23.43,23.65
FDP,2004-05-06,23.65,23.65,23.26,23.51
FDP,2004-05-07,23.48,23.6,23.4,23.46
FDP,2004-05-10,23.29,23.3,22.84,22.96
FDP,2004-05-11,23.01,23.11,22.86,22.9
FDP,2004-05-12,22.91,23.09,22.62,23.07
FDP,2004-05-13,23.0,23.14,22.84,23.08
FDP,2004-05-14,23.09,23.59,23.09,23.5
FDP,2004-05-17,23.5,23.6,23.02,23.55
FDP,2004-05-18,23.6,23.76,23.5,23.55
FDP,2004-05-19,23.54,23.75,23.52,23.6
FDP,2004-05-20,23.55,23.72,23.5,23.51
FDP,2004-05-21,23.5,23.65,23.46,23.52
FDP,2004-05-24,23.52,23.65,23.45,23.5
FDP,2004-05-25,23.64,23.77,23.45,23.77
FDP,2004-05-26,23.62,24.1,23.62,24.1
FDP,2004-05-27,24.15,24.48,24.05,24.45
FDP,2004-05-28,24.5,24.88,24.41,24.68
FDP,2004-06-01,24.69,24.86,24.56,24.77
FDP,2004-06-02,24.83,24.83,24.33,24.72
FDP,2004-06-03,24.72,25.1,24.59,25.1
FDP,2004-06-04,25.04,25.08,24.75,24.92
FDP,2004-06-07,24.95,25.22,24.93,25.22
FDP,2004-06-08,25.25,25.25,24.95,25.11
FDP,2004-06-09,25.03,25.2,24.96,25.18
FDP,2004-06-10,25.12,25.23,24.93,25.2
FDP,2004-06-14,25.2,25.21,24.96,24.96
FDP,2004-06-15,24.9,25.06,24.82,24.97
FDP,2004-06-16,25.16,25.16,24.75,24.82
FDP,2004-06-17,24.72,25.01,24.71,24.97
FDP,2004-06-18,24.88,25.01,24.87,25.01
FDP,2004-06-21,25.08,25.15,25.0,25.0
FDP,2004-06-22,25.04,25.08,24.95,25.0
FDP,2004-06-23,25.0,25.0,24.44,24.62
FDP,2004-06-24,24.67,25.15,24.67,25.08
FDP,2004-06-25,25.08,25.15,24.79,24.82
FDP,2004-06-28,24.82,25.04,24.82,24.91
FDP,2004-06-29,24.85,25.05,24.85,25.03
FDP,2004-06-30,25.03,25.4,25.0,25.27
FDP,2004-07-01,25.45,25.55,25.21,25.42
FDP,2004-07-02,25.42,25.5,25.25,25.42
FDP,2004-07-06,25.4,25.41,24.74,25.02
FDP,2004-07-07,25.2,25.4,24.83,25.04
FDP,2004-07-08,24.95,25.65,24.95,25.01
FDP,2004-07-09,25.25,25.56,25.21,25.51
FDP,2004-07-12,25.46,25.99,25.45,25.98
FDP,2004-07-13,25.88,26.1,25.74,26.03
FDP,2004-07-14,25.99,26.44,25.86,26.42
FDP,2004-07-15,26.27,26.5,26.22,26.25
FDP,2004-07-16,26.12,26.25,25.95,26.17
FDP,2004-07-19,26.27,26.69,26.16,26.31
FDP,2004-07-20,26.31,26.43,26.15,26.33
FDP,2004-07-21,26.33,26.74,26.33,26.62
FDP,2004-07-22,26.62,26.69,26.5,26.6
FDP,2004-07-23,26.6,26.68,26.55,26.62
FDP,2004-07-26,26.5,26.53,26.15,26.26
FDP,2004-07-27,26.48,27.65,26.48,27.32
FDP,2004-07-28,27.12,27.13,26.5,26.79
FDP,2004-07-29,26.6,26.65,26.14,26.38
FDP,2004-07-30,26.38,26.59,26.25,26.55
FDP,2004-08-02,26.42,26.43,26.22,26.31
FDP,2004-08-03,26.37,26.37,26.18,26.25
FDP,2004-08-04,26.25,26.25,25.86,25.95
FDP,2004-08-05,25.92,25.95,25.45,25.51
FDP,2004-08-06,25.41,25.65,25.32,25.47
FDP,2004-08-09,25.56,25.56,25.0,25.0
FDP,2004-08-10,24.85,24.96,24.77,24.91
FDP,2004-08-11,24.91,24.99,24.76,24.84
FDP,2004-08-12,24.95,25.15,24.92,25.01
FDP,2004-08-13,25.01,25.12,25.01,25.05
FDP,2004-08-16,25.09,25.24,25.04,25.09
FDP,2004-08-17,25.1,25.12,25.0,25.05
FDP,2004-08-18,25.06,25.21,25.0,25.17
FDP,2004-08-19,25.2,25.2,25.15,25.15
FDP,2004-08-20,25.16,25.18,25.03,25.08
FDP,2004-08-23,25.15,25.25,25.06,25.16
FDP,2004-08-24,25.17,25.5,25.17,25.48
FDP,2004-08-25,25.51,25.84,25.51,25.7
FDP,2004-08-26,25.55,25.6,25.34,25.55
FDP,2004-08-27,25.59,25.92,25.55,25.89
FDP,2004-08-30,25.95,25.95,25.58,25.83
FDP,2004-08-31,25.93,25.98,25.81,25.92
FDP,2004-09-01,25.93,26.12,25.92,26.1
FDP,2004-09-02,26.13,26.25,26.11,26.2
FDP,2004-09-03,26.21,26.29,26.2,26.26
FDP,2004-09-07,26.21,26.4,26.21,26.4
FDP,2004-09-08,26.28,26.35,26.24,26.26
FDP,2004-09-09,26.26,26.44,26.2,26.35
FDP,2004-09-10,26.4,26.49,26.36,26.38
FDP,2004-09-13,26.33,26.4,26.22,26.31
FDP,2004-09-14,26.27,26.46,26.21,26.37
FDP,2004-09-15,26.35,26.49,26.16,26.26
FDP,2004-09-16,26.31,26.32,26.04,26.12
FDP,2004-09-17,26.12,26.28,25.91,25.91
FDP,2004-09-20,25.88,26.09,25.8,25.91
FDP,2004-09-21,25.86,26.08,25.68,25.91
FDP,2004-09-22,25.91,26.08,25.82,26.07
FDP,2004-09-23,26.11,26.19,26.05,26.18
FDP,2004-09-24,26.4,26.45,26.21,26.43
FDP,2004-09-27,26.26,26.48,26.26,26.45
FDP,2004-09-28,26.48,26.6,26.45,26.58
FDP,2004-09-29,26.68,26.7,26.52,26.66
FDP,2004-09-30,25.1,25.3,24.36,24.91
FDP,2004-10-01,24.8,25.3,24.77,25.03
FDP,2004-10-04,25.09,25.44,25.08,25.44
FDP,2004-10-05,25.4,25.72,25.3,25.59
FDP,2004-10-06,25.59,25.91,25.51,25.56
FDP,2004-10-07,25.6,25.62,25.5,25.53
FDP,2004-10-08,25.59,25.59,25.35,25.49
FDP,2004-10-11,25.54,25.73,25.03,25.1
FDP,2004-10-12,25.11,25.45,25.11,25.38
FDP,2004-10-13,25.39,25.5,25.29,25.31
FDP,2004-10-14,25.3,25.58,25.3,25.52
FDP,2004-10-15,25.52,25.6,25.47,25.59
FDP,2004-10-18,25.65,25.75,25.55,25.56
FDP,2004-10-19,25.45,25.6,25.35,25.55
FDP,2004-10-20,25.45,25.7,25.38,25.61
FDP,2004-10-21,25.65,25.91,25.5,25.83
FDP,2004-10-22,25.88,25.96,25.72,25.81
FDP,2004-10-25,25.71,25.83,25.51,25.83
FDP,2004-10-26,25.58,25.75,25.09,25.41
FDP,2004-10-27,25.24,26.05,25.16,25.9
FDP,2004-10-28,25.98,26.23,25.96,26.2
FDP,2004-10-29,26.07,26.38,26.07,26.27
FDP,2004-11-01,26.21,26.63,26.15,26.62
FDP,2004-11-02,26.4,26.8,26.34,26.63
FDP,2004-11-03,26.83,27.0,26.72,26.85
FDP,2004-11-04,26.68,27.02,26.65,26.99
FDP,2004-11-05,26.86,27.24,26.76,27.1
FDP,2004-11-08,26.8,27.25,26.78,26.98
FDP,2004-11-09,26.88,27.11,26.87,26.99
FDP,2004-11-10,26.9,27.7,26.77,27.46
FDP,2004-11-11,27.24,27.58,27.04,27.41
FDP,2004-11-12,27.28,27.59,27.28,27.54
FDP,2004-11-15,27.35,27.54,27.11,27.4
FDP,2004-11-16,27.25,27.51,27.14,27.26
FDP,2004-11-17,27.11,27.53,27.11,27.3
FDP,2004-11-18,27.3,27.35,27.17,27.34
FDP,2004-11-19,27.2,27.24,27.11,27.16
FDP,2004-11-22,27.05,27.27,26.82,27.27
FDP,2004-11-23,27.27,27.5,27.27,27.49
FDP,2004-11-24,27.49,27.5,27.29,27.47
FDP,2004-11-26,27.49,27.55,27.37,27.49
FDP,2004-11-29,27.39,27.7,27.39,27.68
FDP,2004-11-30,27.7,27.7,27.31,27.5
FDP,2004-12-01,27.48,28.21,27.48,28.14
FDP,2004-12-02,28.0,29.13,28.0,29.04
FDP,2004-12-03,29.05,29.15,28.61,28.75
FDP,2004-12-06,28.5,28.7,28.19,28.68
FDP,2004-12-07,28.72,29.0,28.52,28.8
FDP,2004-12-08,28.8,28.8,27.76,27.81
FDP,2004-12-09,27.6,28.23,27.23,28.23
FDP,2004-12-10,28.15,28.97,28.14,28.83
FDP,2004-12-13,28.83,28.93,28.53,28.6
FDP,2004-12-14,28.75,28.8,28.38,28.5
FDP,2004-12-15,28.65,29.0,28.5,28.98
FDP,2004-12-16,28.9,29.0,28.7,28.97
FDP,2004-12-17,28.99,29.0,28.76,28.99
FDP,2004-12-20,28.86,29.09,28.83,28.85
FDP,2004-12-21,28.8,28.89,28.75,28.81
FDP,2004-12-22,28.95,29.0,28.8,28.84
FDP,2004-12-23,28.9,29.03,28.68,28.9
FDP,2004-12-27,28.9,28.9,28.54,28.7
FDP,2004-12-28,28.71,28.99,28.65,28.97
FDP,2004-12-29,28.8,29.25,28.78,29.21
FDP,2004-12-30,29.12,29.4,29.12,29.31
FDP,2004-12-31,29.31,29.63,29.3,29.61
FDP,2005-01-03,29.5,29.6,29.3,29.51
FDP,2005-01-04,29.4,29.8,29.11,29.21
FDP,2005-01-05,29.0,29.15,28.33,28.39
FDP,2005-01-06,28.39,28.76,28.39,28.64
FDP,2005-01-07,28.75,28.81,28.44,28.51
FDP,2005-01-10,28.4,28.75,28.31,28.68
FDP,2005-01-11,28.43,28.89,28.38,28.68
FDP,2005-01-12,28.75,28.75,28.48,28.48
FDP,2005-01-13,28.49,28.85,28.34,28.76
FDP,2005-01-14,28.75,29.35,28.69,29.04
FDP,2005-01-18,28.85,29.2,28.82,29.07
FDP,2005-01-19,28.87,29.17,28.87,29.12
FDP,2005-01-20,29.12,29.45,29.05,29.33
FDP,2005-01-21,29.38,29.48,29.05,29.15
FDP,2005-01-24,29.1,29.45,29.1,29.28
FDP,2005-01-25,29.2,29.69,29.2,29.63
FDP,2005-01-26,29.65,29.86,29.5,29.83
FDP,2005-01-27,29.63,32.12,29.62,32.05
FDP,2005-01-28,31.92,32.2,31.21,31.52
FDP,2005-01-31,31.52,31.97,31.52,31.93
FDP,2005-02-01,31.99,32.6,31.83,32.35
FDP,2005-02-02,32.35,33.15,32.33,33.15
FDP,2005-02-03,33.2,33.94,32.9,33.16
FDP,2005-02-04,32.91,33.81,32.85,33.74
FDP,2005-02-07,33.74,33.74,32.35,32.79
FDP,2005-02-08,32.6,32.6,31.53,31.7
FDP,2005-02-09,31.35,31.5,31.06,31.15
FDP,2005-02-10,30.97,31.44,29.87,30.26
FDP,2005-02-11,30.35,30.61,30.0,30.16
FDP,2005-02-14,30.2,31.22,30.14,31.01
FDP,2005-02-15,31.01,33.05,31.01,32.45
FDP,2005-02-16,32.45,32.5,32.05,32.18
FDP,2005-02-17,32.35,32.45,32.02,32.2
FDP,2005-02-18,32.1,32.2,31.3,31.4
FDP,2005-02-22,31.35,31.36,30.64,30.71
FDP,2005-02-23,30.96,30.96,30.29,30.48
FDP,2005-02-24,30.45,30.45,29.72,29.94
FDP,2005-02-25,25.2052,25.2839,24.9909,25.0853
FDP,2005-02-28,25.22,25.4059,25.0076,25.1973
FDP,2005-03-01,25.3291,25.6144,25.2761,25.575
FDP,2005-03-02,25.4147,25.8523,25.3715,25.7502
FDP,2005-03-03,26.0038,26.2399,25.8356,26.2252
FDP,2005-03-04,26.2586,26.359,25.9636,26.1406
FDP,2005-03-07,26.1504,26.2586,25.8967,26.0304
FDP,2005-03-08,25.8613,26.0982,25.2406,25.4314
FDP,2005-03-09,25.2839,25.5907,25.2839,25.4403
FDP,2005-03-10,25.1197,25.4659,24.9986,25.2406
FDP,2005-03-11,25.3291,25.4059,24.9909,25.2505
FDP,2005-03-14,25.4579,25.5829,25.3458,25.3882
FDP,2005-03-15,25.5987,25.6587,25.4314,25.575
FDP,2005-03-16,25.6675,25.7029,25.4059,25.4806
FDP,2005-03-17,25.6498,25.6498,25.3458,25.5494
FDP,2005-03-18,25.5662,25.7836,25.4236,25.7589
FDP,2005-03-21,25.5494,25.6144,25.3538,25.5573
FDP,2005-03-22,25.6675,26.1573,25.6231,26.0304
FDP,2005-03-23,26.2152,26.5969,25.9547,26.2152
FDP,2005-03-24,26.2152,26.2586,25.5987,25.8013
FDP,2005-03-28,26.175,26.2498,25.87,25.9134
FDP,2005-03-29,26.0038,26.0038,25.4806,25.4806
FDP,2005-03-30,25.516,25.9379,25.516,25.6498
FDP,2005-03-31,25.7746,25.9379,25.5829,25.7649
FDP,2005-04-01,25.7649,26.0462,25.4993,25.7589
FDP,2005-04-04,25.6764,25.9055,25.5829,25.7344
FDP,2005-04-05,25.5829,26.232,25.5662,25.9636
FDP,2005-04-06,25.87,26.3835,25.7746,26.0619
FDP,2005-04-07,26.0215,26.0707,25.7108,25.8199
FDP,2005-04-08,25.8199,27.0101,25.7502,26.7709
FDP,2005-04-11,26.8231,27.0101,25.5662,25.7933
FDP,2005-04-12,25.88,26.2743,25.6832,26.1838
FDP,2005-04-13,26.0462,26.2399,26.0117,26.1838
FDP,2005-04-14,26.0982,26.291,26.0304,26.0304
FDP,2005-04-15,26.0383,26.1317,25.7746,25.8013
FDP,2005-04-18,25.9055,25.9055,25.043,25.3538
FDP,2005-04-19,25.4403,25.6498,25.337,25.5829
FDP,2005-04-20,25.4147,25.5081,24.8246,24.9909
FDP,2005-04-21,25.1197,25.4659,25.1197,25.2337
FDP,2005-04-22,25.1197,25.2406,24.263,24.4459
FDP,2005-04-25,24.5669,25.1973,24.5669,24.9052
FDP,2005-04-26,25.1197,25.6832,25.034,25.3458
FDP,2005-04-27,25.396,25.396,24.9909,25.0675
FDP,2005-04-28,25.0675,25.0675,24.3682,24.5747
FDP,2005-04-29,24.7145,24.8001,24.208,24.4036
FDP,2005-05-02,24.5256,24.5433,24.1745,24.3938
FDP,2005-05-03,24.4686,24.6525,24.3604,24.6111
FDP,2005-05-04,24.7302,24.8069,24.3849,24.5167
FDP,2005-05-05,24.739,24.7833,24.4459,24.4686
FDP,2005-05-06,24.4843,24.6358,24.4843,24.501
FDP,2005-05-09,24.501,24.501,23.9856,24.2974
FDP,2005-05-10,24.2974,24.6358,24.1922,24.4773
FDP,2005-05-11,24.6711,24.8001,24.4843,24.679
FDP,2005-05-12,24.6279,24.7833,24.5747,24.6279
FDP,2005-05-13,24.5747,24.9052,24.501,24.6279
FDP,2005-05-16,24.6613,24.8797,24.5256,24.8246
FDP,2005-05-17,24.6977,25.0263,24.6525,24.9563
FDP,2005-05-18,24.9052,25.1471,24.8797,25.0163
FDP,2005-05-19,25.1638,25.2269,24.9052,25.1197
FDP,2005-05-20,24.9909,25.2406,24.9239,25.1108
FDP,2005-05-23,25.1471,25.1708,24.8797,24.9309
FDP,2005-05-24,24.9309,25.0853,24.8895,25.0163
FDP,2005-05-25,25.103,25.103,24.739,24.9466
FDP,2005-05-26,24.9239,25.1471,24.9239,24.9909
FDP,2005-05-27,24.8797,25.0076,24.8001,24.9052
FDP,2005-05-31,24.9142,24.9396,24.5847,24.5847
FDP,2005-06-01,24.501,24.7302,24.3938,24.4843
FDP,2005-06-02,24.4773,24.6279,24.4272,24.4843
FDP,2005-06-03,24.4459,24.4529,23.9433,24.0623
FDP,2005-06-06,24.0899,24.3771,23.9109,23.9689
FDP,2005-06-07,24.02,24.0456,23.6404,23.6817
FDP,2005-06-08,23.4712,23.4801,22.5762,22.6963
FDP,2005-06-09,22.6963,22.6963,22.172,22.2722
FDP,2005-06-10,22.2782,22.2782,21.7835,22.0962
FDP,2005-06-13,22.1149,22.4591,22.0195,22.347
FDP,2005-06-14,22.2487,22.6451,22.1965,22.4514
FDP,2005-06-15,22.4591,22.5851,22.2055,22.4758
FDP,2005-06-16,22.4197,22.5339,22.2565,22.3746
FDP,2005-06-17,22.4591,22.4848,22.1238,22.1798
FDP,2005-06-20,22.1396,22.1965,21.9497,22.054
FDP,2005-06-21,22.0372,22.232,22.0372,22.1641
FDP,2005-06-22,22.1641,22.232,22.0372,22.0795
FDP,2005-06-23,22.0795,22.2055,22.0372,22.1484
FDP,2005-06-24,22.1484,22.2782,21.9586,22.0608
FDP,2005-06-27,22.0372,22.1878,22.0195,22.1878
FDP,2005-06-28,22.2871,22.6116,22.2055,22.5575
FDP,2005-06-29,22.6028,22.6696,22.3933,22.5762
FDP,2005-06-30,22.5762,22.8556,22.5762,22.7297
FDP,2005-07-01,22.8113,22.882,22.7297,22.7532
FDP,2005-07-05,22.706,22.706,22.4197,22.4758
FDP,2005-07-06,22.4591,22.6963,22.3746,22.5339
FDP,2005-07-07,22.5339,22.5339,21.9497,22.1878
FDP,2005-07-08,22.3126,22.4197,22.0795,22.3559
FDP,2005-07-11,22.3933,23.4889,22.3746,23.0178
FDP,2005-07-12,23.0828,23.0916,22.7227,22.7867
FDP,2005-07-13,22.8653,23.009,22.7464,22.8998
FDP,2005-07-14,22.9067,23.1329,22.829,22.8653
FDP,2005-07-15,22.8024,22.9411,22.7464,22.8024
FDP,2005-07-18,22.7532,23.0011,22.6963,22.706
FDP,2005-07-19,22.7464,22.9155,22.714,22.7946
FDP,2005-07-20,22.7946,22.829,22.6618,22.7779
FDP,2005-07-21,22.7602,22.7779,22.3844,22.5408
FDP,2005-07-22,22.6283,22.7297,22.5408,22.5851
FDP,2005-07-25,22.5408,22.5487,22.2871,22.4021
FDP,2005-07-26,22.4374,22.6529,22.4374,22.4926
FDP,2005-07-27,22.5339,22.5339,22.172,22.3303
FDP,2005-07-28,22.4197,22.4197,22.1641,22.2222
FDP,2005-07-29,22.0962,22.4444,22.0962,22.2152
FDP,2005-08-01,22.1798,22.2871,21.7933,21.9497
FDP,2005-08-02,21.7835,21.9763,21.4874,21.9497
FDP,2005-08-03,21.9497,21.9497,21.7422,21.9183
FDP,2005-08-04,21.875,22.1396,21.868,22.1396
FDP,2005-08-05,22.1326,22.1326,21.7835,21.8356
FDP,2005-08-08,21.7756,21.7933,21.515,21.7245
FDP,2005-08-09,21.7068,21.75,21.5573,21.5887
FDP,2005-08-10,21.5887,21.7165,21.4963,21.4963
FDP,2005-08-11,21.5051,21.6724,21.395,21.5652
FDP,2005-08-12,21.4609,21.6546,21.4018,21.6163
FDP,2005-08-15,21.573,21.6978,21.4018,21.573
FDP,2005-08-16,21.4697,21.5652,21.2592,21.451
FDP,2005-08-17,21.5228,21.6163,21.4294,21.573
FDP,2005-08-18,21.5475,21.6546,21.4205,21.573
FDP,2005-08-19,21.6311,21.6635,21.515,21.515
FDP,2005-08-22,21.5228,21.6311,21.5228,21.5317
FDP,2005-08-23,21.5317,21.5475,21.3193,21.3773
FDP,2005-08-24,21.3359,21.3675,21.2425,21.2936
FDP,2005-08-25,21.6978,21.7422,21.3193,21.573
FDP,2005-08-26,21.6231,21.6881,21.5475,21.6231
FDP,2005-08-29,21.5573,21.7422,21.4963,21.6724
FDP,2005-08-30,21.573,21.6724,21.3773,21.4874
FDP,2005-08-31,21.5475,21.6163,21.4609,21.5228
FDP,2005-09-01,21.5228,21.6724,21.5228,21.6546
FDP,2005-09-02,21.6163,21.75,21.5573,21.75
FDP,2005-09-06,21.9251,21.9497,21.7579,21.8356
FDP,2005-09-07,21.811,22.0195,21.75,21.9763
FDP,2005-09-08,21.9763,22.0195,21.8356,21.932
FDP,2005-09-09,21.9586,21.9586,21.811,21.9094
FDP,2005-09-12,21.8603,22.6696,21.8277,22.4758
FDP,2005-09-13,22.4287,22.4444,22.2782,22.3028
FDP,2005-09-14,22.1396,22.347,22.0608,22.2782
FDP,2005-09-15,22.3373,22.4758,22.3373,22.4591
FDP,2005-09-16,22.4197,22.6283,22.2949,22.4287
FDP,2005-09-19,22.3844,22.6283,22.3303,22.6283
FDP,2005-09-20,22.6283,22.6283,22.3559,22.4444
FDP,2005-09-21,22.4444,22.4444,21.9497,22.054
FDP,2005-09-22,22.1238,22.1484,22.0372,22.1238
FDP,2005-09-23,22.1484,22.1484,22.0372,22.0697
FDP,2005-09-26,22.1149,22.3657,22.0195,22.1326
FDP,2005-09-27,22.1965,22.6372,22.0962,22.6283
FDP,2005-09-28,22.6451,22.9834,22.5487,22.8201
FDP,2005-09-29,22.8998,22.948,22.8201,22.948
FDP,2005-09-30,22.882,22.9834,22.8024,22.9834
FDP,2005-10-03,22.9657,22.9657,22.7375,22.9067
FDP,2005-10-04,22.8723,22.9736,22.7375,22.7532
FDP,2005-10-05,22.6883,22.6883,22.41,22.5084
FDP,2005-10-06,22.4514,22.4591,21.868,22.054
FDP,2005-10-07,22.0018,22.1798,21.868,22.0795
FDP,2005-10-10,22.0195,22.0795,21.9497,22.0795
FDP,2005-10-11,22.0284,22.0795,21.9664,22.0451
FDP,2005-10-12,21.9939,22.0451,21.875,22.0372
FDP,2005-10-13,22.0372,22.2654,21.8847,22.1238
FDP,2005-10-14,22.1051,22.1798,21.9094,22.0018
FDP,2005-10-17,21.9497,21.9497,21.7579,21.7835
FDP,2005-10-18,21.573,21.6724,21.5051,21.5051
FDP,2005-10-19,24.1135,24.1135,21.395,21.7835
FDP,2005-10-20,21.7579,21.9497,21.6546,21.6635
FDP,2005-10-21,21.6163,21.9015,21.5652,21.7422
FDP,2005-10-24,22.6283,22.6283,21.6811,21.875
FDP,2005-10-25,21.8277,21.9183,21.7245,21.8937
FDP,2005-10-26,21.8937,21.9763,21.8523,21.9094
FDP,2005-10-27,21.9251,21.9586,21.7678,21.8277
FDP,2005-10-28,21.7933,22.0372,21.7933,21.9497
FDP,2005-10-31,21.9408,22.1238,21.8847,22.0107
FDP,2005-11-01,22.0284,22.2055,21.9408,22.1878
FDP,2005-11-02,22.1878,22.2055,21.8436,21.868
FDP,2005-11-03,21.8189,21.8603,21.5317,21.5652
FDP,2005-11-04,21.5809,21.6978,21.1234,21.2425
FDP,2005-11-07,21.1767,21.6546,21.1767,21.4294
FDP,2005-11-08,20.915,21.4382,20.6838,21.3773
FDP,2005-11-09,21.2111,21.3773,21.098,21.2936
FDP,2005-11-10,21.2769,21.3439,20.9721,21.3439
FDP,2005-11-11,21.3675,21.4117,21.2032,21.4117
FDP,2005-11-14,21.3596,21.6231,21.3113,21.5573
FDP,2005-11-15,21.515,22.0284,21.515,21.9664
FDP,2005-11-16,22.0107,22.1641,21.9183,21.9408
FDP,2005-11-17,22.0372,22.2487,22.0284,22.1798
FDP,2005-11-18,22.172,22.172,21.8356,22.0195
FDP,2005-11-21,22.0195,22.0372,21.875,21.9408
FDP,2005-11-22,21.9408,22.0284,21.868,21.9939
FDP,2005-11-23,21.9251,21.9939,21.8523,21.9851
FDP,2005-11-25,21.9851,22.0451,21.8937,22.0284
FDP,2005-11-28,22.1149,22.1326,21.868,21.875
FDP,2005-11-29,21.875,21.9497,21.7068,21.8189
FDP,2005-11-30,21.6978,21.932,21.6978,21.9251
FDP,2005-12-01,21.932,22.1484,21.8436,22.0284
FDP,2005-12-02,21.9497,22.2565,21.8937,22.2565
FDP,2005-12-05,22.2565,22.8113,22.2487,22.2782
FDP,2005-12-06,22.347,22.41,21.9183,21.9939
FDP,2005-12-07,21.932,21.9763,21.8523,21.9497
FDP,2005-12-08,21.932,21.9497,21.6635,21.8436
FDP,2005-12-09,19.5803,20.1547,18.4916,20.1104
FDP,2005-12-12,20.0917,20.1017,19.3955,19.4948
FDP,2005-12-13,19.4948,19.7121,19.42,19.5735
FDP,2005-12-14,19.599,19.6629,19.2174,19.5046
FDP,2005-12-15,19.4761,19.4859,19.0482,19.1564
FDP,2005-12-16,19.1259,21.0233,19.1259,20.7183
FDP,2005-12-19,20.8471,20.855,20.1547,20.3406
FDP,2005-12-20,20.3406,20.3485,19.9776,20.019
FDP,2005-12-21,20.2639,20.2797,19.9432,20.1724
FDP,2005-12-22,20.2393,20.2393,20.0849,20.1104
FDP,2005-12-23,19.9776,20.621,19.9776,20.0849
FDP,2005-12-27,20.0593,20.075,19.599,19.6541
FDP,2005-12-28,19.6226,19.8852,19.5548,19.5803
FDP,2005-12-29,19.5046,20.0023,19.5046,19.9609
FDP,2005-12-30,19.8597,19.9432,19.1092,19.2253
FDP,2006-01-03,19.1732,19.3955,18.5083,18.5161
FDP,2006-01-04,18.5161,19.0138,18.5004,18.9892
FDP,2006-01-05,19.0227,19.2253,18.3194,18.5161
FDP,2006-01-06,18.6499,19.1319,18.5318,18.5318
FDP,2006-01-09,18.5318,18.7266,18.5231,18.5841
FDP,2006-01-10,18.5672,18.9135,18.5318,18.7867
FDP,2006-01-11,18.6589,18.7867,18.2467,18.3981
FDP,2006-01-12,18.3981,18.8446,18.2378,18.8269
FDP,2006-01-13,18.761,18.761,18.4335,18.4414
FDP,2006-01-17,18.286,18.3726,18.1552,18.2782
FDP,2006-01-18,18.286,18.8054,18.0677,18.6253
FDP,2006-01-19,18.6165,18.7954,18.5742,18.7187
FDP,2006-01-20,18.6843,18.7355,18.5004,18.6499
FDP,2006-01-23,18.5841,18.7187,18.5575,18.6676
FDP,2006-01-24,18.6589,18.7954,18.5841,18.6676
FDP,2006-01-25,18.7187,18.761,18.6076,18.761
FDP,2006-01-26,18.887,18.9469,18.6756,18.9469
FDP,2006-01-27,18.8191,19.0315,18.6676,18.9971
FDP,2006-01-30,18.7542,19.2253,18.7542,19.1643
FDP,2006-01-31,19.1732,19.42,19.0059,19.4122
FDP,2006-02-01,19.3197,19.4122,19.244,19.3344
FDP,2006-02-02,19.4033,19.4122,19.0059,19.0807
FDP,2006-02-03,19.0807,19.4033,19.0807,19.302
FDP,2006-02-06,19.2086,19.3414,19.1643,19.2676
FDP,2006-02-07,19.0718,19.1564,19.0482,19.1181
FDP,2006-02-08,19.0807,19.2086,19.0404,19.0905
FDP,2006-02-09,19.0561,19.2597,19.0404,19.1997
FDP,2006-02-10,19.1643,19.2174,19.0404,19.1732
FDP,2006-02-13,19.1466,19.1643,18.9971,19.1092
FDP,2006-02-14,19.0807,19.1909,18.9971,19.1181
FDP,2006-02-15,19.0807,19.1259,18.9971,19.0905
FDP,2006-02-16,19.1387,19.181,19.064,19.1732
FDP,2006-02-17,19.1259,19.4122,19.1092,19.3098
FDP,2006-02-21,19.3197,19.4948,19.2597,19.42
FDP,2006-02-22,19.4761,19.5046,19.302,19.4515
FDP,2006-02-23,19.4604,19.4604,19.0404,19.0482
FDP,2006-02-24,18.8771,19.0994,18.6932,19.064
FDP,2006-02-27,18.9135,18.9557,18.7542,18.8269
FDP,2006-02-28,18.4158,18.4257,16.9031,17.0064
FDP,2006-03-01,16.9385,17.0221,16.3396,16.3651
FDP,2006-03-02,16.3651,16.3651,15.0029,15.4002
FDP,2006-03-03,15.2056,15.3394,14.7924,15.2911
FDP,2006-03-06,15.3,16.1921,15.3,16.0249
FDP,2006-03-07,15.9589,16.0426,15.7033,16.015
FDP,2006-03-08,16.0937,16.2619,15.9078,16.2619
FDP,2006-03-09,16.2619,16.3494,15.7298,16.2795
FDP,2006-03-10,16.2884,16.7172,16.2098,16.6347
FDP,2006-03-13,16.6347,16.8855,16.5746,16.6917
FDP,2006-03-14,16.8441,16.8441,16.2707,16.8264
FDP,2006-03-15,16.8264,17.1904,16.7349,17.1304
FDP,2006-03-16,17.2071,17.326,17.087,17.3192
FDP,2006-03-17,17.3439,17.4008,17.0615,17.3192
FDP,2006-03-20,17.3113,17.6212,17.3113,17.5631
FDP,2006-03-21,17.7155,17.7155,17.4914,17.5365
FDP,2006-03-22,17.5552,17.8346,17.4914,17.8159
FDP,2006-03-23,17.8346,18.2535,17.6594,18.0598
FDP,2006-03-24,17.9564,17.9564,17.0546,17.4844
FDP,2006-03-27,17.3113,17.7647,16.9641,17.7313
FDP,2006-03-28,17.7235,17.7902,17.4746,17.5975
FDP,2006-03-29,17.5365,17.7726,17.451,17.7726
FDP,2006-03-30,17.6142,17.7647,17.5101,17.7647
FDP,2006-03-31,17.7726,17.8572,17.627,17.8572
FDP,2006-04-03,17.9664,18.0185,17.7825,17.9044
FDP,2006-04-04,17.9841,18.407,17.8572,18.407
FDP,2006-04-05,18.4493,18.4493,18.1641,18.3116
FDP,2006-04-06,18.4414,18.4414,17.865,17.9664
FDP,2006-04-07,17.8995,18.0371,17.7235,17.8503
FDP,2006-04-10,18.0087,18.1965,17.7726,18.0371
FDP,2006-04-11,18.1198,18.1552,17.7235,17.749
FDP,2006-04-12,17.7313,17.8247,17.6142,17.7235
FDP,2006-04-13,17.688,17.9044,17.5631,17.8572
FDP,2006-04-17,17.8089,17.9487,17.7902,17.8572
FDP,2006-04-18,18.0274,18.0677,17.6594,17.8572
FDP,2006-04-19,17.8995,17.9841,17.7058,17.8572
FDP,2006-04-20,17.8247,17.8346,17.3113,17.4008
FDP,2006-04-21,17.383,17.6212,17.3703,17.5365
FDP,2006-04-24,16.7172,16.7261,16.0327,16.1831
FDP,2006-04-25,16.3494,16.3976,16.075,16.0839
FDP,2006-04-26,16.2619,16.609,16.0839,16.5913
FDP,2006-04-27,16.5913,16.7919,16.3799,16.4547
FDP,2006-04-28,16.4133,16.4468,15.8734,15.8812
FDP,2006-05-01,16.075,16.1664,15.7632,16.1104
FDP,2006-05-02,15.2833,15.9255,14.5239,15.8635
FDP,2006-05-03,15.4435,15.7033,15.2134,15.3561
FDP,2006-05-04,15.1966,15.2056,13.7263,14.0568
FDP,2006-05-05,14.0568,14.5239,14.0154,14.457
FDP,2006-05-08,14.5239,14.76,14.3105,14.5564
FDP,2006-05-09,14.4295,14.4787,14.1926,14.3863
FDP,2006-05-10,14.3686,14.5653,14.3184,14.4118
FDP,2006-05-11,14.3508,14.5308,14.2947,14.343
FDP,2006-05-12,14.277,14.286,14.0568,14.2023
FDP,2006-05-15,14.1256,14.2693,14.0568,14.2535
FDP,2006-05-16,14.221,14.3508,13.9741,14.1256
FDP,2006-05-17,14.1345,14.343,13.9653,14.1433
FDP,2006-05-18,14.1856,14.3508,14.0568,14.2112
FDP,2006-05-19,14.277,14.4787,14.1769,14.457
FDP,2006-05-22,14.457,14.4719,14.2112,14.3764
FDP,2006-05-23,14.3863,14.4384,14.2613,14.4384
FDP,2006-05-24,14.343,14.4384,14.221,14.4384
FDP,2006-05-25,14.4384,15.4002,14.3686,15.3738
FDP,2006-05-26,15.3738,15.3738,15.0964,15.1966
FDP,2006-05-30,15.0708,15.1132,14.8495,14.8495
FDP,2006-05-31,14.8584,15.0383,14.6656,14.766
FDP,2006-06-01,14.7433,15.0383,14.3863,15.0295
FDP,2006-06-02,15.0383,15.1132,14.7433,14.9449
FDP,2006-06-05,14.8858,14.9272,14.6656,14.6922
FDP,2006-06-06,14.8171,14.8584,14.6065,14.7187
FDP,2006-06-07,14.7757,14.9872,14.7373,14.8318
FDP,2006-06-08,14.8495,14.8495,14.583,14.701
FDP,2006-06-09,14.7109,14.8858,14.6065,14.766
FDP,2006-06-12,14.8495,14.8584,14.5239,14.6065
FDP,2006-06-13,14.5466,14.6125,14.4118,14.6065
FDP,2006-06-14,14.4964,14.639,14.4207,14.5466
FDP,2006-06-15,14.6065,14.701,14.404,14.5987
FDP,2006-06-16,14.7109,14.824,14.5898,14.7109
FDP,2006-06-19,14.639,14.7924,14.5062,14.639
FDP,2006-06-20,14.6922,14.8171,14.6302,14.6922
FDP,2006-06-21,14.7373,14.7373,14.16,14.2693
FDP,2006-06-22,14.343,14.457,14.286,14.3863
FDP,2006-06-23,14.3863,14.3941,14.2947,14.3508
FDP,2006-06-26,14.3941,14.4295,14.1856,14.2613
FDP,2006-06-27,14.3508,14.9705,14.343,14.9183
FDP,2006-06-28,14.9183,15.1062,14.701,14.7373
FDP,2006-06-29,14.8318,14.9528,14.7757,14.9183
FDP,2006-06-30,14.8761,14.8761,14.3686,14.583
FDP,2006-07-03,14.7433,14.7837,14.5564,14.5564
FDP,2006-07-05,14.5564,14.5564,14.3508,14.404
FDP,2006-07-06,14.463,14.463,14.0224,14.1699
FDP,2006-07-07,14.2289,14.3105,14.1345,14.16
FDP,2006-07-10,14.1769,14.3105,13.9741,14.1926
FDP,2006-07-11,14.1926,14.1926,13.7627,14.0017
FDP,2006-07-12,13.8571,14.0154,13.7627,13.9928
FDP,2006-07-13,13.9928,13.9928,13.6043,13.684
FDP,2006-07-14,13.8149,13.9928,13.7715,13.8414
FDP,2006-07-17,13.8149,13.8876,13.7361,13.7981
FDP,2006-07-18,13.8876,13.8876,13.7361,13.7715
FDP,2006-07-19,13.9043,13.922,13.806,13.8316
FDP,2006-07-20,13.8149,13.9043,13.5522,13.5522
FDP,2006-07-21,13.6043,13.6201,13.3566,13.4922
FDP,2006-07-24,13.5778,13.5778,13.3801,13.4922
FDP,2006-07-25,13.4066,13.6289,13.4066,13.6043
FDP,2006-07-26,13.6516,13.8807,13.6516,13.806
FDP,2006-07-27,13.806,13.8414,13.5365,13.7715
FDP,2006-07-28,13.8571,14.0991,13.8571,14.0498
FDP,2006-07-31,14.343,14.4787,14.1256,14.1856
FDP,2006-08-01,13.93,13.9387,13.086,13.5198
FDP,2006-08-02,13.5198,13.5424,13.3633,13.439
FDP,2006-08-03,13.439,13.6289,13.389,13.5198
FDP,2006-08-04,13.6929,14.0804,13.4313,13.5522
FDP,2006-08-07,13.51,13.5778,13.4214,13.5198
FDP,2006-08-08,13.4667,13.5011,13.2493,13.2493
FDP,2006-08-09,13.2061,13.4214,13.1283,13.2906
FDP,2006-08-10,13.1814,13.3398,13.1106,13.2405
FDP,2006-08-11,13.1283,13.3496,13.1283,13.2139
FDP,2006-08-14,13.1637,13.4744,13.1637,13.2906
FDP,2006-08-15,13.4146,13.4214,13.2837,13.3801
FDP,2006-08-16,13.4667,13.5611,13.3801,13.5522
FDP,2006-08-17,13.5522,13.6437,13.4922,13.5424
FDP,2006-08-18,13.6368,13.744,13.5198,13.7263
FDP,2006-08-21,13.7981,13.9564,13.744,13.9564
FDP,2006-08-22,13.9564,14.0017,13.8621,13.9387
FDP,2006-08-23,13.9741,14.5466,13.8483,14.4207
FDP,2006-08-24,14.3587,14.9449,14.3508,14.9026
FDP,2006-08-25,15.0295,15.1731,14.8671,14.8671
FDP,2006-08-28,14.8171,14.8495,14.7187,14.8171
FDP,2006-08-29,14.766,15.0029,14.6656,15.0029
FDP,2006-08-30,14.9616,15.1799,14.9616,15.1456
FDP,2006-08-31,15.1731,15.1731,15.0295,15.1132
FDP,2006-09-01,15.1731,15.2301,15.1132,15.2134
FDP,2006-09-05,15.0029,15.2488,14.9872,15.0964
FDP,2006-09-06,14.8761,14.9941,14.6125,14.766
FDP,2006-09-07,14.5653,14.9872,14.5653,14.7503
FDP,2006-09-08,15.1132,15.1456,14.6745,14.9272
FDP,2006-09-11,14.9528,15.3638,14.9272,15.1132
FDP,2006-09-12,14.9705,16.015,14.9449,15.7131
FDP,2006-09-13,15.6197,15.6954,15.6039,15.6354
FDP,2006-09-14,15.7033,15.8389,15.6197,15.779
FDP,2006-09-15,15.6284,16.0839,15.6117,16.0573
FDP,2006-09-18,16.1251,16.1921,15.7878,15.9334
FDP,2006-09-19,15.8557,16.1173,15.7131,16.0661
FDP,2006-09-20,16.0249,16.0426,15.8065,15.8901
FDP,2006-09-21,15.8212,15.9422,15.4662,15.7131
FDP,2006-09-22,15.6531,15.7033,15.5124,15.5793
FDP,2006-09-25,15.4946,15.5036,14.7994,14.9361
FDP,2006-09-26,14.9361,15.1298,14.6213,15.1298
FDP,2006-09-27,15.0473,15.1554,14.9449,14.9872
FDP,2006-09-28,15.0029,15.1731,14.7373,14.8318
FDP,2006-09-29,14.8761,15.0787,14.6745,14.6833
FDP,2006-10-02,14.6833,14.6833,14.286,14.4472
FDP,2006-10-03,14.1168,14.4964,14.1168,14.221
FDP,2006-10-04,14.1699,14.3508,14.0154,14.3262
FDP,2006-10-05,14.2535,14.3262,14.0154,14.1168
FDP,2006-10-06,14.1168,14.1168,13.983,14.0804
FDP,2006-10-09,13.9741,13.983,13.3496,13.5866
FDP,2006-10-10,13.6437,13.8227,13.2985,13.6368
FDP,2006-10-11,13.51,13.6604,13.4834,13.5011
FDP,2006-10-12,13.4577,13.8316,13.3723,13.806
FDP,2006-10-13,13.7715,13.8483,13.5424,13.7017
FDP,2006-10-16,13.6289,13.8316,13.4667,13.5866
FDP,2006-10-17,13.4922,13.6132,13.4667,13.5011
FDP,2006-10-18,13.5866,13.6929,13.4667,13.5611
FDP,2006-10-19,13.4834,13.6368,13.3988,13.3988
FDP,2006-10-20,13.4667,13.6132,13.3988,13.51
FDP,2006-10-23,13.4214,13.6289,13.4214,13.5955
FDP,2006-10-24,13.5198,13.5611,13.4066,13.4744
FDP,2006-10-25,13.4834,13.6043,13.4146,13.5011
FDP,2006-10-26,13.5778,13.6929,13.5198,13.6516
FDP,2006-10-27,13.5611,13.8414,13.5611,13.6762
FDP,2006-10-30,13.6762,13.9387,13.6762,13.8876
FDP,2006-10-31,13.086,13.4214,12.8756,13.1637
FDP,2006-11-01,13.1106,13.4066,12.9424,12.97
FDP,2006-11-02,12.9346,13.086,12.8676,12.8676
FDP,2006-11-03,12.8342,13.1185,12.8342,12.9601
FDP,2006-11-06,12.9169,12.9601,12.6837,12.7496
FDP,2006-11-07,13.0271,13.0271,12.7742,12.8008
FDP,2006-11-08,12.7575,12.9601,12.7496,12.9011
FDP,2006-11-09,12.9346,12.9601,12.8412,12.9513
FDP,2006-11-10,12.8853,12.8943,12.6926,12.7742
FDP,2006-11-13,12.6837,13.0271,12.6837,13.0271
FDP,2006-11-14,13.0014,13.0014,12.8165,12.9601
FDP,2006-11-15,12.8853,13.086,12.8499,13.0201
FDP,2006-11-16,12.8756,13.0271,12.7841,12.7919
FDP,2006-11-17,12.7575,12.8943,12.6404,12.7004
FDP,2006-11-20,12.8342,12.9601,12.7004,12.8943
FDP,2006-11-21,12.8245,12.8756,12.7241,12.7241
FDP,2006-11-22,12.9346,12.9346,12.5686,12.5943
FDP,2006-11-24,12.6317,12.7841,12.6317,12.6504
FDP,2006-11-27,12.5598,12.6504,12.4969,12.55
FDP,2006-11-28,12.5274,12.5775,12.4555,12.5047
FDP,2006-11-29,12.5047,12.6837,12.4555,12.6837
FDP,2006-11-30,12.7004,12.7338,12.613,12.6837
FDP,2006-12-01,12.6837,12.7338,12.5195,12.7338
FDP,2006-12-04,12.6926,12.8342,12.6404,12.6504
FDP,2006-12-05,12.6661,12.7004,12.5421,12.613
FDP,2006-12-06,12.55,12.7418,12.5421,12.7161
FDP,2006-12-07,12.6661,12.7664,12.5047,12.5353
FDP,2006-12-08,12.5844,12.6661,12.5353,12.6582
FDP,2006-12-11,12.6217,12.7575,12.5421,12.6739
FDP,2006-12-12,12.6739,12.8076,12.6661,12.7496
FDP,2006-12-13,12.7496,12.8342,12.6317,12.6661
FDP,2006-12-14,12.6661,12.7742,12.6661,12.7241
FDP,2006-12-15,12.8165,13.146,12.8076,13.1372
FDP,2006-12-18,13.0693,13.3142,13.0014,13.1549
FDP,2006-12-19,13.0693,13.0772,12.9857,13.0014
FDP,2006-12-20,13.0693,13.086,12.97,12.9946
FDP,2006-12-21,13.0113,13.0772,12.6582,12.6661
FDP,2006-12-22,12.6926,12.8165,12.6404,12.6661
FDP,2006-12-26,12.6739,12.8943,12.6739,12.8412
FDP,2006-12-27,12.7496,13.0693,12.5943,12.6582
FDP,2006-12-28,12.5943,12.7074,12.5775,12.6404
FDP,2006-12-29,12.6582,12.7161,12.5775,12.5844
FDP,2007-01-03,12.7074,12.9857,12.6582,12.6582
FDP,2007-01-04,12.6661,12.7074,12.5353,12.6582
FDP,2007-01-05,12.5775,12.5775,12.3179,12.3435
FDP,2007-01-08,12.55,12.55,12.1654,12.2501
FDP,2007-01-09,12.2865,12.3435,12.1576,12.2588
FDP,2007-01-10,12.2865,12.369,12.1724,12.3099
FDP,2007-01-11,12.3356,12.6582,12.3356,12.5598
FDP,2007-01-12,12.613,12.6739,12.5598,12.5775
FDP,2007-01-16,12.5598,12.6404,12.5598,12.5686
FDP,2007-01-17,12.55,12.6404,12.55,12.5844
FDP,2007-01-18,12.5943,12.6404,12.4555,12.489
FDP,2007-01-19,12.5195,12.6317,12.3513,12.369
FDP,2007-01-22,12.3356,12.5598,12.2765,12.4723
FDP,2007-01-23,12.4378,12.5598,12.4044,12.55
FDP,2007-01-24,12.5195,12.6317,12.4555,12.5126
FDP,2007-01-25,12.4555,12.8245,12.4555,12.6739
FDP,2007-01-26,12.7074,12.8245,12.7074,12.7841
FDP,2007-01-29,12.8342,12.9169,12.5775,12.8589
FDP,2007-01-30,12.9169,13.1106,12.9169,13.0358
FDP,2007-01-31,13.0447,13.0605,12.9011,13.0014
FDP,2007-02-01,13.0014,13.0358,12.9424,13.0113
FDP,2007-02-02,12.9946,13.1637,12.9946,13.1549
FDP,2007-02-05,13.1716,13.2139,13.1549,13.1814
FDP,2007-02-06,13.1716,13.3633,13.1716,13.2739
FDP,2007-02-07,13.2493,13.4214,13.2061,13.3633
FDP,2007-02-08,13.4214,13.4313,13.3398,13.3988
FDP,2007-02-09,13.439,13.4922,13.3988,13.4834
FDP,2007-02-12,13.439,13.5866,13.439,13.5611
FDP,2007-02-13,13.6437,13.7263,13.4744,13.6289
FDP,2007-02-14,13.5955,13.9132,13.5955,13.8149
FDP,2007-02-15,13.806,13.9043,13.7981,13.8807
FDP,2007-02-16,13.8719,13.922,13.7184,13.9043
FDP,2007-02-20,13.922,14.221,13.7981,14.2023
FDP,2007-02-21,14.1433,14.2289,14.1433,14.1926
FDP,2007-02-22,14.1926,14.2535,14.0991,14.16
FDP,2007-02-23,14.1168,14.1856,13.8227,13.922
FDP,2007-02-26,13.93,13.93,13.8316,13.8621
FDP,2007-02-27,13.8621,14.1512,13.5277,13.9387
FDP,2007-02-28,14.1856,15.1132,14.1856,14.9941
FDP,2007-03-01,15.0029,15.4348,14.4886,15.1799
FDP,2007-03-02,15.4505,15.9255,15.4258,15.6531
FDP,2007-03-05,15.6531,15.7209,15.4662,15.5291
FDP,2007-03-06,15.6599,16.4714,15.6599,16.2619
FDP,2007-03-07,16.1664,16.3799,16.1251,16.314
FDP,2007-03-08,16.2962,17.0693,16.2962,16.8186
FDP,2007-03-09,16.9887,17.03,16.3888,16.4969
FDP,2007-03-12,16.3651,16.3651,15.9334,16.1173
FDP,2007-03-13,15.7209,15.9845,15.596,15.6039
FDP,2007-03-14,15.5793,15.9589,15.3561,15.9255
FDP,2007-03-15,15.8468,16.0503,15.8468,16.015
FDP,2007-03-16,16.0839,16.255,15.8065,15.9255
FDP,2007-03-19,15.9334,16.0249,15.7632,16.0082
FDP,2007-03-20,15.9993,16.1251,15.9422,16.1251
FDP,2007-03-21,16.1251,16.7565,16.0839,16.7565
FDP,2007-03-22,16.7732,16.853,16.6524,16.8264
FDP,2007-03-23,16.8087,16.8766,16.5835,16.7349
FDP,2007-03-26,16.7349,16.7349,16.5835,16.6828
FDP,2007-03-27,16.6347,16.675,16.5658,16.6524
FDP,2007-03-28,16.5303,16.8353,16.4812,16.8009
FDP,2007-03-29,16.7822,16.8264,16.6347,16.7172
FDP,2007-03-30,16.7349,17.087,16.7349,16.9307
FDP,2007-04-02,16.973,16.973,16.5658,16.6681
FDP,2007-04-03,16.6681,16.853,16.6524,16.853
FDP,2007-04-04,16.7919,16.8855,16.6267,16.7172
FDP,2007-04-05,16.7261,16.8855,16.6003,16.8766
FDP,2007-04-09,16.8009,16.8264,16.618,16.7005
FDP,2007-04-10,16.6347,16.8855,16.4812,16.5303
FDP,2007-04-11,16.5303,16.6347,16.3052,16.5746
FDP,2007-04-12,16.5303,16.5303,16.3888,16.4812
FDP,2007-04-13,16.5049,16.7822,16.4468,16.7732
FDP,2007-04-16,16.7655,16.8687,16.6267,16.6681
FDP,2007-04-17,16.6347,16.6347,16.4547,16.4812
FDP,2007-04-18,16.4881,16.4969,16.3799,16.3976
FDP,2007-04-19,16.3976,16.5303,16.2962,16.4625
FDP,2007-04-20,16.4625,16.548,16.4281,16.5383
FDP,2007-04-23,16.5383,16.6347,16.4812,16.5746
FDP,2007-04-24,16.5658,16.618,16.1173,16.1251
FDP,2007-04-25,16.1104,16.6917,16.1104,16.6681
FDP,2007-04-26,16.618,16.8009,16.618,16.6444
FDP,2007-04-27,16.6444,16.7565,16.4881,16.7172
FDP,2007-04-30,16.7565,17.1991,16.7565,17.1991
FDP,2007-05-01,18.7443,21.0645,18.7443,20.9956
FDP,2007-05-02,20.4734,20.6298,19.8429,19.9088
FDP,2007-05-03,19.6305,20.1449,19.5735,19.6089
FDP,2007-05-04,19.7043,19.8597,19.3955,19.4702
FDP,2007-05-07,19.7564,20.6121,19.7564,20.2226
FDP,2007-05-08,19.7121,20.6357,19.7121,20.3652
FDP,2007-05-09,20.2797,20.3485,20.1449,20.1636
FDP,2007-05-10,19.7731,20.2226,19.7731,20.0849
FDP,2007-05-11,20.1871,20.2128,19.8094,19.9512
FDP,2007-05-14,19.9512,20.1793,19.8174,19.8429
FDP,2007-05-15,19.8429,20.0111,19.8331,19.8429
FDP,2007-05-16,19.8498,19.9963,19.7288,19.9432
FDP,2007-05-17,20.0672,20.5973,20.0672,20.2472
FDP,2007-05-18,20.1547,20.4911,19.8999,19.9512
FDP,2007-05-21,19.9265,20.4232,19.9265,20.1449
FDP,2007-05-22,20.1449,20.2639,20.0917,20.0917
FDP,2007-05-23,19.9776,20.4232,19.6886,19.8498
FDP,2007-05-24,19.9265,20.3731,19.9265,20.1547
FDP,2007-05-25,20.2058,20.3406,20.1636,20.3406
FDP,2007-05-29,20.1793,20.6661,20.1793,20.5787
FDP,2007-05-30,20.5323,20.6298,20.2727,20.5787
FDP,2007-05-31,20.5697,20.6661,20.4734,20.5423
FDP,2007-06-01,20.5697,21.3113,20.5156,20.9544
FDP,2007-06-04,21.098,21.9939,21.098,21.6635
FDP,2007-06-05,21.451,21.7835,21.0724,21.1157
FDP,2007-06-06,21.1234,21.5887,20.8737,20.9869
FDP,2007-06-07,20.8648,21.0557,20.1017,20.2295
FDP,2007-06-08,19.9265,20.7695,19.5125,20.5246
FDP,2007-06-11,20.6661,20.9632,20.5874,20.8137
FDP,2007-06-12,20.621,20.621,20.0917,20.3987
FDP,2007-06-13,20.0917,20.3406,20.0917,20.1961
FDP,2007-06-14,20.1371,20.3318,19.9088,20.0593
FDP,2007-06-15,20.0917,20.5323,20.0917,20.2639
FDP,2007-06-18,20.3908,20.3908,19.7288,20.1194
FDP,2007-06-19,19.9866,20.0269,19.6226,19.7466
FDP,2007-06-20,19.7121,19.8331,19.4702,19.4702
FDP,2007-06-21,19.4948,19.7288,19.0227,19.6541
FDP,2007-06-22,19.6886,20.1724,19.599,20.0593
FDP,2007-06-25,20.0593,20.5973,19.8685,20.498
FDP,2007-06-26,20.561,21.7579,20.4911,21.2356
FDP,2007-06-27,21.0645,21.4117,20.855,21.1511
FDP,2007-06-28,21.2672,21.7422,21.2592,21.2672
FDP,2007-06-29,21.4609,21.7579,21.1511,21.1511
FDP,2007-07-02,21.1698,21.868,21.09,21.7835
FDP,2007-07-03,21.9497,21.9497,21.6881,21.7579
FDP,2007-07-05,21.811,21.8436,21.5228,21.7422
FDP,2007-07-06,21.6724,21.7332,21.3773,21.5652
FDP,2007-07-09,21.6546,21.7835,21.4471,21.5887
FDP,2007-07-10,21.4786,21.7332,21.0724,21.1067
FDP,2007-07-11,21.0233,21.3193,20.9632,21.2032
FDP,2007-07-12,21.4294,21.932,21.4294,21.7835
FDP,2007-07-13,21.8189,21.9015,21.5652,21.6811
FDP,2007-07-16,21.5475,21.9408,21.395,21.4697
FDP,2007-07-17,21.811,21.9094,21.4874,21.4874
FDP,2007-07-18,21.6978,21.7756,21.1157,21.2769
FDP,2007-07-19,21.4874,21.6311,21.2769,21.515
FDP,2007-07-20,21.4609,21.5976,21.2505,21.3439
FDP,2007-07-23,21.6163,22.3559,21.5405,21.868
FDP,2007-07-24,21.868,22.0018,20.5697,20.6357
FDP,2007-07-25,20.7517,20.8905,20.3574,20.6928
FDP,2007-07-26,20.3485,20.5323,19.7466,19.8685
FDP,2007-07-27,19.782,20.2472,18.9892,19.0138
FDP,2007-07-30,18.9557,19.3955,18.3283,19.302
FDP,2007-07-31,22.1641,22.714,21.09,21.6546
FDP,2007-08-01,22.9244,23.2716,21.8022,21.9015
FDP,2007-08-02,21.9939,23.6906,21.9851,23.4279
FDP,2007-08-03,22.8556,23.3463,21.3861,21.4294
FDP,2007-08-06,21.6468,23.6336,21.6468,22.9657
FDP,2007-08-07,23.0178,23.6336,22.4591,23.2027
FDP,2007-08-08,23.4712,23.5411,20.6357,21.2592
FDP,2007-08-09,21.0724,22.3303,19.6963,19.7564
FDP,2007-08-10,19.5902,23.5056,18.5929,22.9736
FDP,2007-08-13,23.5509,23.5509,21.6231,21.7579
FDP,2007-08-14,21.5809,22.0608,21.2032,21.3773
FDP,2007-08-15,21.2189,22.1051,20.561,20.6928
FDP,2007-08-16,20.3908,21.2769,19.7918,21.1234
FDP,2007-08-17,22.0372,22.0372,21.0143,21.0409
FDP,2007-08-20,21.09,21.9183,21.0468,21.5475
FDP,2007-08-21,21.6546,22.0018,21.6163,21.7835
FDP,2007-08-22,21.7579,22.3028,21.6468,22.1238
FDP,2007-08-23,22.1238,22.5851,21.9763,22.2055
FDP,2007-08-24,22.3844,22.5251,21.9664,22.2055
FDP,2007-08-27,22.0962,22.4514,22.0107,22.1051
FDP,2007-08-28,21.868,22.3657,21.8356,21.9939
FDP,2007-08-29,22.1149,22.4021,21.6724,22.4021
FDP,2007-08-30,22.5024,22.5024,21.811,22.1641
FDP,2007-08-31,22.1965,22.3746,21.6163,22.232
FDP,2007-09-04,22.0372,22.2949,21.9094,22.1878
FDP,2007-09-05,21.9094,22.3215,21.6311,21.811
FDP,2007-09-06,21.811,22.0795,21.573,21.9497
FDP,2007-09-07,21.9094,22.7532,21.1511,21.2278
FDP,2007-09-10,21.515,22.7532,21.1511,21.5887
FDP,2007-09-11,21.7835,22.1563,21.451,21.9939
FDP,2007-09-12,21.9251,22.4197,21.7678,22.0195
FDP,2007-09-13,22.232,22.232,21.3675,21.8356
FDP,2007-09-14,21.573,22.1396,21.5652,21.7165
FDP,2007-09-17,22.2871,23.4369,22.2152,23.1152
FDP,2007-09-18,23.2951,23.4191,22.8998,23.2293
FDP,2007-09-19,23.2716,24.4459,23.2116,24.263
FDP,2007-09-20,24.4036,24.501,23.5667,23.6256
FDP,2007-09-21,23.8292,24.3241,23.8105,23.9276
FDP,2007-09-24,24.1922,24.5747,24.1922,24.3771
FDP,2007-09-25,24.4616,24.7833,24.4036,24.7754
FDP,2007-09-26,24.8492,25.3193,24.7833,24.9741
FDP,2007-09-27,24.9909,25.1708,24.2728,24.6111
FDP,2007-09-28,24.501,24.8964,24.1135,24.2728
FDP,2007-10-01,24.0368,25.4403,23.9365,25.1384
FDP,2007-10-02,25.3114,26.0806,25.1197,26.0619
FDP,2007-10-03,25.9547,27.0101,25.8356,26.3747
FDP,2007-10-04,26.536,27.4743,26.232,26.4454
FDP,2007-10-05,26.7385,27.2786,26.6795,26.9844
FDP,2007-10-08,26.8074,27.0198,26.2675,26.7809
FDP,2007-10-09,26.6885,26.9097,26.1406,26.8074
FDP,2007-10-10,26.654,26.891,25.9636,26.6058
FDP,2007-10-11,26.5969,27.0011,25.8523,26.4012
FDP,2007-10-12,26.3835,26.7709,26.2252,26.5123
FDP,2007-10-15,26.4946,26.8733,26.0707,26.6304
FDP,2007-10-16,26.654,27.1438,26.4012,27.0268
FDP,2007-10-17,27.3159,27.3346,26.1228,26.5969
FDP,2007-10-18,26.4868,26.7809,26.418,26.5969
FDP,2007-10-19,26.5969,26.8074,25.8967,25.9458
FDP,2007-10-22,25.9134,27.6012,25.6144,27.4565
FDP,2007-10-23,28.0053,29.342,27.6089,29.2063
FDP,2007-10-24,28.9162,29.879,28.7754,29.6941
FDP,2007-10-25,29.1256,30.5302,28.7597,30.0817
FDP,2007-10-26,30.4376,32.0251,30.4141,31.7045
FDP,2007-10-29,31.5933,32.0172,28.69,29.2721
FDP,2007-10-30,29.5957,32.6093,29.4993,30.2842
FDP,2007-10-31,30.7849,30.892,29.3882,30.6314
FDP,2007-11-01,29.4325,29.4325,25.6587,26.4267
FDP,2007-11-02,26.8231,26.891,25.2406,25.9871
FDP,2007-11-05,26.3077,26.6058,25.4904,25.7746
FDP,2007-11-06,25.8613,26.2252,24.3161,24.4616
FDP,2007-11-07,23.9689,24.2728,23.245,23.6817
FDP,2007-11-08,24.1833,24.2295,23.0355,24.1588
FDP,2007-11-09,24.2728,24.5669,23.5588,24.4459
FDP,2007-11-12,24.1922,24.6436,23.9601,24.3241
FDP,2007-11-13,24.7833,24.9396,24.0289,24.4773
FDP,2007-11-14,24.5669,24.7213,24.02,24.0722
FDP,2007-11-15,23.8705,24.4843,23.665,24.081
FDP,2007-11-16,24.1223,24.501,23.2214,24.4773
FDP,2007-11-19,23.9433,24.4529,23.368,23.4889
FDP,2007-11-20,23.8705,24.4931,23.7487,24.2895
FDP,2007-11-21,24.1056,24.3682,23.2951,23.368
FDP,2007-11-23,23.9433,24.3427,23.5824,24.1833
FDP,2007-11-26,23.8105,24.4115,23.7574,24.0289
FDP,2007-11-27,24.0555,24.4843,23.665,24.0623
FDP,2007-11-28,24.0623,24.6111,23.8872,24.5669
FDP,2007-11-29,24.4616,25.2682,24.4616,25.1895
FDP,2007-11-30,25.5987,26.35,25.3016,26.1061
FDP,2007-12-03,26.0462,27.1763,25.9724,26.3077
FDP,2007-12-04,26.0117,27.6012,26.0117,27.1025
FDP,2007-12-05,27.7801,27.8608,27.3248,27.6012
FDP,2007-12-06,27.6012,28.6378,27.366,28.3702
FDP,2007-12-07,28.681,28.681,26.8153,27.5155
FDP,2007-12-10,27.5155,28.201,27.3346,27.8224
FDP,2007-12-11,27.7191,28.0712,26.7474,26.8074
FDP,2007-12-12,27.4654,27.7713,27.0011,27.2018
FDP,2007-12-13,26.7709,27.2451,26.4267,26.5969
FDP,2007-12-14,26.5192,26.9844,25.8455,26.1406
FDP,2007-12-17,26.0304,26.0982,25.5662,25.7344
FDP,2007-12-18,26.0982,26.2075,25.6498,25.8878
FDP,2007-12-19,25.9803,26.4267,25.7836,26.3924
FDP,2007-12-20,26.7159,27.0198,26.0894,26.9097
FDP,2007-12-21,27.3897,28.6211,27.1763,27.4565
FDP,2007-12-24,27.6089,27.6089,27.0779,27.3582
FDP,2007-12-26,27.3897,28.2748,27.3483,27.9384
FDP,2007-12-27,27.9896,28.1923,27.728,27.8391
FDP,2007-12-28,27.7536,28.6987,27.7536,28.5876
FDP,2007-12-31,28.6211,28.7086,27.8697,28.3535
FDP,2008-01-02,28.2581,28.3535,27.3159,27.4743
FDP,2008-01-03,27.4084,27.8962,27.0779,27.1586
FDP,2008-01-04,26.9588,27.3346,26.4267,26.831
FDP,2008-01-07,27.0455,28.4116,26.9264,27.846
FDP,2008-01-08,28.03,29.1974,27.7536,28.7341
FDP,2008-01-09,28.4961,28.7086,26.8231,27.7093
FDP,2008-01-10,27.5322,29.5327,27.3248,29.3154
FDP,2008-01-11,29.3488,29.3488,27.9808,28.0989
FDP,2008-01-14,27.9296,28.744,27.6592,28.3939
FDP,2008-01-15,28.0378,28.5552,27.7004,27.8224
FDP,2008-01-16,27.6906,29.0764,26.3256,28.6555
FDP,2008-01-17,28.8158,30.3787,27.8539,30.1849
FDP,2008-01-18,30.4308,30.8163,28.4794,29.1443
FDP,2008-01-22,27.9296,30.8016,27.7614,30.2105
FDP,2008-01-23,30.5881,30.5881,27.0011,28.3939
FDP,2008-01-24,28.5453,29.3794,27.2618,27.4408
FDP,2008-01-25,28.0712,28.6555,27.2972,27.3897
FDP,2008-01-28,27.3897,27.3897,25.9212,26.8497
FDP,2008-01-29,26.8231,27.0101,26.1928,26.4454
FDP,2008-01-30,26.2252,27.2884,25.9212,26.3835
FDP,2008-01-31,26.3156,27.3995,26.1928,26.9924
FDP,2008-02-01,27.1763,28.3535,27.1763,28.0624
FDP,2008-02-04,28.0447,28.3004,27.3159,27.4329
FDP,2008-02-05,26.9363,27.0101,25.87,26.232
FDP,2008-02-06,26.2586,26.2586,25.7108,25.9458
FDP,2008-02-07,25.8278,26.1228,25.1197,25.4746
FDP,2008-02-08,25.4659,27.2107,25.4236,26.3156
FDP,2008-02-11,26.3156,26.9844,26.2399,26.8074
FDP,2008-02-12,26.9924,27.9384,26.9097,27.5412
FDP,2008-02-13,27.8697,28.3615,27.6759,28.2837
FDP,2008-02-14,28.5552,28.5552,26.9844,27.7447
FDP,2008-02-15,27.5922,27.6837,26.4868,27.5922
FDP,2008-02-19,27.906,28.0053,26.9363,27.2618
FDP,2008-02-20,26.8566,27.374,26.291,27.0268
FDP,2008-02-21,27.1586,28.144,27.1586,27.5245
FDP,2008-02-22,27.5078,27.5322,26.4357,27.1763
FDP,2008-02-25,27.2362,27.9975,27.128,27.6237
FDP,2008-02-26,27.5078,29.3745,27.5078,29.0764
FDP,2008-02-27,28.8001,29.457,27.906,29.2407
FDP,2008-02-28,29.3794,30.2016,28.0889,28.3869
FDP,2008-02-29,28.1765,28.3939,27.07,28.0378
FDP,2008-03-03,27.9808,28.7086,27.6906,28.6043
FDP,2008-03-04,28.6466,28.7086,27.7801,28.5552
FDP,2008-03-05,28.7086,30.4888,28.5453,30.3009
FDP,2008-03-06,30.0817,30.0904,28.2837,28.5286
FDP,2008-03-07,28.2748,29.6184,28.2748,28.9013
FDP,2008-03-10,28.9082,29.4413,28.3615,28.5453
FDP,2008-03-11,29.3971,29.3971,27.9719,28.8748
FDP,2008-03-12,29.2889,29.7639,28.7086,29.5957
FDP,2008-03-13,29.3076,30.3964,29.0686,30.3167
FDP,2008-03-14,30.5793,30.8567,29.82,30.4141
FDP,2008-03-17,29.1443,29.7374,28.8001,29.342
FDP,2008-03-18,29.9734,31.5766,29.8033,31.1566
FDP,2008-03-19,30.5793,31.5677,30.5793,31.1566
FDP,2008-03-20,31.1133,32.0595,29.8278,30.1938
FDP,2008-03-24,30.2527,31.9572,30.2527,31.8363
FDP,2008-03-25,31.6445,32.3035,31.4684,32.0005
FDP,2008-03-26,31.7811,32.211,31.6789,31.6789
FDP,2008-03-27,32.0418,32.0762,31.2382,31.7133
FDP,2008-03-28,31.2382,31.7891,30.0413,30.1161
FDP,2008-03-31,30.3256,31.316,30.2449,30.7356
FDP,2008-04-01,31.3248,31.3248,30.4376,31.1812
FDP,2008-04-02,30.9551,31.316,29.8879,29.9144
FDP,2008-04-03,30.0669,30.6747,29.9566,30.5213
FDP,2008-04-04,30.9551,31.7989,30.0236,30.1258
FDP,2008-04-07,30.2105,31.0189,29.6114,29.9489
FDP,2008-04-08,29.9399,30.3443,29.6774,30.1672
FDP,2008-04-09,30.0669,30.6403,29.8278,29.8879
FDP,2008-04-10,29.7118,30.353,29.5869,29.8722
FDP,2008-04-11,29.7718,30.1505,28.9693,29.2132
FDP,2008-04-14,29.2574,30.2842,29.0302,29.9223
FDP,2008-04-15,29.7285,31.61,29.6184,31.2649
FDP,2008-04-16,31.7644,32.1373,31.5933,31.9572
FDP,2008-04-17,32.0852,32.0919,31.2993,31.6877
FDP,2008-04-18,32.1589,32.1589,31.5352,31.731
FDP,2008-04-21,31.5442,32.0251,31.3347,32.0005
FDP,2008-04-22,32.0852,32.1373,31.0455,31.4772
FDP,2008-04-23,31.671,32.211,31.1389,31.3897
FDP,2008-04-24,31.6789,32.8021,31.0278,32.3035
FDP,2008-04-25,32.691,33.5634,32.4047,33.0971
FDP,2008-04-28,33.5093,33.5377,32.683,32.7922
FDP,2008-04-29,33.3656,33.3656,26.6638,28.3782
FDP,2008-04-30,28.6466,28.69,26.4631,26.7562
FDP,2008-05-01,26.5871,26.5871,24.5669,24.7577
FDP,2008-05-02,25.4659,26.9264,25.3715,26.8497
FDP,2008-05-05,27.0011,27.0011,25.9871,26.0894
FDP,2008-05-06,25.8878,26.054,25.516,25.6931
FDP,2008-05-07,25.6675,25.9055,25.2505,25.396
FDP,2008-05-08,25.5416,25.6409,25.0597,25.5249
FDP,2008-05-09,25.2052,25.8967,25.1384,25.6675
FDP,2008-05-12,25.7649,26.3077,25.6587,25.7649
FDP,2008-05-13,25.8199,26.3423,25.5573,26.3423
FDP,2008-05-14,26.3323,26.654,25.8523,25.8613
FDP,2008-05-15,26.2743,26.2743,25.5662,26.0383
FDP,2008-05-16,26.1671,26.4946,25.7502,25.8613
FDP,2008-05-19,25.9055,26.114,25.396,25.6498
FDP,2008-05-20,25.337,25.6498,25.3291,25.5416
FDP,2008-05-21,25.3635,25.8967,25.3635,25.4806
FDP,2008-05-22,25.7108,25.9212,25.2505,25.5081
FDP,2008-05-23,25.4904,25.8111,24.6279,24.8492
FDP,2008-05-27,24.4843,24.4843,23.6256,23.8872
FDP,2008-05-28,24.2148,24.4616,23.6562,24.141
FDP,2008-05-29,24.141,24.7833,23.8431,23.8431
FDP,2008-05-30,23.9109,25.034,23.9109,24.9396
FDP,2008-06-02,24.8148,25.4993,24.5354,24.862
FDP,2008-06-03,24.7666,25.1294,24.2295,24.7145
FDP,2008-06-04,24.6024,25.1895,24.3682,24.5669
FDP,2008-06-05,24.5847,24.7833,24.1833,24.6024
FDP,2008-06-06,24.4843,24.4843,23.8952,24.0368
FDP,2008-06-09,24.6525,25.5573,24.56,24.8001
FDP,2008-06-10,25.3538,27.0779,25.3291,26.9008
FDP,2008-06-11,27.0268,27.8962,26.6156,27.6326
FDP,2008-06-12,27.5412,28.0535,26.9924,27.1438
FDP,2008-06-13,27.374,27.6503,26.5969,26.9177
FDP,2008-06-16,26.8733,26.8733,20.1961,22.7867
FDP,2008-06-17,23.2794,24.0555,22.6618,22.6883
FDP,2008-06-18,22.5339,22.8113,22.0372,22.4848
FDP,2008-06-19,22.5487,22.7602,22.1798,22.4197
FDP,2008-06-20,22.2565,22.2565,21.3359,21.6231
FDP,2008-06-23,21.6978,23.2951,21.2672,22.0107
FDP,2008-06-24,21.7933,21.7933,20.3987,20.551
FDP,2008-06-25,20.621,21.3773,20.2639,21.0468
FDP,2008-06-26,20.8383,20.8383,19.6226,19.6394
FDP,2008-06-27,19.4859,19.8261,18.6008,19.6305
FDP,2008-06-30,18.5575,20.2974,18.5575,19.8999
FDP,2008-07-01,19.3768,19.5548,18.5742,19.1319
FDP,2008-07-02,19.0561,19.1909,18.4335,18.887
FDP,2008-07-03,18.9617,19.1564,18.4257,18.5398
FDP,2008-07-07,18.5318,19.9432,18.5318,19.2921
FDP,2008-07-08,19.2853,19.6886,19.1643,19.6796
FDP,2008-07-09,19.8764,20.0426,19.2676,19.302
FDP,2008-07-10,19.3098,19.8852,19.1092,19.722
FDP,2008-07-11,19.7466,19.7466,18.8446,19.4702
FDP,2008-07-14,19.599,19.599,19.1259,19.3414
FDP,2008-07-15,18.5841,19.6629,18.5841,19.1564
FDP,2008-07-16,19.2174,20.0426,19.1319,19.8597
FDP,2008-07-17,19.9432,20.4322,19.6963,20.3652
FDP,2008-07-18,20.2885,20.4646,19.6394,19.8094
FDP,2008-07-21,19.9178,20.2128,19.782,20.0426
FDP,2008-07-22,20.0023,21.4963,19.9776,21.3596
FDP,2008-07-23,21.2769,21.451,20.735,20.9809
FDP,2008-07-24,20.8304,21.4874,20.8304,21.2936
FDP,2008-07-25,21.1511,21.5228,20.735,21.0056
FDP,2008-07-28,21.1067,21.4018,20.6928,21.0056
FDP,2008-07-29,18.7542,19.5548,16.2619,17.9928
FDP,2008-07-30,18.3194,19.6226,17.9487,18.4916
FDP,2008-07-31,18.3637,18.7709,17.6212,17.8002
FDP,2008-08-01,17.573,18.9302,17.326,18.6165
FDP,2008-08-04,18.5929,19.3344,17.4264,17.9841
FDP,2008-08-05,18.2467,19.0561,17.9841,18.8624
FDP,2008-08-06,18.709,19.4702,18.701,19.1466
FDP,2008-08-07,18.8948,19.1387,18.3795,18.709
FDP,2008-08-08,19.3865,20.9386,18.9469,20.8304
FDP,2008-08-11,20.9809,20.9809,19.3768,19.8429
FDP,2008-08-12,19.9512,20.1449,19.4859,20.1017
FDP,2008-08-13,20.1282,20.2472,19.0138,19.6305
FDP,2008-08-14,19.5803,20.3908,19.546,20.2885
FDP,2008-08-15,20.5973,21.3675,20.2639,21.1511
FDP,2008-08-18,21.1334,21.1334,20.0849,20.3731
FDP,2008-08-19,19.9963,20.1104,19.2921,19.3414
FDP,2008-08-20,19.0227,19.7731,18.9214,19.42
FDP,2008-08-21,19.2509,19.7564,19.0138,19.4348
FDP,2008-08-22,19.546,19.9432,19.5046,19.7043
FDP,2008-08-25,19.7564,19.8999,19.2174,19.4604
FDP,2008-08-26,19.599,19.7043,19.1909,19.2764
FDP,2008-08-27,19.1259,19.9345,19.0315,19.7918
FDP,2008-08-28,19.7918,20.1282,19.5293,20.0672
FDP,2008-08-29,19.9345,20.3908,19.5902,19.599
FDP,2008-09-02,19.8094,20.255,19.8007,19.9088
FDP,2008-09-03,20.1017,20.1017,19.3678,19.8764
FDP,2008-09-04,19.3256,19.8597,19.3256,19.6089
FDP,2008-09-05,19.42,19.4604,18.6165,19.1181
FDP,2008-09-08,19.5046,19.6541,18.7355,19.546
FDP,2008-09-09,19.6963,19.8007,18.7954,18.7954
FDP,2008-09-10,18.9892,19.1564,18.4158,18.5231
FDP,2008-09-11,18.5575,18.9892,17.9564,18.6756
FDP,2008-09-12,18.3893,19.1181,18.3283,18.9706
FDP,2008-09-15,18.5929,18.9302,18.2201,18.4581
FDP,2008-09-16,18.1896,18.9617,16.8855,18.9469
FDP,2008-09-17,18.7867,19.1092,18.2033,18.2467
FDP,2008-09-18,18.6499,18.7355,17.3025,17.7313
FDP,2008-09-19,18.1198,18.8624,17.2158,17.9664
FDP,2008-09-22,17.9143,19.1259,17.9143,18.701
FDP,2008-09-23,18.939,20.4911,18.7709,20.3406
FDP,2008-09-24,20.3731,20.5973,19.3768,19.6394
FDP,2008-09-25,19.6541,21.1511,19.0227,20.8383
FDP,2008-09-26,20.6298,21.1767,20.1282,21.1608
FDP,2008-09-29,21.1067,21.7332,18.9617,19.4948
FDP,2008-09-30,19.5293,19.7377,18.3017,18.7443
FDP,2008-10-01,18.7443,19.0227,18.1454,19.0227
FDP,2008-10-02,19.0315,19.0315,17.8995,17.9143
FDP,2008-10-03,18.0185,18.2535,16.6524,16.9641
FDP,2008-10-06,16.4714,16.609,14.3587,16.1921
FDP,2008-10-07,16.3651,16.5049,15.2488,15.2656
FDP,2008-10-08,14.9183,15.5036,14.1345,14.3351
FDP,2008-10-09,14.3262,14.5466,12.1576,12.2765
FDP,2008-10-10,11.7101,13.086,10.9242,12.1193
FDP,2008-10-13,12.8412,14.2693,12.4044,14.2693
FDP,2008-10-14,14.3508,14.6922,13.51,13.7627
FDP,2008-10-15,13.6043,13.9132,12.0936,12.1015
FDP,2008-10-16,12.1891,13.1971,12.0051,13.1814
FDP,2008-10-17,12.9601,13.2739,12.369,12.7074
FDP,2008-10-20,12.9601,13.3633,12.8076,13.3398
FDP,2008-10-21,13.2139,14.2693,13.2061,13.8876
FDP,2008-10-22,13.6368,13.93,13.4744,13.7538
FDP,2008-10-23,13.7715,14.0804,13.0014,13.7981
FDP,2008-10-24,12.8943,13.3221,12.4211,12.7919
FDP,2008-10-27,12.6504,12.9601,12.2411,12.4555
FDP,2008-10-28,14.8171,15.0383,12.7004,14.1699
FDP,2008-10-29,14.3941,15.0787,13.4667,14.5751
FDP,2008-10-30,14.824,15.4505,14.457,15.4258
FDP,2008-10-31,15.4002,18.701,15.3246,17.8247
FDP,2008-11-03,17.865,18.5929,17.2071,18.5929
FDP,2008-11-04,18.6676,19.5125,17.9387,18.1109
FDP,2008-11-05,18.0371,18.0371,16.4625,16.5746
FDP,2008-11-06,16.8009,17.0615,16.2176,16.6828
FDP,2008-11-07,16.8264,17.0969,16.372,16.8687
FDP,2008-11-10,17.1215,17.1215,16.0839,16.5835
FDP,2008-11-11,16.5658,16.6681,15.8635,16.2176
FDP,2008-11-12,16.1173,17.0221,15.8301,16.2707
FDP,2008-11-13,16.2619,17.1736,15.771,17.1304
FDP,2008-11-14,17.1559,17.6349,16.4881,17.1372
FDP,2008-11-17,17.0221,18.286,17.0221,17.9564
FDP,2008-11-18,17.9487,19.1387,17.3025,17.7402
FDP,2008-11-19,17.6968,19.0807,17.4353,18.1198
FDP,2008-11-20,18.1198,20.0426,17.8827,17.9741
FDP,2008-11-21,18.1286,19.4426,17.1137,19.3768
FDP,2008-11-24,19.6226,19.9699,18.9135,19.3768
FDP,2008-11-25,19.6629,19.6629,18.2702,19.4426
FDP,2008-11-26,19.0561,20.255,18.7542,20.2295
FDP,2008-11-28,19.9432,21.4018,19.3414,21.3113
FDP,2008-12-01,20.8905,20.8905,18.6499,18.7777
FDP,2008-12-02,19.0404,20.1871,18.9971,19.538
FDP,2008-12-03,19.0561,19.6796,18.5398,19.3098
FDP,2008-12-04,19.4033,20.0426,18.0519,18.5231
FDP,2008-12-05,18.3116,18.7777,17.4589,18.6076
FDP,2008-12-08,19.2509,20.2226,18.6676,19.7918
FDP,2008-12-09,19.8331,20.9632,19.5902,19.7466
FDP,2008-12-10,19.8094,19.8094,18.6411,18.9794
FDP,2008-12-11,19.0905,19.6226,18.2939,18.5231
FDP,2008-12-12,17.8503,19.2174,17.8002,18.9047
FDP,2008-12-15,19.0718,19.244,18.1109,18.5161
FDP,2008-12-16,18.7954,19.8094,18.3116,19.7466
FDP,2008-12-17,19.5735,20.5069,19.3581,20.2128
FDP,2008-12-18,20.4135,20.9809,19.8999,20.2058
FDP,2008-12-19,20.3819,20.9869,19.9432,20.2128
FDP,2008-12-22,20.2639,20.2639,19.0482,19.4604
FDP,2008-12-23,19.5636,19.9088,18.8446,19.4033
FDP,2008-12-24,19.3581,19.6462,18.9135,19.4604
FDP,2008-12-26,19.4259,20.0917,19.3492,19.9866
FDP,2008-12-29,20.1282,20.1282,18.4916,18.7867
FDP,2008-12-30,18.9892,18.9892,18.5742,18.6756
FDP,2008-12-31,18.6589,19.1387,18.6499,18.9302
FDP,2009-01-02,18.8191,19.6541,18.8191,19.2086
FDP,2009-01-05,19.1643,19.546,18.9706,19.1092
FDP,2009-01-06,19.1181,19.5213,18.4581,18.8054
FDP,2009-01-07,18.5742,18.9047,18.3194,18.6076
FDP,2009-01-08,18.6008,19.0404,18.5004,18.9617
FDP,2009-01-09,19.0227,19.1643,18.2702,18.7443
FDP,2009-01-12,18.4916,19.1387,18.4414,18.8535
FDP,2009-01-13,18.8693,20.2295,18.8693,20.1793
FDP,2009-01-14,20.0023,20.0023,18.7443,19.2853
FDP,2009-01-15,19.2253,20.3406,18.8771,20.1793
FDP,2009-01-16,20.621,21.1157,20.1793,21.0724
FDP,2009-01-20,21.09,21.09,19.7643,19.8764
FDP,2009-01-21,20.1371,20.9632,20.1371,20.8737
FDP,2009-01-22,20.4322,20.6484,20.1371,20.4479
FDP,2009-01-23,20.1017,20.6838,19.8498,20.3819
FDP,2009-01-26,20.3987,21.1067,20.3062,20.6661
FDP,2009-01-27,20.8304,21.395,20.5423,21.1234
FDP,2009-01-28,21.2356,22.1878,21.1845,21.9851
FDP,2009-01-29,21.8603,22.5084,21.6881,21.7422
FDP,2009-01-30,21.7422,21.75,20.1636,20.3485
FDP,2009-02-02,20.1871,21.4117,20.1871,21.0645
FDP,2009-02-03,21.0645,21.3193,20.7183,20.9956
FDP,2009-02-04,21.0557,21.2769,20.6661,21.0143
FDP,2009-02-05,20.8471,21.515,20.4479,21.3439
FDP,2009-02-06,21.2592,22.0884,21.1157,21.9763
FDP,2009-02-09,21.9763,22.1641,21.2936,21.5405
FDP,2009-02-10,21.4471,21.9183,21.1511,21.2936
FDP,2009-02-11,21.3113,21.8022,20.9544,21.2111
FDP,2009-02-12,20.9809,21.3675,20.3819,21.3193
FDP,2009-02-13,21.4018,21.9497,21.2032,21.3016
FDP,2009-02-17,20.8383,21.0557,20.0426,20.6298
FDP,2009-02-18,20.8471,21.0468,19.9963,20.1724
FDP,2009-02-19,20.2974,20.6484,19.8429,20.1017
FDP,2009-02-20,19.5735,19.6796,17.1657,17.2838
FDP,2009-02-23,17.3439,17.5277,15.9923,16.4133
FDP,2009-02-24,15.0964,17.865,14.3587,17.3536
FDP,2009-02-25,17.03,17.4008,16.0839,16.5049
FDP,2009-02-26,16.6681,16.7349,15.0295,15.3638
FDP,2009-02-27,15.2488,16.2176,15.0964,15.8557
FDP,2009-03-02,15.6117,15.7298,15.24,15.5193
FDP,2009-03-03,15.6786,15.8389,14.6922,14.7109
FDP,2009-03-04,14.8584,15.0473,14.1856,14.457
FDP,2009-03-05,14.16,14.3351,12.909,13.2061
FDP,2009-03-06,13.3988,13.5011,12.8008,13.0772
FDP,2009-03-09,12.9346,13.1637,10.9518,10.9949
FDP,2009-03-10,11.0688,12.0051,10.3262,11.8212
FDP,2009-03-11,11.8212,12.1507,11.594,11.9962
FDP,2009-03-12,11.9962,12.4812,11.6234,12.369
FDP,2009-03-13,12.369,12.5047,12.1417,12.4723
FDP,2009-03-16,12.431,12.7575,12.2865,12.3356
FDP,2009-03-17,12.1724,12.8756,12.1417,12.8589
FDP,2009-03-18,12.6504,13.6437,12.6504,13.4066
FDP,2009-03-19,13.2985,13.7627,13.2985,13.6673
FDP,2009-03-20,13.7538,13.93,13.4214,13.5198
FDP,2009-03-23,13.6673,14.343,13.3566,14.3351
FDP,2009-03-24,14.2289,14.2289,13.7017,13.8621
FDP,2009-03-25,13.9928,14.2446,13.4922,13.8483
FDP,2009-03-26,14.0735,14.1856,13.5689,14.0224
FDP,2009-03-27,13.8149,14.1168,13.7017,13.983
FDP,2009-03-30,13.7361,13.744,13.1971,13.5778
FDP,2009-03-31,13.5778,14.2358,13.5778,13.8621
FDP,2009-04-01,13.7096,13.8621,13.0772,13.7361
FDP,2009-04-02,14.0411,14.8081,13.7263,14.3105
FDP,2009-04-03,14.2535,14.4384,13.9653,14.3587
FDP,2009-04-06,14.2446,14.3017,14.1168,14.1926
FDP,2009-04-07,14.1926,14.1926,13.8227,13.8227
FDP,2009-04-08,13.8316,14.2023,13.7184,14.1769
FDP,2009-04-09,14.4787,15.064,14.457,14.8948
FDP,2009-04-13,14.8081,15.1799,14.6065,15.121
FDP,2009-04-14,15.1132,15.4946,14.7757,15.1966
FDP,2009-04-15,15.1731,15.6875,15.1731,15.5459
FDP,2009-04-16,15.6197,15.7131,15.1731,15.2911
FDP,2009-04-17,15.3167,15.6688,15.1966,15.4258
FDP,2009-04-20,15.056,15.1554,14.5308,14.583
FDP,2009-04-21,14.463,15.0875,14.463,15.0875
FDP,2009-04-22,15.0295,15.3924,14.7503,14.8081
FDP,2009-04-23,14.8318,15.0295,14.3184,14.8858
FDP,2009-04-24,14.9528,15.0206,14.4964,14.6213
FDP,2009-04-27,14.3508,14.5062,14.0154,14.3764
FDP,2009-04-28,13.51,13.51,12.3779,12.5775
FDP,2009-04-29,12.7004,13.2985,12.4378,12.5598
FDP,2009-04-30,12.6739,12.8756,12.2501,12.2588
FDP,2009-05-01,12.3867,12.7074,12.2324,12.2765
FDP,2009-05-04,12.2865,12.6661,11.6667,12.6317
FDP,2009-05-05,12.7496,12.7841,12.1015,12.3779
FDP,2009-05-06,12.4378,12.7919,12.4378,12.6661
FDP,2009-05-07,12.8165,13.0271,12.5943,12.9011
FDP,2009-05-08,13.0948,13.5011,12.8412,13.4922
FDP,2009-05-11,13.2493,13.3988,12.9346,13.2985
FDP,2009-05-12,13.5424,14.1856,13.2572,14.0902
FDP,2009-05-13,13.93,14.5987,13.8149,14.4787
FDP,2009-05-14,14.4886,14.8081,14.3941,14.457
FDP,2009-05-15,14.457,14.8407,14.2289,14.3941
FDP,2009-05-18,14.4964,14.8171,14.4118,14.7837
FDP,2009-05-19,14.6922,14.9272,14.4472,14.5308
FDP,2009-05-20,14.6577,14.9784,14.5308,14.6833
FDP,2009-05-21,14.5062,14.6577,14.2289,14.457
FDP,2009-05-22,14.4719,14.4787,13.9653,14.2535
FDP,2009-05-26,14.1926,15.0473,14.0646,15.0383
FDP,2009-05-27,14.9105,15.1062,14.5151,14.5564
FDP,2009-05-28,14.6922,14.9705,14.3105,14.8407
FDP,2009-05-29,14.9105,15.0118,14.5653,14.9784
FDP,2009-06-01,15.1966,15.9157,14.9705,15.1132
FDP,2009-06-02,15.1132,15.9334,15.1132,15.8301
FDP,2009-06-03,15.4662,15.8901,15.4662,15.7878
FDP,2009-06-04,15.8134,15.9993,15.4505,15.7632
FDP,2009-06-05,15.8212,15.8389,14.9528,15.0473
FDP,2009-06-08,15.056,15.1799,14.8318,14.9449
FDP,2009-06-09,15.0383,15.3246,14.7924,15.1298
FDP,2009-06-10,15.2833,15.2833,14.7757,14.9449
FDP,2009-06-11,15.0473,15.536,15.0473,15.1456
FDP,2009-06-12,14.7276,15.1966,14.463,14.7757
FDP,2009-06-15,14.4886,14.7276,14.2947,14.3587
FDP,2009-06-16,14.4964,14.6213,14.1433,14.2112
FDP,2009-06-17,14.1769,14.4118,13.9653,14.0086
FDP,2009-06-18,14.0321,14.1856,13.9387,14.1512
FDP,2009-06-19,14.1512,14.5308,14.1512,14.457
FDP,2009-06-22,14.4207,14.4207,14.0804,14.1433
FDP,2009-06-23,14.2023,14.277,13.9387,13.9467
FDP,2009-06-24,13.93,14.2535,13.8227,13.9467
FDP,2009-06-25,13.9043,13.9132,13.6929,13.8571
FDP,2009-06-26,13.8149,14.0991,13.6673,13.9387
FDP,2009-06-29,13.9387,14.0411,13.7361,13.8414
FDP,2009-06-30,14.0086,14.0086,13.7184,13.7263
FDP,2009-07-01,13.8483,14.5397,13.8483,14.286
FDP,2009-07-02,14.2112,14.286,13.6437,13.6437
FDP,2009-07-06,13.5611,13.7981,13.5365,13.6673
FDP,2009-07-07,13.744,13.7715,13.449,13.4744
FDP,2009-07-08,13.6201,13.6201,13.1893,13.2739
FDP,2009-07-09,13.3221,13.3496,13.1185,13.2306
FDP,2009-07-10,13.3398,13.3988,13.0014,13.0948
FDP,2009-07-13,13.1185,13.266,12.7241,13.146
FDP,2009-07-14,13.2837,13.2837,12.9169,13.1716
FDP,2009-07-15,13.2405,13.983,13.2139,13.9741
FDP,2009-07-16,13.9653,14.286,13.9653,14.2289
FDP,2009-07-17,14.221,14.6213,14.0902,14.2289
FDP,2009-07-20,14.3262,15.3324,14.3262,15.2134
FDP,2009-07-21,15.3561,15.5459,14.7994,15.2754
FDP,2009-07-22,15.2754,15.8065,15.2301,15.5793
FDP,2009-07-23,15.5793,16.4369,15.4435,16.314
FDP,2009-07-24,16.1999,16.2363,15.6599,16.1104
FDP,2009-07-27,16.1173,16.314,15.8134,16.314
FDP,2009-07-28,17.9841,19.2174,17.7726,18.4738
FDP,2009-07-29,17.7235,18.1965,17.392,18.1641
FDP,2009-07-30,18.286,18.8771,18.2782,18.3637
FDP,2009-07-31,18.2467,18.6332,18.0451,18.0755
FDP,2009-08-03,18.3981,18.6008,18.1109,18.6008
FDP,2009-08-04,18.5485,19.4948,18.3795,19.4948
FDP,2009-08-05,19.6089,19.6462,19.0482,19.2341
FDP,2009-08-06,19.3492,19.4604,19.2174,19.4259
FDP,2009-08-07,19.42,20.1371,19.0994,19.7466
FDP,2009-08-10,19.7121,20.1636,19.5735,19.9699
FDP,2009-08-11,19.8261,19.9512,18.8948,19.2086
FDP,2009-08-12,19.1181,19.3197,18.6165,18.8358
FDP,2009-08-13,18.8446,19.0227,18.6756,18.9557
FDP,2009-08-14,19.0315,19.0315,18.286,18.6332
FDP,2009-08-17,18.2378,18.3194,17.9487,18.1896
FDP,2009-08-18,18.3539,18.8112,18.0519,18.6076
FDP,2009-08-19,18.4837,19.1092,18.3362,19.0905
FDP,2009-08-20,19.1387,19.3492,18.8535,19.0994
FDP,2009-08-21,19.181,19.3344,18.9047,19.1997
FDP,2009-08-24,19.1997,19.599,19.0482,19.546
FDP,2009-08-25,19.5636,19.8429,19.3197,19.5293
FDP,2009-08-26,19.4948,19.6157,19.064,19.3955
FDP,2009-08-27,19.3955,19.5213,18.7709,19.0905
FDP,2009-08-28,19.2174,19.6305,18.9794,19.42
FDP,2009-08-31,19.3098,19.5293,19.0994,19.3344
FDP,2009-09-01,19.1909,19.6541,18.9794,19.2764
FDP,2009-09-02,19.2253,19.4426,18.9971,19.3865
FDP,2009-09-03,19.4859,19.7643,19.0482,19.3768
FDP,2009-09-04,19.2086,19.5803,19.1564,19.4859
FDP,2009-09-08,19.5548,19.9345,19.4702,19.6394
FDP,2009-09-09,19.6886,20.1793,19.546,20.0426
FDP,2009-09-10,20.0672,20.2472,19.8921,20.1724
FDP,2009-09-11,20.2393,20.2393,19.8331,20.0672
FDP,2009-09-14,20.019,20.1449,19.7918,20.0917
FDP,2009-09-15,20.0269,20.3151,19.9088,20.2639
FDP,2009-09-16,20.4322,20.5423,20.0849,20.2472
FDP,2009-09-17,20.1636,20.1871,19.7918,19.9963
FDP,2009-09-18,20.0505,20.0505,19.5213,19.7643
FDP,2009-09-21,19.5636,19.782,19.5125,19.6886
FDP,2009-09-22,19.6963,19.6963,19.2174,19.4515
FDP,2009-09-23,19.42,19.8999,19.3865,19.6226
FDP,2009-09-24,19.6886,19.7043,19.1387,19.181
FDP,2009-09-25,19.1319,19.2509,18.4916,18.8771
FDP,2009-09-28,18.8948,19.3768,18.8948,19.2764
FDP,2009-09-29,19.302,19.5803,19.0138,19.2174
FDP,2009-09-30,19.2509,19.3492,18.7266,19.0905
FDP,2009-10-01,18.9706,19.4426,18.8948,19.2853
FDP,2009-10-02,19.0718,19.5902,18.7709,19.546
FDP,2009-10-05,19.5735,19.6629,18.9706,19.3581
FDP,2009-10-06,19.4033,20.0337,19.3414,19.7121
FDP,2009-10-07,19.7043,19.9776,19.5803,19.7377
FDP,2009-10-08,19.9088,20.0593,19.7043,19.9776
FDP,2009-10-09,19.9178,20.3731,19.9178,20.3574
FDP,2009-10-12,20.4075,20.6661,20.2295,20.4734
FDP,2009-10-13,20.5246,20.7792,20.3908,20.6298
FDP,2009-10-14,20.7282,20.8383,20.3485,20.4556
FDP,2009-10-15,20.2727,20.5069,20.1793,20.3987
FDP,2009-10-16,20.3406,20.3908,19.9178,20.1371
FDP,2009-10-19,20.255,20.8815,20.1449,20.621
FDP,2009-10-20,20.735,20.8039,20.0672,20.2974
FDP,2009-10-21,20.3151,20.915,20.0426,20.0917
FDP,2009-10-22,20.0505,20.1017,19.3098,19.782
FDP,2009-10-23,19.7731,19.9699,18.6676,18.6932
FDP,2009-10-26,18.6499,18.9794,18.0922,18.5083
FDP,2009-10-27,19.0718,19.1092,17.865,18.2467
FDP,2009-10-28,18.3017,18.8112,18.0371,18.0922
FDP,2009-10-29,18.2467,18.3637,17.93,18.1109
FDP,2009-10-30,18.0598,18.4581,17.6349,18.3283
FDP,2009-11-02,18.4414,18.5231,18.0274,18.1729
FDP,2009-11-03,18.0185,18.5004,17.921,18.4837
FDP,2009-11-04,18.467,18.6932,18.2535,18.6411
FDP,2009-11-05,18.7709,19.0315,18.6843,18.9469
FDP,2009-11-06,18.7443,19.3678,18.709,19.2764
FDP,2009-11-09,19.3414,19.42,19.1319,19.3197
FDP,2009-11-10,19.302,19.3955,19.1181,19.244
FDP,2009-11-11,19.3197,19.3581,19.0994,19.302
FDP,2009-11-12,19.2921,19.42,18.7443,18.7709
FDP,2009-11-13,18.761,19.2253,18.5742,19.0315
FDP,2009-11-16,19.1997,19.5213,19.0807,19.1259
FDP,2009-11-17,19.1181,19.2253,18.9214,19.1259
FDP,2009-11-18,19.0807,19.3197,18.9302,19.2253
FDP,2009-11-19,19.1643,19.2341,18.5929,19.0138
FDP,2009-11-20,19.0482,19.1643,18.6676,19.1466
FDP,2009-11-23,19.2676,19.8174,19.2676,19.6629
FDP,2009-11-24,19.7288,19.7288,18.8948,19.0138
FDP,2009-11-25,19.1092,19.2764,18.8948,19.181
FDP,2009-11-27,18.8054,19.0718,18.6008,18.7443
FDP,2009-11-30,18.6411,18.8112,18.0451,18.345
FDP,2009-12-01,18.4916,19.1259,18.4257,18.9971
FDP,2009-12-02,19.064,19.2764,18.6932,18.9557
FDP,2009-12-03,19.064,19.064,18.4158,18.467
FDP,2009-12-04,18.8054,19.1466,18.6076,18.9794
FDP,2009-12-07,18.9214,18.9794,18.7187,18.761
FDP,2009-12-08,18.6165,18.6756,18.0755,18.1641
FDP,2009-12-09,18.1198,18.1198,17.5101,17.6506
FDP,2009-12-10,17.6781,17.9564,17.6427,17.7155
FDP,2009-12-11,17.7568,17.921,17.627,17.8503
FDP,2009-12-14,17.9741,18.0755,17.7313,17.9487
FDP,2009-12-15,18.0018,18.1965,17.8002,18.1355
FDP,2009-12-16,18.2604,18.7867,18.2201,18.5672
FDP,2009-12-17,18.5485,18.6332,17.4746,17.6594
FDP,2009-12-18,17.8995,18.0018,17.4844,17.8434
FDP,2009-12-21,17.8739,18.1355,17.8247,18.0598
FDP,2009-12-22,18.0274,18.0274,17.6968,17.8572
FDP,2009-12-23,17.8827,18.286,17.8827,18.2702
FDP,2009-12-24,18.3795,18.6008,18.2378,18.5929
FDP,2009-12-28,18.5841,18.7266,18.5318,18.7266
FDP,2009-12-29,18.701,19.0905,18.701,19.0138
FDP,2009-12-30,18.9469,19.2086,18.8771,19.2086
FDP,2009-12-31,19.1643,19.1643,18.6499,18.6589
FDP,2010-01-04,18.887,19.3414,18.8771,19.0807
FDP,2010-01-05,19.0807,19.0807,18.5398,18.7954
FDP,2010-01-06,18.7542,19.0561,18.6076,18.8624
FDP,2010-01-07,18.8624,19.0718,18.6932,19.0138
FDP,2010-01-08,18.939,19.0807,18.6756,18.709
FDP,2010-01-11,18.9302,19.42,18.7443,19.0227
FDP,2010-01-12,18.9557,19.0315,18.761,19.0059
FDP,2010-01-13,19.0138,19.5636,18.8624,19.2174
FDP,2010-01-14,19.1181,19.42,19.0315,19.1909
FDP,2010-01-15,19.2853,19.2853,18.7867,18.9617
FDP,2010-01-19,19.0482,19.3581,18.8771,19.0059
FDP,2010-01-20,18.8358,18.8358,18.2782,18.709
FDP,2010-01-21,18.7867,18.7954,17.749,17.7726
FDP,2010-01-22,17.8159,17.8916,17.5101,17.5277
FDP,2010-01-25,17.6968,17.6968,17.1736,17.5897
FDP,2010-01-26,17.4844,17.5178,17.3113,17.4008
FDP,2010-01-27,17.3359,17.573,17.2926,17.5552
FDP,2010-01-28,17.5552,17.5552,17.0133,17.2749
FDP,2010-01-29,17.326,17.3536,17.0615,17.1657
FDP,2010-02-01,17.2158,17.2562,16.9385,17.0969
FDP,2010-02-02,17.1815,17.5178,17.0468,17.4353
FDP,2010-02-03,17.451,17.4844,16.9307,17.4353
FDP,2010-02-04,17.3439,17.3439,16.853,16.8855
FDP,2010-02-05,16.8599,17.1657,16.618,17.1372
FDP,2010-02-08,17.1815,17.1815,16.6601,16.675
FDP,2010-02-09,16.853,16.9809,16.609,16.7565
FDP,2010-02-10,16.6681,16.9641,16.4547,16.9218
FDP,2010-02-11,16.9307,16.9307,16.6003,16.7498
FDP,2010-02-12,16.7094,16.8264,16.5303,16.8009
FDP,2010-02-16,16.8855,16.9976,16.6267,16.9218
FDP,2010-02-17,16.973,17.1815,16.8855,17.0546
FDP,2010-02-18,16.9976,17.1047,16.9307,16.9976
FDP,2010-02-19,16.9464,17.0369,16.8441,16.8855
FDP,2010-02-22,16.8943,17.0468,16.8855,16.9809
FDP,2010-02-23,16.9031,17.03,16.4714,16.4812
FDP,2010-02-24,16.6003,16.6267,16.2884,16.4055
FDP,2010-02-25,16.1921,16.4812,16.1664,16.4625
FDP,2010-02-26,16.4369,16.4812,16.2363,16.3888
FDP,2010-03-01,16.4133,16.7655,16.314,16.7565
FDP,2010-03-02,17.8159,18.0922,17.326,17.8572
FDP,2010-03-03,17.5101,17.5101,16.4812,16.5303
FDP,2010-03-04,16.5049,16.609,16.1664,16.255
FDP,2010-03-05,16.3219,17.03,16.255,17.0221
FDP,2010-03-08,17.0221,17.0782,16.7732,16.8353
FDP,2010-03-09,16.7498,17.1991,16.5126,17.1137
FDP,2010-03-10,17.1137,17.392,17.0133,17.2484
FDP,2010-03-11,17.1137,17.4264,16.9887,17.4087
FDP,2010-03-12,17.4746,17.4746,17.0693,17.1559
FDP,2010-03-15,17.1736,17.3536,17.0969,17.3192
FDP,2010-03-16,17.3113,17.4667,17.2395,17.451
FDP,2010-03-17,17.5277,17.5818,17.2562,17.3192
FDP,2010-03-18,17.3703,17.6427,17.3113,17.6212
FDP,2010-03-19,17.6427,17.6427,17.0969,17.3359
FDP,2010-03-22,17.1904,17.5277,16.9641,17.392
FDP,2010-03-23,17.3536,17.627,17.1372,17.627
FDP,2010-03-24,17.6064,17.7058,17.4746,17.4844
FDP,2010-03-25,17.6506,17.6506,17.1736,17.1815
FDP,2010-03-26,17.3192,17.6349,17.1304,17.4844
FDP,2010-03-29,17.4746,17.6684,17.4176,17.6684
FDP,2010-03-30,17.6064,17.8346,17.5552,17.6594
FDP,2010-03-31,17.1047,17.4421,17.0546,17.0969
FDP,2010-04-01,17.1137,17.6142,17.087,17.5897
FDP,2010-04-05,17.5897,17.5897,17.1815,17.3359
FDP,2010-04-06,17.2158,17.4008,17.1137,17.392
FDP,2010-04-07,17.4008,17.5552,17.2838,17.4844
FDP,2010-04-08,17.4914,17.5277,17.1991,17.2562
FDP,2010-04-09,17.3025,17.5101,17.2484,17.5101
FDP,2010-04-12,17.573,17.865,17.392,17.8503
FDP,2010-04-13,17.7825,17.9143,17.5552,17.7155
FDP,2010-04-14,17.8089,18.1552,17.7058,18.1021
FDP,2010-04-15,18.0451,18.2201,17.7902,18.1808
FDP,2010-04-16,18.0922,18.2939,17.9564,18.1808
FDP,2010-04-19,18.0755,18.1641,17.6781,18.1286
FDP,2010-04-20,18.2378,18.345,18.1552,18.2702
FDP,2010-04-21,18.2535,18.5742,18.2123,18.5398
FDP,2010-04-22,18.3637,18.7355,18.3637,18.7355
FDP,2010-04-23,18.7394,18.9666,18.5869,18.9085
FDP,2010-04-26,18.9135,18.9557,18.5742,18.5929
FDP,2010-04-27,18.5398,18.6332,17.8503,17.9143
FDP,2010-04-28,17.9487,18.0519,17.5897,17.9564
FDP,2010-04-29,18.1109,18.5742,17.9387,18.3795
FDP,2010-04-30,18.3362,18.3362,17.6212,17.6212
FDP,2010-05-03,17.7235,18.4493,17.4008,18.3116
FDP,2010-05-04,17.8159,18.5575,17.4844,18.5083
FDP,2010-05-05,18.0274,18.1729,17.688,17.7313
FDP,2010-05-06,17.7058,18.2467,17.3536,17.8434
FDP,2010-05-07,17.8434,17.8739,17.2838,17.4264
FDP,2010-05-10,18.1965,18.1965,17.4746,17.6142
FDP,2010-05-11,17.4421,17.9487,17.326,17.7402
FDP,2010-05-12,17.8159,18.2604,17.6427,18.2535
FDP,2010-05-13,18.1198,18.3017,17.8916,18.0185
FDP,2010-05-14,17.93,18.2467,17.8572,18.1965
FDP,2010-05-17,18.2378,18.3017,17.9487,18.2033
FDP,2010-05-18,18.4158,18.4158,18.0755,18.1896
FDP,2010-05-19,18.0922,18.4581,17.9664,18.3637
FDP,2010-05-20,18.0018,18.0755,17.5818,17.7726
FDP,2010-05-21,17.5552,17.5975,17.0782,17.2158
FDP,2010-05-24,17.1736,17.3439,17.0693,17.0782
FDP,2010-05-25,16.7732,16.7919,16.4133,16.6524
FDP,2010-05-26,16.6828,16.9976,16.5913,16.8441
FDP,2010-05-27,17.0969,17.1991,16.8599,17.1991
FDP,2010-05-28,17.1471,17.1559,16.675,16.8855
FDP,2010-06-01,16.8186,16.8766,16.4547,16.4547
FDP,2010-06-02,16.5383,16.9641,16.3573,16.9552
FDP,2010-06-03,17.0969,17.1815,16.8855,16.9641
FDP,2010-06-04,16.7919,16.9464,16.6267,16.8353
FDP,2010-06-07,16.913,16.9809,16.6524,16.7261
FDP,2010-06-08,16.7438,16.9976,16.5126,16.9976
FDP,2010-06-09,17.0615,17.2238,16.7498,16.9887
FDP,2010-06-10,17.2395,17.4589,17.0064,17.0782
FDP,2010-06-11,16.9809,17.326,16.8766,17.326
FDP,2010-06-14,17.3359,17.4914,17.1657,17.2238
FDP,2010-06-15,17.2661,17.5277,17.2158,17.5001
FDP,2010-06-16,17.3703,17.7647,17.2926,17.7058
FDP,2010-06-17,17.8002,18.0274,17.7235,17.9841
FDP,2010-06-18,18.0087,18.345,17.9044,18.2467
FDP,2010-06-21,18.3362,18.5318,18.228,18.345
FDP,2010-06-22,18.3362,18.4493,18.1021,18.1641
FDP,2010-06-23,18.1729,18.2201,17.865,18.0598
FDP,2010-06-24,17.9387,18.1641,17.7313,18.1286
FDP,2010-06-25,18.1198,18.2535,17.8995,18.0755
FDP,2010-06-28,18.1552,18.2201,17.8503,18.0845
FDP,2010-06-29,17.8827,17.8827,17.3439,17.4914
FDP,2010-06-30,17.4411,17.5365,17.0595,17.085
FDP,2010-07-01,17.0615,17.0615,16.548,16.8441
FDP,2010-07-02,16.8855,16.9218,16.6601,16.8353
FDP,2010-07-06,16.9218,17.087,16.5126,16.5835
FDP,2010-07-07,16.6681,16.9887,16.5658,16.9809
FDP,2010-07-08,17.0369,17.1047,16.8353,16.9976
FDP,2010-07-09,17.0221,17.1215,16.8441,17.0782
FDP,2010-07-12,17.0468,17.1304,16.8087,16.9385
FDP,2010-07-13,17.1215,17.4353,16.9809,17.4008
FDP,2010-07-14,17.3783,17.4176,17.1471,17.2326
FDP,2010-07-15,17.1904,17.2238,16.8687,17.03
FDP,2010-07-16,16.913,17.03,16.4969,16.5383
FDP,2010-07-19,16.6347,16.6347,16.2363,16.5913
FDP,2010-07-20,16.4055,16.8186,16.3651,16.8087
FDP,2010-07-21,16.8441,16.8687,16.4468,16.5303
FDP,2010-07-22,16.7005,17.2661,16.6828,17.2484
FDP,2010-07-23,17.1736,17.5365,17.0546,17.5178
FDP,2010-07-26,17.5101,17.6781,17.326,17.627
FDP,2010-07-27,17.7313,17.9044,17.6506,17.8089
FDP,2010-07-28,17.7235,17.7825,17.0969,17.1215
FDP,2010-07-29,17.2838,17.2838,16.8766,16.9809
FDP,2010-07-30,16.7732,17.8346,16.7261,17.5975
FDP,2010-08-02,17.8572,17.8916,17.6684,17.7902
FDP,2010-08-03,17.7825,17.9841,17.2395,17.5897
FDP,2010-08-04,17.6064,17.9664,17.5178,17.7647
FDP,2010-08-05,17.7155,17.9841,17.6506,17.9387
FDP,2010-08-06,17.7058,17.921,17.6064,17.9044
FDP,2010-08-09,18.0185,18.2535,18.0185,18.2467
FDP,2010-08-10,18.1552,18.6008,17.9664,18.4493
FDP,2010-08-11,18.2378,18.2378,17.6684,17.7402
FDP,2010-08-12,17.4589,17.5277,17.1736,17.2661
FDP,2010-08-13,17.1657,17.6781,17.1304,17.5001
FDP,2010-08-16,17.4914,18.1552,17.4087,17.9741
FDP,2010-08-17,18.1729,18.4493,17.9928,18.2467
FDP,2010-08-18,18.2201,18.6076,18.0087,18.4335
FDP,2010-08-19,18.4158,18.4158,17.7058,17.749
FDP,2010-08-20,17.6064,17.8572,17.5001,17.688
FDP,2010-08-23,17.7235,18.1896,17.7235,17.9664
FDP,2010-08-24,17.8434,18.2378,17.7058,18.1021
FDP,2010-08-25,17.9487,18.4335,17.8002,18.4158
FDP,2010-08-26,18.5161,18.6676,18.0598,18.1552
FDP,2010-08-27,18.2535,18.5672,18.0845,18.5231
FDP,2010-08-30,18.5083,18.701,18.4493,18.467
FDP,2010-08-31,18.4454,18.6803,18.3666,18.5525
FDP,2010-09-01,18.7443,18.7867,18.5161,18.5742
FDP,2010-09-02,18.6756,18.709,18.5231,18.6499
FDP,2010-09-03,18.8054,18.8054,18.5485,18.7709
FDP,2010-09-07,18.7266,18.7709,18.4837,18.5004
FDP,2010-09-08,18.5004,18.8535,18.5004,18.6499
FDP,2010-09-09,18.8624,18.9302,18.5231,18.7443
FDP,2010-09-10,18.7709,18.939,18.6411,18.9214
FDP,2010-09-13,19.0059,19.3256,19.0059,19.2676
FDP,2010-09-14,19.2341,19.2509,19.0994,19.1387
FDP,2010-09-15,19.0482,19.2174,18.9706,19.0905
FDP,2010-09-16,19.0059,19.1387,18.7777,18.9469
FDP,2010-09-17,19.0905,19.2764,18.8624,19.0482
FDP,2010-09-20,19.0227,19.5125,18.8771,19.42
FDP,2010-09-21,19.3492,19.3492,18.8535,18.9971
FDP,2010-09-22,18.9469,19.0994,18.7777,18.8112
FDP,2010-09-23,18.6932,18.9469,18.5841,18.6165
FDP,2010-09-24,18.9135,19.0482,18.7867,19.0227
FDP,2010-09-27,19.0807,19.0807,18.7954,18.8191
FDP,2010-09-28,18.8112,18.939,18.4837,18.9047
FDP,2010-09-29,18.8054,19.0561,18.709,19.0315
FDP,2010-09-30,19.1042,19.1042,18.2152,18.3214
FDP,2010-10-01,18.407,18.5161,18.1454,18.4414
FDP,2010-10-04,18.3726,18.3726,18.0274,18.1286
FDP,2010-10-05,18.3283,18.5742,18.1965,18.3893
FDP,2010-10-06,18.3981,18.6411,18.3981,18.4916
FDP,2010-10-07,18.6411,18.6411,18.3116,18.407
FDP,2010-10-08,18.4414,18.6843,18.4257,18.5575
FDP,2010-10-11,18.5485,18.6676,18.4335,18.4837
FDP,2010-10-12,18.5004,18.5004,18.3362,18.3795
FDP,2010-10-13,18.4837,19.0138,18.4257,18.5742
FDP,2010-10-14,18.6076,18.8771,18.5231,18.6756
FDP,2010-10-15,18.7709,18.8112,18.5004,18.6076
FDP,2010-10-18,18.6589,18.6676,18.2702,18.4493
FDP,2010-10-19,18.2033,18.7355,18.1808,18.4493
FDP,2010-10-20,18.5841,18.7542,18.5083,18.6332
FDP,2010-10-21,18.7542,18.7542,18.3362,18.467
FDP,2010-10-22,18.5318,18.6411,18.467,18.5485
FDP,2010-10-25,18.6499,18.8112,18.4738,18.5161
FDP,2010-10-26,18.4414,18.761,18.3893,18.5398
FDP,2010-10-27,18.4493,18.6076,18.3539,18.5231
FDP,2010-10-28,18.6589,18.709,18.4837,18.5485
FDP,2010-10-29,18.4325,18.7463,18.4325,18.6853
FDP,2010-11-01,18.6676,18.7443,18.3017,18.3637
FDP,2010-11-02,18.1355,18.2604,17.6506,18.0185
FDP,2010-11-03,17.5277,18.4916,17.5277,18.3637
FDP,2010-11-04,18.5672,18.8191,18.1896,18.7867
FDP,2010-11-05,18.6411,18.9135,18.6411,18.8269
FDP,2010-11-08,18.8112,19.064,18.7187,18.9971
FDP,2010-11-09,18.9892,19.1181,18.8112,18.8948
FDP,2010-11-10,18.9135,19.0315,18.6165,18.9971
FDP,2010-11-11,18.8054,18.9047,18.6332,18.7266
FDP,2010-11-12,18.6008,18.7777,18.4414,18.4581
FDP,2010-11-15,18.4738,18.7709,18.4738,18.5575
FDP,2010-11-16,18.4158,18.5575,18.3017,18.4738
FDP,2010-11-17,18.4916,18.4916,18.3017,18.4257
FDP,2010-11-18,18.5672,18.8269,18.5004,18.7777
FDP,2010-11-19,18.7266,18.8191,18.5318,18.701
FDP,2010-11-22,18.6076,18.7954,18.4493,18.6076
FDP,2010-11-23,18.5004,18.5742,18.2782,18.5161
FDP,2010-11-24,18.6499,18.761,18.5575,18.7355
FDP,2010-11-26,18.6253,18.7777,18.5398,18.7187
FDP,2010-11-29,18.6253,18.6843,18.3017,18.6008
FDP,2010-11-30,18.5181,18.6372,18.3923,18.5428
FDP,2010-12-01,18.7266,18.939,18.6756,18.8054
FDP,2010-12-02,18.7709,19.4259,18.709,19.42
FDP,2010-12-03,19.3197,19.9963,19.2174,19.9866
FDP,2010-12-06,19.9432,20.1017,19.8174,20.0023
FDP,2010-12-07,20.1724,20.2472,20.0023,20.1282
FDP,2010-12-08,20.2058,20.3908,19.9178,20.1104
FDP,2010-12-09,20.255,20.4399,19.9866,20.3485
FDP,2010-12-10,20.4646,20.6484,20.1961,20.6298
FDP,2010-12-13,20.6928,20.7969,20.4646,20.561
FDP,2010-12-14,20.6484,20.8304,20.5697,20.7792
FDP,2010-12-15,20.7872,20.9239,20.6751,20.7095
FDP,2010-12-16,20.7085,20.9859,20.5954,20.915
FDP,2010-12-17,20.9239,21.1767,20.8039,21.1767
FDP,2010-12-20,21.3113,21.3113,20.8737,20.8737
FDP,2010-12-21,20.9721,20.9809,20.855,20.9386
FDP,2010-12-22,20.9869,21.031,20.8815,21.0143
FDP,2010-12-23,21.0724,21.1334,20.855,20.8905
FDP,2010-12-27,20.8905,20.8905,20.4399,20.6661
FDP,2010-12-28,20.6661,21.0409,20.5787,20.7183
FDP,2010-12-29,20.7832,21.0271,20.6701,21.0104
FDP,2010-12-30,21.0517,21.1904,20.9917,21.1029
FDP,2010-12-31,21.1067,21.1234,20.9376,21.0645
FDP,2011-01-03,21.1767,21.4697,20.9721,21.3861
FDP,2011-01-04,21.4697,21.4697,20.7439,20.9544
FDP,2011-01-05,20.9544,21.2356,20.9544,21.0233
FDP,2011-01-06,21.0557,21.0724,20.9062,20.9465
FDP,2011-01-07,20.8471,21.1067,20.3485,20.8471
FDP,2011-01-10,20.7606,20.9632,20.6052,20.8993
FDP,2011-01-11,21.0143,21.2425,20.8471,20.9317
FDP,2011-01-12,21.1234,22.3303,21.0468,22.2871
FDP,2011-01-13,22.2871,22.5339,22.2055,22.5024
FDP,2011-01-14,22.5024,23.1939,22.4197,23.1486
FDP,2011-01-18,23.1152,23.123,22.7946,23.0011
FDP,2011-01-19,22.9834,23.2951,22.8653,23.0669
FDP,2011-01-20,22.948,23.009,22.6696,22.89
FDP,2011-01-21,22.9244,22.9558,22.7227,22.9244
FDP,2011-01-24,22.9411,23.0916,22.7946,23.0178
FDP,2011-01-25,22.9834,23.3138,22.7297,23.1673
FDP,2011-01-26,23.2027,23.3768,22.882,23.1673
FDP,2011-01-27,23.2027,23.2372,22.769,22.769
FDP,2011-01-28,22.8378,22.8378,22.1965,22.2055
FDP,2011-01-31,22.2625,22.4179,22.1513,22.3283
FDP,2011-02-01,22.5339,22.9913,22.5024,22.89
FDP,2011-02-02,22.8556,22.9155,22.3126,22.4287
FDP,2011-02-03,22.4374,22.7297,22.2398,22.6372
FDP,2011-02-04,22.7227,22.9067,22.5084,22.8556
FDP,2011-02-07,22.8556,22.9155,22.6529,22.7227
FDP,2011-02-08,22.7602,22.7946,22.5408,22.6116
FDP,2011-02-09,22.5487,22.7464,22.2871,22.3657
FDP,2011-02-10,22.2732,22.5428,22.2732,22.3677
FDP,2011-02-11,22.3373,22.5762,22.2871,22.4287
FDP,2011-02-14,22.4374,22.6028,22.4287,22.4591
FDP,2011-02-15,22.4758,22.5408,22.2782,22.3559
FDP,2011-02-16,22.4287,22.714,22.2722,22.41
FDP,2011-02-17,26.58,26.77,26.48,26.72
FDP,2011-02-18,22.5851,23.2372,22.5851,23.2116
FDP,2011-02-22,23.0965,23.4014,22.9411,22.9736
FDP,2011-02-23,23.0355,23.2116,22.7227,23.0965
FDP,2011-02-24,23.1752,23.3857,22.6696,22.7779
FDP,2011-02-25,22.8762,23.3975,22.8595,23.3718
FDP,2011-02-28,23.5204,24.1489,23.4938,24.1312
FDP,2011-03-01,22.2959,23.7624,21.6988,22.5969
FDP,2011-03-02,22.5104,23.0866,21.9507,22.9274
FDP,2011-03-03,22.4533,22.8064,21.6163,21.9684
FDP,2011-03-04,21.9024,22.0982,21.7175,21.9507
FDP,2011-03-07,22.0215,22.0382,21.3193,21.5317
FDP,2011-03-08,21.6074,21.9418,21.395,21.7589
FDP,2011-03-09,21.6644,21.7756,21.5405,21.6644
FDP,2011-03-10,21.4963,21.5317,21.0143,21.1845
FDP,2011-03-11,21.098,21.395,21.0645,21.2592
FDP,2011-03-14,21.031,21.4786,21.031,21.4117
FDP,2011-03-15,20.8638,21.452,20.497,21.2425
FDP,2011-03-16,21.2032,21.3517,20.8117,20.8815
FDP,2011-03-17,21.2819,21.2819,20.7999,20.8344
FDP,2011-03-18,21.1147,21.4884,21.0409,21.4707
FDP,2011-03-21,21.8286,21.9959,21.7175,21.9507
FDP,2011-03-22,21.9959,21.9959,21.8042,21.9024
FDP,2011-03-23,21.876,21.9959,21.8042,21.9024
FDP,2011-03-24,21.9959,21.9959,21.6478,21.7855
FDP,2011-03-25,21.8445,22.2074,21.7078,21.9782
FDP,2011-03-28,22.0894,22.2074,21.8946,21.8946
FDP,2011-03-29,21.9418,22.0894,21.812,22.0038
FDP,2011-03-30,22.0215,22.3057,21.9202,22.2595
FDP,2011-03-31,22.2448,22.3726,22.0481,22.0913
FDP,2011-04-01,22.349,22.5605,22.2674,22.4621
FDP,2011-04-04,22.5792,22.6146,22.3589,22.413
FDP,2011-04-05,22.412,22.7464,22.3382,22.6824
FDP,2011-04-06,22.8064,23.0041,22.7168,22.7729
FDP,2011-04-07,22.7975,22.9598,22.5969,22.6991
FDP,2011-04-08,22.8408,22.9107,22.2595,22.3244
FDP,2011-04-11,22.413,22.4877,21.9959,22.0982
FDP,2011-04-12,21.9408,22.2575,21.9408,22.0962
FDP,2011-04-13,22.1818,22.2732,21.515,21.6074
FDP,2011-04-14,21.4215,21.7078,21.3517,21.6988
FDP,2011-04-15,21.5897,21.9595,21.5484,21.9104
FDP,2011-04-18,21.6399,21.9782,21.3773,21.8286
FDP,2011-04-19,21.9104,21.9595,21.4884,21.6074
FDP,2011-04-20,21.8857,22.2595,21.876,22.2595
FDP,2011-04-21,22.3677,22.4384,22.2595,22.4317
FDP,2011-04-25,22.4217,22.4788,22.1414,22.413
FDP,2011-04-26,22.5034,22.6215,22.3313,22.3667
FDP,2011-04-27,22.404,22.8408,22.404,22.8408
FDP,2011-04-28,22.8408,22.9598,22.6991,22.9598
FDP,2011-04-29,22.9126,23.0955,22.8329,22.9371
FDP,2011-05-02,22.9107,22.9775,22.7631,22.7975
FDP,2011-05-03,23.7731,23.7821,22.2889,22.6991
FDP,2011-05-04,22.7326,23.3728,22.6726,22.9519
FDP,2011-05-05,22.8064,22.9697,22.5782,22.6824
FDP,2011-05-06,22.7552,22.9697,22.5034,22.647
FDP,2011-05-09,22.6648,22.8319,22.47,22.6726
FDP,2011-05-10,22.8064,22.894,22.6903,22.894
FDP,2011-05-11,22.6991,22.8319,22.4207,22.7552
FDP,2011-05-12,22.6903,23.0522,22.5959,23.0208
FDP,2011-05-13,23.0522,23.0522,22.8064,22.894
FDP,2011-05-16,22.8231,23.0128,22.6903,22.708
FDP,2011-05-17,22.5507,23.0128,22.47,22.6824
FDP,2011-05-18,22.7257,22.884,22.5104,22.884
FDP,2011-05-19,22.8673,23.1369,22.7729,23.0208
FDP,2011-05-20,22.945,23.0454,22.587,22.8408
FDP,2011-05-23,22.5261,22.7966,22.4207,22.6215
FDP,2011-05-24,22.7326,22.8064,22.4207,22.4945
FDP,2011-05-25,22.4031,22.647,22.2231,22.4207
FDP,2011-05-26,22.412,22.7896,21.9664,22.6726
FDP,2011-05-27,22.7257,22.884,22.5418,22.8408
FDP,2011-05-31,23.0118,23.3109,23.0031,23.3011
FDP,2011-06-01,23.2922,23.3276,22.8142,22.945
FDP,2011-06-02,22.9697,23.25,22.8142,23.0935
FDP,2011-06-03,22.8408,22.9027,22.5261,22.6215
FDP,2011-06-06,22.6303,22.8673,22.4374,22.6903
FDP,2011-06-07,22.8231,22.9107,22.5959,22.6824
FDP,2011-06-08,22.4464,22.7729,22.4207,22.7257
FDP,2011-06-09,22.8408,23.1526,22.6146,23.0041
FDP,2011-06-10,22.9274,23.0128,22.47,22.5034
FDP,2011-06-13,22.5348,22.5693,22.1326,22.2162
FDP,2011-06-14,22.3038,22.6903,22.2231,22.6559
FDP,2011-06-15,22.4307,22.5104,21.874,21.9763
FDP,2011-06-16,22.0136,22.5005,21.9517,22.2625
FDP,2011-06-17,22.4533,22.8673,22.0284,22.0962
FDP,2011-06-20,21.9851,22.1975,21.9408,22.0107
FDP,2011-06-21,22.1484,22.3382,22.0795,22.3136
FDP,2011-06-22,22.2722,22.6648,22.1641,22.4207
FDP,2011-06-23,22.1798,22.1798,21.4264,21.6448
FDP,2011-06-24,21.6704,21.9763,21.4854,21.9084
FDP,2011-06-27,21.868,22.2792,21.7146,22.2162
FDP,2011-06-28,22.2575,22.5191,22.0795,22.5191
FDP,2011-06-29,22.5418,22.6303,22.4533,22.4945
FDP,2011-06-30,22.5851,22.8605,22.5162,22.6037
FDP,2011-07-01,22.6392,22.9027,22.5348,22.8762
FDP,2011-07-05,22.894,22.894,22.1798,22.4611
FDP,2011-07-06,22.3814,22.6529,22.2625,22.4571
FDP,2011-07-07,22.6696,23.18,22.5152,23.1703
FDP,2011-07-08,22.9175,23.1988,22.8123,23.18
FDP,2011-07-11,22.9194,23.1526,22.6146,22.7631
FDP,2011-07-12,22.6618,23.1279,22.6529,22.8388
FDP,2011-07-13,22.9951,23.3099,22.8673,23.1192
FDP,2011-07-14,23.2333,23.3099,22.9194,22.9362
FDP,2011-07-15,23.0041,23.2077,22.9598,23.0128
FDP,2011-07-18,22.9194,22.9194,22.2664,22.2959
FDP,2011-07-19,22.4267,23.2587,22.4267,23.18
FDP,2011-07-20,23.2253,23.2764,23.0305,23.0709
FDP,2011-07-21,23.2165,23.5018,23.1988,23.4594
FDP,2011-07-22,23.4073,23.4073,22.6451,22.714
FDP,2011-07-25,22.4374,22.4374,21.9084,21.931
FDP,2011-07-26,21.9212,21.9969,21.4185,21.4451
FDP,2011-07-27,21.3576,21.3999,21.0606,21.0773
FDP,2011-07-28,21.0271,21.2819,20.8747,20.9268
FDP,2011-07-29,20.6966,20.9376,20.614,20.7744
FDP,2011-08-01,21.0193,21.0517,20.5353,20.8855
FDP,2011-08-02,19.8261,21.1019,19.1219,19.8784
FDP,2011-08-03,19.8498,20.2078,19.2901,20.138
FDP,2011-08-04,19.8439,19.9905,19.0758,19.1042
FDP,2011-08-05,19.2991,19.5636,18.642,19.3325
FDP,2011-08-08,18.8378,19.2567,18.1414,18.1512
FDP,2011-08-09,18.5074,19.4594,18.0224,19.4338
FDP,2011-08-10,18.8988,19.1289,18.3618,18.3873
FDP,2011-08-11,18.5161,19.6315,18.4414,19.2657
FDP,2011-08-12,19.4338,19.5036,18.9567,19.3482
FDP,2011-08-15,19.4505,19.7663,19.3325,19.6973
FDP,2011-08-16,19.4692,19.4948,18.9834,19.3177
FDP,2011-08-17,19.4594,19.7053,19.1967,19.4013
FDP,2011-08-18,18.7974,19.2567,18.5485,19.1289
FDP,2011-08-19,18.763,19.3659,18.5074,19.0365
FDP,2011-08-22,19.2734,19.5636,19.0266,19.1359
FDP,2011-08-23,19.1771,20.1331,19.0955,20.1144
FDP,2011-08-24,20.0229,20.4902,19.9462,20.202
FDP,2011-08-25,20.2777,20.3131,19.5203,19.7387
FDP,2011-08-26,19.6089,20.3032,19.4692,20.1508
FDP,2011-08-29,20.2521,20.6584,20.1419,20.6121
FDP,2011-08-30,20.4547,20.7282,20.3386,20.497
FDP,2011-08-31,20.6514,20.6966,20.2275,20.553
FDP,2011-09-01,20.5069,20.7969,20.1055,20.1419
FDP,2011-09-02,19.8705,20.1055,19.4919,19.598
FDP,2011-09-06,19.0089,19.6394,18.9931,19.599
FDP,2011-09-07,19.8715,20.3721,19.8261,20.3032
FDP,2011-09-08,20.1685,20.4125,20.1144,20.1508
FDP,2011-09-09,19.8715,19.9206,19.4013,19.6639
FDP,2011-09-12,19.3659,19.9118,19.3237,19.8528
FDP,2011-09-13,19.9118,20.1833,19.8617,20.0062
FDP,2011-09-14,20.1055,20.4125,19.7937,20.2108
FDP,2011-09-15,20.3554,20.497,20.1508,20.4312
FDP,2011-09-16,21.3409,21.3409,20.2354,20.261
FDP,2011-09-19,19.9118,20.0879,19.7141,19.9806
FDP,2011-09-20,20.0229,20.2777,19.8204,19.8784
FDP,2011-09-21,19.8124,20.1587,19.3561,19.3846
FDP,2011-09-22,18.8131,19.4594,18.7797,19.3758
FDP,2011-09-23,19.3325,19.7663,19.1702,19.3325
FDP,2011-09-26,19.4761,19.7308,19.1359,19.7141
FDP,2011-09-27,20.1242,20.4902,20.015,20.1508
FDP,2011-09-28,20.1754,20.38,19.784,19.8027
FDP,2011-09-29,20.1242,20.3554,19.8204,19.9905
FDP,2011-09-30,19.7053,20.2413,19.6983,19.7495
FDP,2011-10-03,19.5803,19.8862,19.0689,19.0856
FDP,2011-10-04,18.8466,19.6315,18.8466,19.5636
FDP,2011-10-05,19.5617,19.6796,19.1102,19.4919
FDP,2011-10-06,19.3915,20.3898,19.3817,20.3475
FDP,2011-10-07,20.4469,20.6494,20.2354,20.2777
FDP,2011-10-10,20.621,20.9504,20.5236,20.9268
FDP,2011-10-11,20.9012,21.093,20.7714,20.9996
FDP,2011-10-12,21.1904,21.4687,21.1284,21.3743
FDP,2011-10-13,21.2071,21.4501,21.0861,21.3743
FDP,2011-10-14,21.5573,21.7432,21.3409,21.6468
FDP,2011-10-17,21.4451,21.6064,20.7449,20.8059
FDP,2011-10-18,20.8147,21.5396,20.7006,21.4185
FDP,2011-10-19,21.2642,21.8622,21.1019,21.2819
FDP,2011-10-20,21.2819,21.3999,20.7969,21.3409
FDP,2011-10-21,21.6792,21.8436,21.5366,21.8277
FDP,2011-10-24,21.7953,21.8956,21.6153,21.8129
FDP,2011-10-25,21.7235,21.7235,21.1608,21.1954
FDP,2011-10-26,21.5218,21.6389,20.9416,21.573
FDP,2011-10-27,22.0313,22.9342,21.7855,22.7464
FDP,2011-10-28,22.6205,22.8064,22.3913,22.3913
FDP,2011-10-31,22.0854,22.0854,21.6625,21.6724
FDP,2011-11-01,20.4331,21.8277,20.4331,20.6514
FDP,2011-11-02,20.9012,21.0861,20.56,21.0094
FDP,2011-11-03,21.2121,21.6281,21.0036,21.571
FDP,2011-11-04,21.3626,21.7481,21.2524,21.5533
FDP,2011-11-07,21.4835,21.6281,21.03,21.5288
FDP,2011-11-08,21.577,22.228,21.4648,22.0638
FDP,2011-11-09,21.5533,21.7835,21.0547,21.2288
FDP,2011-11-10,21.4334,21.8277,21.3626,21.6134
FDP,2011-11-11,21.8356,22.2752,21.8277,22.2369
FDP,2011-11-14,22.0481,22.1601,21.8523,22.0225
FDP,2011-11-15,21.9202,22.5015,21.9015,22.4504
FDP,2011-11-16,22.228,22.4581,22.0559,22.1444
FDP,2011-11-17,22.0048,22.2999,21.7835,21.9202
FDP,2011-11-18,21.9684,22.1838,21.7481,21.8022
FDP,2011-11-21,21.4491,21.4746,21.03,21.1234
FDP,2011-11-22,21.098,21.4648,20.913,20.913
FDP,2011-11-23,20.8009,20.8009,20.2865,20.3721
FDP,2011-11-25,20.2707,20.5079,20.1843,20.1843
FDP,2011-11-28,20.7744,20.9445,20.4921,20.6603
FDP,2011-11-29,20.6966,20.9297,20.6071,20.7921
FDP,2011-11-30,21.4334,21.4491,21.096,21.4422
FDP,2011-12-01,21.2789,21.6438,21.1521,21.3713
FDP,2011-12-02,21.571,21.7146,21.3803,21.5012
FDP,2011-12-05,21.8189,21.9202,21.5366,21.7048
FDP,2011-12-06,21.696,21.7746,21.331,21.3468
FDP,2011-12-07,21.2375,21.6527,21.09,21.5288
FDP,2011-12-08,21.331,21.3468,20.7744,20.7921
FDP,2011-12-09,20.8953,21.6035,20.8088,21.4746
FDP,2011-12-12,21.2209,21.331,20.9859,21.3222
FDP,2011-12-13,21.5366,21.7481,21.1954,21.2789
FDP,2011-12-14,21.098,21.2612,20.8353,20.8708
FDP,2011-12-15,21.1608,21.2612,21.04,21.1954
FDP,2011-12-16,21.331,21.5288,21.04,21.1521
FDP,2011-12-19,21.2209,21.6438,20.913,20.9612
FDP,2011-12-20,21.2445,21.4235,21.1855,21.2956
FDP,2011-12-21,21.1767,21.5857,21.1767,21.5445
FDP,2011-12-22,21.5632,21.868,21.4334,21.4924
FDP,2011-12-23,21.4924,21.6438,21.2956,21.331
FDP,2011-12-27,21.2288,21.696,21.2288,21.5947
FDP,2011-12-28,21.5947,21.6527,21.1067,21.1334
FDP,2011-12-29,21.1421,21.571,21.1421,21.5012
FDP,2011-12-30,21.4746,21.5857,21.3713,21.3713
FDP,2012-01-03,21.8189,21.8603,21.5366,21.6615
FDP,2012-01-04,21.5189,21.6438,21.2042,21.3369
FDP,2012-01-05,21.2209,21.2692,20.9524,21.1767
FDP,2012-01-06,21.1067,21.1234,20.8875,20.9612
FDP,2012-01-09,21.0036,21.0036,20.5717,20.6436
FDP,2012-01-10,20.8353,20.9701,20.6701,20.9524
FDP,2012-01-11,20.7645,20.9701,20.6514,20.9297
FDP,2012-01-12,20.9209,21.09,20.8274,21.0645
FDP,2012-01-13,20.8353,20.9376,20.6603,20.8353
FDP,2012-01-17,20.9926,21.0448,20.7625,20.8334
FDP,2012-01-18,20.7557,21.2042,20.7134,21.1954
FDP,2012-01-19,21.1421,21.2121,20.913,20.9789
FDP,2012-01-20,20.9859,21.1855,20.8786,21.0547
FDP,2012-01-23,20.9859,21.098,20.8511,20.9524
FDP,2012-01-24,20.7921,20.9946,20.7222,20.8953
FDP,2012-01-25,20.8353,21.0547,20.7921,20.9946
FDP,2012-01-26,21.0813,21.1855,20.8433,21.1067
FDP,2012-01-27,20.9859,21.1954,20.9612,20.9946
FDP,2012-01-30,20.8786,21.04,20.8088,20.9612
FDP,2012-01-31,21.1038,21.1038,20.7163,20.918
FDP,2012-02-01,21.04,21.1954,20.8786,21.0133
FDP,2012-02-02,21.0714,21.2524,20.8953,21.09
FDP,2012-02-03,21.3803,21.4559,21.1855,21.1954
FDP,2012-02-06,21.1234,21.3045,21.1234,21.2209
FDP,2012-02-07,21.1058,21.4933,21.1058,21.2692
FDP,2012-02-08,21.3222,21.5021,21.2612,21.4422
FDP,2012-02-09,21.512,21.5297,20.8688,21.039
FDP,2012-02-10,20.8176,20.9376,20.6603,20.8511
FDP,2012-02-13,20.9859,21.0036,20.739,20.7645
FDP,2012-02-14,20.678,20.7557,20.5246,20.5904
FDP,2012-02-15,20.7744,20.7744,20.3042,20.3141
FDP,2012-02-16,20.2865,20.5079,20.2196,20.3652
FDP,2012-02-17,20.4399,20.6514,20.3141,20.4921
FDP,2012-02-21,20.4656,21.2288,20.4399,21.1855
FDP,2012-02-22,21.1067,21.868,21.0813,21.6438
FDP,2012-02-23,21.7146,21.7569,21.5012,21.6369
FDP,2012-02-24,21.512,21.6625,21.4491,21.4756
FDP,2012-02-27,21.2692,21.7313,20.6603,21.3468
FDP,2012-02-28,21.2956,21.2956,19.3138,19.6295
FDP,2012-02-29,19.7417,19.7417,19.1732,19.1919
FDP,2012-03-01,19.3374,19.5273,19.2203,19.3463
FDP,2012-03-02,19.3217,19.4082,19.182,19.1919
FDP,2012-03-05,19.1919,19.2527,18.9774,19.1387
FDP,2012-03-06,18.9184,19.3217,18.8398,18.9607
FDP,2012-03-07,18.9105,19.1919,18.8741,19.1387
FDP,2012-03-08,19.3138,19.3138,18.9007,19.0217
FDP,2012-03-09,19.1181,19.4082,19.0561,19.3463
FDP,2012-03-12,19.305,19.4485,19.1919,19.2193
FDP,2012-03-13,19.3817,19.5725,19.2273,19.5538
FDP,2012-03-14,19.4761,19.5026,19.2273,19.363
FDP,2012-03-15,19.3463,19.545,19.2273,19.545
FDP,2012-03-16,19.5627,19.8134,19.5283,19.785
FDP,2012-03-19,19.7053,19.8271,19.2873,19.4672
FDP,2012-03-20,19.2794,19.4161,19.2273,19.245
FDP,2012-03-21,19.237,19.3463,18.9774,18.9774
FDP,2012-03-22,18.8141,18.9529,18.7119,18.9529
FDP,2012-03-23,18.9273,19.1319,18.8221,19.1319
FDP,2012-03-26,19.2705,19.4672,19.2116,19.363
FDP,2012-03-27,19.3295,19.5627,19.2705,19.4407
FDP,2012-03-28,19.4161,19.5193,19.3374,19.4829
FDP,2012-03-29,19.3541,19.5538,19.2961,19.4928
FDP,2012-03-30,19.5892,19.723,19.5361,19.6089
FDP,2012-04-02,19.4829,19.7584,19.4082,19.6157
FDP,2012-04-03,19.5803,19.7947,19.2527,19.3915
FDP,2012-04-04,19.2007,19.2106,18.9754,19.1172
FDP,2012-04-05,19.1319,19.245,19.1172,19.2263
FDP,2012-04-09,18.9873,19.1653,18.9676,19.1092
FDP,2012-04-10,19.1092,19.3994,18.9007,19.0217
FDP,2012-04-11,19.1387,19.1387,18.9676,19.0807
FDP,2012-04-12,19.0807,19.2617,19.0049,19.2193
FDP,2012-04-13,19.182,19.182,18.9607,18.9951
FDP,2012-04-16,19.0217,19.182,18.945,19.0895
FDP,2012-04-17,19.182,19.6099,19.182,19.4761
FDP,2012-04-18,19.3463,19.4082,19.0895,19.3463
FDP,2012-04-19,19.305,19.363,19.0807,19.237
FDP,2012-04-20,19.4082,19.4574,19.2617,19.4239
FDP,2012-04-23,19.245,19.3217,19.1387,19.2016
FDP,2012-04-24,19.1387,19.3728,19.064,19.3728
FDP,2012-04-25,19.5193,19.7947,19.5106,19.6394
FDP,2012-04-26,19.5725,19.8214,19.4761,19.7761
FDP,2012-04-27,19.7869,19.9432,19.6659,19.9335
FDP,2012-04-30,19.8271,20.0249,19.8046,19.8872
FDP,2012-05-01,20.6003,21.3133,20.3987,21.2779
FDP,2012-05-02,21.2288,21.39,20.9425,21.1944
FDP,2012-05-03,21.2425,21.2425,20.7685,20.8304
FDP,2012-05-04,20.856,20.9672,20.5924,20.6544
FDP,2012-05-07,20.6455,20.8393,20.5649,20.7782
FDP,2012-05-08,20.796,21.1304,20.6455,21.0783
FDP,2012-05-09,20.7065,21.1216,20.7065,21.0881
FDP,2012-05-10,21.1757,21.3369,21.0104,21.2779
FDP,2012-05-11,21.1127,21.4933,21.0429,21.4658
FDP,2012-05-14,21.2356,21.8473,21.1216,21.5297
FDP,2012-05-15,21.4334,21.6389,21.3468,21.573
FDP,2012-05-16,21.573,21.6891,21.4334,21.5021
FDP,2012-05-17,21.4933,21.512,20.9672,20.9672
FDP,2012-05-18,20.9082,20.9908,20.6731,20.6908
FDP,2012-05-21,20.6809,20.7262,20.4566,20.5924
FDP,2012-05-22,20.6544,20.7262,20.3819,20.4498
FDP,2012-05-23,20.3819,20.4753,20.1222,20.3908
FDP,2012-05-24,20.3819,20.5649,20.2698,20.4753
FDP,2012-05-25,20.4075,20.6397,20.3908,20.4498
FDP,2012-05-29,20.6996,20.9573,20.5089,20.5363
FDP,2012-05-30,20.4331,20.6544,20.3652,20.4331
FDP,2012-05-31,20.4242,20.5009,20.1222,20.2275
FDP,2012-06-01,19.8902,20.0692,19.7594,19.9069
FDP,2012-06-04,19.9335,19.9866,19.5902,19.6325
FDP,2012-06-05,19.5115,19.8301,19.5115,19.7967
FDP,2012-06-06,19.9335,20.261,19.7692,20.261
FDP,2012-06-07,20.4566,20.5453,20.1222,20.1409
FDP,2012-06-08,20.078,20.3229,20.0279,20.2098
FDP,2012-06-11,20.3987,20.5924,20.0111,20.0111
FDP,2012-06-12,20.0337,20.0859,19.8568,19.9963
FDP,2012-06-13,19.9502,20.1134,19.8234,19.8832
FDP,2012-06-14,19.8754,20.02,19.8301,19.9963
FDP,2012-06-15,20.0525,20.0692,19.8301,19.8568
FDP,2012-06-18,19.8066,20.0279,19.7417,19.9599
FDP,2012-06-19,19.9599,20.4145,19.8468,20.3564
FDP,2012-06-20,20.3721,20.4242,20.078,20.1675
FDP,2012-06-21,20.1577,20.2187,19.4417,19.4839
FDP,2012-06-22,19.5203,19.6236,19.3925,19.5293
FDP,2012-06-25,19.2961,19.4682,19.2007,19.3728
FDP,2012-06-26,19.3925,19.5548,19.2263,19.245
FDP,2012-06-27,19.3374,19.6738,19.3374,19.6659
FDP,2012-06-28,19.5293,19.6915,19.3374,19.6915
FDP,2012-06-29,19.9776,20.2275,19.725,20.2275
FDP,2012-07-02,20.2098,20.5186,20.0859,20.4665
FDP,2012-07-03,20.5186,20.5649,20.4409,20.4665
FDP,2012-07-05,20.3819,20.4498,20.1833,20.3564
FDP,2012-07-06,20.1134,20.3987,20.1134,20.3042
FDP,2012-07-09,20.3229,20.3229,20.0859,20.1409
FDP,2012-07-10,20.2354,20.3475,19.9866,20.1311
FDP,2012-07-11,20.1036,20.3475,20.1036,20.2442
FDP,2012-07-12,20.0947,20.2855,19.8568,20.0033
FDP,2012-07-13,20.02,20.5009,20.02,20.493
FDP,2012-07-16,20.4753,20.7508,20.4331,20.6455
FDP,2012-07-17,20.6908,20.9416,20.5924,20.7163
FDP,2012-07-18,20.6809,20.9573,20.6809,20.7685
FDP,2012-07-19,20.8137,20.856,20.493,20.5009
FDP,2012-07-20,20.4242,20.7596,20.2442,20.6996
FDP,2012-07-23,20.4665,20.4753,20.3229,20.3819
FDP,2012-07-24,20.3652,20.3652,19.8832,19.9963
FDP,2012-07-25,20.0692,20.2944,19.9963,20.1409
FDP,2012-07-26,20.3721,20.6996,20.3396,20.6327
FDP,2012-07-27,20.7262,21.0616,20.5089,20.9839
FDP,2012-07-30,20.9504,21.1501,20.8924,20.9749
FDP,2012-07-31,21.2956,21.5386,21.0783,21.1127
FDP,2012-08-01,21.1835,21.3803,20.7262,20.9337
FDP,2012-08-02,20.9749,21.0694,20.5266,20.8825
FDP,2012-08-03,21.0517,21.5199,21.0517,21.5021
FDP,2012-08-06,21.5455,21.7255,21.5021,21.6988
FDP,2012-08-07,21.7442,21.8897,21.6389,21.6635
FDP,2012-08-08,21.573,21.8316,21.512,21.7706
FDP,2012-08-09,21.6988,21.6988,21.4658,21.6301
FDP,2012-08-10,21.4658,21.5455,21.2515,21.4157
FDP,2012-08-13,21.4668,21.5465,21.2425,21.398
FDP,2012-08-14,21.5209,21.6163,21.1747,21.2356
FDP,2012-08-15,21.1747,21.5297,21.1747,21.4245
FDP,2012-08-16,21.398,21.6311,21.2268,21.5799
FDP,2012-08-17,21.5297,21.6566,21.4245,21.6311
FDP,2012-08-20,21.5021,21.7098,21.398,21.5652
FDP,2012-08-21,21.6064,21.7982,21.1678,21.2179
FDP,2012-08-22,21.1825,21.2505,20.9652,21.0419
FDP,2012-08-23,21.035,21.0497,20.7134,20.739
FDP,2012-08-24,20.6691,21.0084,20.4192,20.8373
FDP,2012-08-27,20.9554,21.3803,20.9554,21.1678
FDP,2012-08-28,21.1393,21.4344,21.0694,21.2946
FDP,2012-08-29,21.2769,21.3458,21.0773,21.2101
FDP,2012-08-30,21.1825,21.1825,20.9554,21.1678
FDP,2012-08-31,21.2682,21.4491,21.1481,21.3703
FDP,2012-09-04,21.4844,21.7195,21.3035,21.6163
FDP,2012-09-05,21.6831,21.6911,20.9239,20.9317
FDP,2012-09-06,20.9652,21.4668,20.9396,21.3301
FDP,2012-09-07,21.3212,21.512,21.1117,21.2101
FDP,2012-09-10,21.1747,21.3458,21.158,21.2425
FDP,2012-09-11,21.2101,21.3123,21.0694,21.158
FDP,2012-09-12,21.2268,21.2769,20.9652,21.1294
FDP,2012-09-13,21.094,21.2425,21.0694,21.2022
FDP,2012-09-14,21.2101,21.39,21.1481,21.1924
FDP,2012-09-17,20.9986,21.0261,20.6593,20.854
FDP,2012-09-18,20.9239,20.974,20.7134,20.7931
FDP,2012-09-19,21.5465,22.2202,21.3803,21.9772
FDP,2012-09-20,21.9586,22.4975,21.9487,22.4394
FDP,2012-09-21,22.4975,22.4975,22.2782,22.2782
FDP,2012-09-24,22.2202,22.4464,22.1454,22.3667
FDP,2012-09-25,22.4327,22.5054,22.0038,22.0126
FDP,2012-09-26,22.0126,22.1366,21.7529,21.7982
FDP,2012-09-27,21.866,22.2202,21.7619,22.11
FDP,2012-09-28,21.9851,22.3126,21.7982,22.1523
FDP,2012-10-01,22.1759,22.3313,22.0471,22.2389
FDP,2012-10-02,22.2722,22.404,21.9949,22.0638
FDP,2012-10-03,22.0471,22.0825,21.4491,21.512
FDP,2012-10-04,21.5563,21.8071,21.4245,21.8071
FDP,2012-10-05,21.8239,22.1002,21.7795,21.8159
FDP,2012-10-08,21.6911,21.8326,21.6231,21.7265
FDP,2012-10-09,21.8071,21.8573,21.4933,21.5887
FDP,2012-10-10,21.6064,21.7265,21.4245,21.573
FDP,2012-10-11,21.7195,21.7195,21.4058,21.6644
FDP,2012-10-12,21.6478,21.8071,21.4844,21.5297
FDP,2012-10-15,21.4756,21.6478,21.2682,21.4668
FDP,2012-10-16,21.5799,21.931,21.3369,21.931
FDP,2012-10-17,21.8828,22.413,21.8828,22.404
FDP,2012-10-18,22.3382,22.5054,22.1601,22.4641
FDP,2012-10-19,22.3224,22.4227,22.1848,22.3963
FDP,2012-10-22,22.3028,22.4464,22.1366,22.4394
FDP,2012-10-23,22.23,22.4975,22.1002,22.472
FDP,2012-10-24,22.4975,22.4975,22.0126,22.11
FDP,2012-10-25,22.1848,22.4897,22.1848,22.4897
FDP,2012-10-26,22.4327,22.4975,22.0737,22.1366
FDP,2012-10-31,22.3028,22.3028,21.4245,21.7795
FDP,2012-11-01,21.873,22.3028,21.5297,22.1759
FDP,2012-11-02,22.2782,22.348,22.0638,22.2645
FDP,2012-11-05,22.2123,22.472,22.0913,22.4543
FDP,2012-11-06,22.404,22.5841,22.3667,22.53
FDP,2012-11-07,22.2782,22.3579,21.873,22.0559
FDP,2012-11-08,22.0215,22.2782,22.0215,22.1287
FDP,2012-11-09,22.0638,22.3873,21.8818,22.2565
FDP,2012-11-12,22.2477,22.2477,21.4914,21.5533
FDP,2012-11-13,22.0028,22.0028,21.395,21.6891
FDP,2012-11-14,21.6891,21.7175,21.4638,21.5278
FDP,2012-11-15,21.571,21.6891,21.2395,21.335
FDP,2012-11-16,21.2562,21.578,21.091,21.5091
FDP,2012-11-19,21.7175,21.93,21.6144,21.9074
FDP,2012-11-20,21.7776,21.8996,21.6379,21.8316
FDP,2012-11-21,21.9399,22.0638,21.873,22.0116
FDP,2012-11-23,22.0382,22.3313,21.9074,22.3313
FDP,2012-11-26,22.2133,22.5478,22.1848,22.5231
FDP,2012-11-27,22.5231,22.6559,22.3136,22.3234
FDP,2012-11-28,22.2565,22.5231,21.9763,22.2782
FDP,2012-11-29,22.474,22.646,22.3589,22.5319
FDP,2012-11-30,22.5762,22.6126,22.4651,22.5398
FDP,2012-12-03,22.6205,22.6205,22.405,22.5851
FDP,2012-12-04,22.4237,22.6303,22.4237,22.4651
FDP,2012-12-05,22.5074,22.6205,22.349,22.5478
FDP,2012-12-06,22.4995,22.5665,22.3392,22.5575
FDP,2012-12-07,22.4404,22.6913,22.405,22.5851
FDP,2012-12-10,22.5074,22.5851,22.4404,22.5665
FDP,2012-12-11,22.5478,22.6382,22.4818,22.5851
FDP,2012-12-12,22.6736,22.8181,22.5152,22.6382
FDP,2012-12-13,22.5949,22.7582,22.5319,22.7001
FDP,2012-12-14,22.646,22.8556,22.5478,22.7916
FDP,2012-12-17,22.8093,23.0464,22.646,23.0464
FDP,2012-12-18,23.0729,23.3266,22.8998,23.3089
FDP,2012-12-19,23.3266,23.3266,23.0729,23.1476
FDP,2012-12-20,23.1663,23.3355,23.1663,23.2381
FDP,2012-12-21,23.123,23.2126,22.8998,23.1035
FDP,2012-12-24,23.123,23.123,22.882,22.9165
FDP,2012-12-26,22.882,22.95,22.5949,22.646
FDP,2012-12-27,22.6382,22.7178,22.414,22.5152
FDP,2012-12-28,22.4404,22.6824,22.4404,22.5074
FDP,2012-12-31,22.4553,22.9254,22.3687,22.891
FDP,2013-01-02,23.247,23.4349,22.9864,23.3089
FDP,2013-01-03,23.2991,23.2991,22.8556,23.0128
FDP,2013-01-04,23.1132,23.1949,22.9687,23.0208
FDP,2013-01-07,22.882,22.9765,22.6303,22.6303
FDP,2013-01-08,22.6205,22.827,22.5398,22.766
FDP,2013-01-09,22.8643,23.0532,22.7424,23.0208
FDP,2013-01-10,23.0532,23.1663,22.7847,22.9431
FDP,2013-01-11,22.9951,22.9951,22.7178,22.9077
FDP,2013-01-14,22.891,22.9342,22.7424,22.8004
FDP,2013-01-15,22.6559,22.7847,22.5665,22.71
FDP,2013-01-16,22.7001,22.71,22.5398,22.5762
FDP,2013-01-17,22.7001,22.8998,22.6303,22.7916
FDP,2013-01-18,22.7759,22.8004,22.6824,22.7916
FDP,2013-01-22,22.8004,22.9342,22.6648,22.8359
FDP,2013-01-23,22.8556,22.8556,22.5762,22.5762
FDP,2013-01-24,22.5398,23.1035,22.474,23.0945
FDP,2013-01-25,23.1309,23.185,22.7582,22.9165
FDP,2013-01-28,22.9864,23.1408,22.646,23.0798
FDP,2013-01-29,23.1752,23.8735,23.1408,23.845
FDP,2013-01-30,23.8892,23.8892,23.5952,23.6699
FDP,2013-01-31,23.2745,23.4083,22.8093,22.891
FDP,2013-02-01,23.0041,23.4447,22.8457,23.4083
FDP,2013-02-04,23.2559,23.3178,23.0041,23.2303
FDP,2013-02-05,23.3434,23.5253,23.2126,23.3434
FDP,2013-02-06,23.3434,23.3581,23.0729,23.3513
FDP,2013-02-07,23.3089,23.427,23.0798,23.2745
FDP,2013-02-08,23.3089,23.4526,23.2804,23.3513
FDP,2013-02-11,23.3089,23.3355,23.1408,23.2745
FDP,2013-02-12,23.3178,23.6296,23.2745,23.5056
FDP,2013-02-13,23.543,23.7477,23.5056,23.6699
FDP,2013-02-14,23.6787,23.7574,23.6296,23.6699
FDP,2013-02-15,23.7407,23.845,23.6296,23.723
FDP,2013-02-19,23.3513,24.1233,23.1035,23.6296
FDP,2013-02-20,23.5852,23.5952,22.95,23.0385
FDP,2013-02-21,22.8556,23.2647,22.646,23.0464
FDP,2013-02-22,23.1663,23.185,23.0208,23.1576
FDP,2013-02-25,23.2027,23.3266,22.5319,22.5478
FDP,2013-02-26,22.5762,22.7335,22.349,22.6913
FDP,2013-02-27,22.7001,22.8643,22.5575,22.7335
FDP,2013-02-28,22.7001,22.8643,22.5575,22.6648
FDP,2013-03-01,22.5152,23.0464,22.2645,22.9077
FDP,2013-03-04,22.9126,23.0995,22.6499,22.946
FDP,2013-03-05,22.886,23.1723,22.886,23.1279
FDP,2013-03-06,23.1997,23.4781,23.0592,23.4683
FDP,2013-03-07,23.4604,23.66,23.3975,23.66
FDP,2013-03-08,23.8302,23.8991,23.5598,23.8381
FDP,2013-03-11,23.7654,23.845,23.5233,23.784
FDP,2013-03-12,23.784,23.9492,23.6443,23.66
FDP,2013-03-13,23.5676,23.9237,23.5233,23.8902
FDP,2013-03-14,23.8814,24.1341,23.6522,24.0013
FDP,2013-03-15,23.845,24.083,23.8214,23.9571
FDP,2013-03-18,23.7407,24.0112,23.732,23.9916
FDP,2013-03-19,23.9571,24.2344,23.9148,24.2128
FDP,2013-03-20,24.2217,24.2217,24.0456,24.1616
FDP,2013-03-21,24.0112,24.0633,23.7564,23.8902
FDP,2013-03-22,23.8902,23.9059,23.5765,23.6197
FDP,2013-03-25,23.6522,23.7938,23.2961,23.5135
FDP,2013-03-26,23.5676,23.6866,23.5332,23.6119
FDP,2013-03-27,23.424,23.8214,23.2096,23.8214
FDP,2013-03-28,23.8735,23.9571,23.5332,23.5519
FDP,2013-04-01,23.6443,23.6866,23.2194,23.4427
FDP,2013-04-02,23.6039,23.6039,23.245,23.2874
FDP,2013-04-03,23.3886,23.3975,23.0916,23.1723
FDP,2013-04-04,23.2096,23.4604,23.009,23.4516
FDP,2013-04-05,23.1997,23.5135,23.1192,23.4869
FDP,2013-04-08,23.5598,23.5676,23.1997,23.5598
FDP,2013-04-09,23.66,23.7654,23.3798,23.5765
FDP,2013-04-10,23.6689,23.6689,23.4427,23.5765
FDP,2013-04-11,23.6286,23.8302,23.5421,23.5598
FDP,2013-04-12,23.4427,23.9325,23.2794,23.5598
FDP,2013-04-15,23.5046,23.5135,22.9214,23.0268
FDP,2013-04-16,23.1723,23.3886,23.0689,23.2617
FDP,2013-04-17,23.1446,23.1446,22.7375,22.9637
FDP,2013-04-18,22.9903,23.2194,22.8595,23.0268
FDP,2013-04-19,23.0415,23.5046,23.0415,23.4869
FDP,2013-04-22,23.6286,23.6365,23.191,23.5519
FDP,2013-04-23,23.5765,23.9916,23.5676,23.9916
FDP,2013-04-24,24.0013,24.0013,23.5676,23.6197
FDP,2013-04-25,23.7751,24.0112,23.7654,23.9659
FDP,2013-04-26,23.9394,23.9826,23.732,23.9571
FDP,2013-04-29,23.9571,24.1616,23.8902,24.083
FDP,2013-04-30,22.6943,23.4781,21.8996,22.1778
FDP,2013-05-01,22.0392,22.1199,21.5336,21.7432
FDP,2013-05-02,22.232,22.8221,21.8473,21.8996
FDP,2013-05-03,21.93,22.2959,21.93,22.2143
FDP,2013-05-06,22.3303,22.3953,22.0775,22.2438
FDP,2013-05-07,22.2536,22.4995,22.1051,22.3206
FDP,2013-05-08,22.3206,22.83,22.1326,22.5142
FDP,2013-05-09,22.5851,22.6746,22.4327,22.5851
FDP,2013-05-10,22.5851,22.9716,22.5064,22.9293
FDP,2013-05-13,22.9293,23.009,22.7188,22.83
FDP,2013-05-14,22.7867,23.1279,22.7513,23.1092
FDP,2013-05-15,23.0168,23.3571,22.946,23.307
FDP,2013-05-16,23.307,23.7693,23.307,23.544
FDP,2013-05-17,23.663,23.962,23.4073,23.8942
FDP,2013-05-20,23.8675,23.9109,23.5775,23.8341
FDP,2013-05-21,23.7693,23.962,23.6384,23.8341
FDP,2013-05-22,23.8254,24.2767,23.6719,23.6807
FDP,2013-05-23,23.5165,24.2492,23.3503,24.1843
FDP,2013-05-24,24.1204,24.3131,23.8421,24.3131
FDP,2013-05-28,24.5059,24.5059,24.2098,24.3495
FDP,2013-05-29,24.2857,24.3495,23.9276,23.9797
FDP,2013-05-30,23.9797,24.1302,23.5352,23.5972
FDP,2013-05-31,23.5293,23.6679,23.3522,23.4831
FDP,2013-06-03,23.2794,23.8853,23.245,23.7347
FDP,2013-06-04,23.788,23.8421,23.5617,23.6129
FDP,2013-06-05,23.5352,23.7427,23.2106,23.2539
FDP,2013-06-06,23.1919,23.4526,23.1536,23.3817
FDP,2013-06-07,23.4349,23.6473,23.2007,23.4447
FDP,2013-06-10,23.5538,23.8578,23.4073,23.8488
FDP,2013-06-11,23.788,23.788,23.245,23.6384
FDP,2013-06-12,23.788,24.024,23.6552,23.903
FDP,2013-06-13,23.8942,24.4203,23.788,24.3948
FDP,2013-06-14,24.3221,24.4469,24.1588,24.2098
FDP,2013-06-17,24.3407,24.5325,24.2177,24.3849
FDP,2013-06-18,24.3948,24.6367,24.3221,24.6298
FDP,2013-06-19,24.6928,24.6928,24.1401,24.1401
FDP,2013-06-20,23.9109,24.0594,23.6984,23.7506
FDP,2013-06-21,23.8254,23.9109,23.4889,23.4889
FDP,2013-06-24,23.2726,24.2857,23.1919,23.9866
FDP,2013-06-25,24.0505,24.0594,23.5066,23.5066
FDP,2013-06-26,23.6719,24.1037,23.5538,23.8067
FDP,2013-06-27,23.9709,24.5226,23.9709,24.4381
FDP,2013-06-28,24.439,24.7193,24.3958,24.5669
FDP,2013-07-01,24.6024,24.6928,24.4557,24.6298
FDP,2013-07-02,24.558,24.6928,24.4813,24.6928
FDP,2013-07-03,24.6456,24.8246,24.5128,24.7183
FDP,2013-07-05,24.8993,24.8993,24.6367,24.7823
FDP,2013-07-08,24.7823,25.0056,24.683,24.8825
FDP,2013-07-09,24.9436,25.1423,24.7095,24.8639
FDP,2013-07-10,24.8561,25.1423,24.7724,24.7823
FDP,2013-07-11,24.8993,24.9436,24.7095,24.7901
FDP,2013-07-12,24.7262,24.8315,24.6298,24.7449
FDP,2013-07-15,24.7449,25.0597,24.5128,24.6928
FDP,2013-07-16,24.6456,24.7547,24.3044,24.4469
FDP,2013-07-17,24.5492,24.5737,24.3761,24.4469
FDP,2013-07-18,24.4469,24.7095,24.3682,24.6121
FDP,2013-07-19,24.6298,24.8148,24.558,24.735
FDP,2013-07-22,24.7823,24.9515,24.7017,24.8059
FDP,2013-07-23,24.8246,24.8561,24.7823,24.8148
FDP,2013-07-24,24.8315,24.8561,24.5737,24.6928
FDP,2013-07-25,24.621,24.9269,24.621,24.8403
FDP,2013-07-26,24.7823,24.9082,24.6928,24.8639
FDP,2013-07-29,24.8561,24.8561,24.4813,24.621
FDP,2013-07-30,25.3478,25.3478,24.1931,24.2581
FDP,2013-07-31,24.3849,24.8403,24.2944,24.6367
FDP,2013-08-01,24.8315,25.4373,24.6456,25.3921
FDP,2013-08-02,25.3567,25.6911,25.1423,25.5947
FDP,2013-08-05,25.6468,25.8662,25.5593,25.8495
FDP,2013-08-06,25.8406,26.0757,25.7009,26.0245
FDP,2013-08-07,25.9636,26.049,25.7186,25.7285
FDP,2013-08-08,25.7432,26.0058,25.7432,25.8406
FDP,2013-08-09,25.8308,26.0058,25.7766,25.876
FDP,2013-08-12,25.7619,26.2143,25.6852,26.1258
FDP,2013-08-13,26.1534,26.2842,26.0619,26.1445
FDP,2013-08-14,26.2232,26.2232,26.0206,26.0295
FDP,2013-08-15,25.8356,25.8356,25.5455,25.6951
FDP,2013-08-16,25.6134,25.7707,25.5023,25.6045
FDP,2013-08-19,25.5455,25.7462,25.4826,25.4924
FDP,2013-08-20,25.5023,25.7619,25.5023,25.5967
FDP,2013-08-21,25.5455,25.6409,25.1059,25.1236
FDP,2013-08-22,25.1678,25.394,25.1678,25.3596
FDP,2013-08-23,25.3783,25.52,25.3134,25.5111
FDP,2013-08-26,25.5455,25.6595,25.3331,25.3508
FDP,2013-08-27,25.2121,25.4039,25.1236,25.2337
FDP,2013-08-28,25.2779,25.4304,25.2032,25.2947
FDP,2013-08-29,25.3046,25.6852,25.2416,25.6774
FDP,2013-08-30,25.7354,25.7442,25.5249,25.5426
FDP,2013-09-03,26.0619,26.293,25.8613,26.2065
FDP,2013-09-04,26.2143,26.2143,25.9419,26.0295
FDP,2013-09-05,26.1169,26.1169,25.8987,26.0028
FDP,2013-09-06,26.0462,26.1534,25.52,25.9084
FDP,2013-09-09,25.8987,26.293,25.754,26.2842
FDP,2013-09-10,26.3186,26.4257,26.1622,26.4091
FDP,2013-09-11,26.346,26.5143,26.1622,26.5143
FDP,2013-09-12,26.5143,26.6903,26.354,26.4888
FDP,2013-09-13,26.6127,26.654,26.4347,26.5842
FDP,2013-09-16,26.7336,26.9194,26.654,26.7769
FDP,2013-09-17,26.7769,27.0867,26.7769,27.0779
FDP,2013-09-18,26.9982,27.0071,26.4808,26.8212
FDP,2013-09-19,26.7956,26.9638,26.6127,26.9018
FDP,2013-09-20,26.9884,27.1477,26.7858,26.9018
FDP,2013-09-23,26.8212,26.9727,26.7169,26.8821
FDP,2013-09-24,26.8212,27.131,26.6284,26.892
FDP,2013-09-25,26.8821,26.9194,26.6206,26.6206
FDP,2013-09-26,26.6903,26.7956,26.4257,26.6029
FDP,2013-09-27,26.531,26.6638,26.416,26.5478
FDP,2013-09-30,26.3904,26.6225,26.053,26.2685
FDP,2013-10-01,26.1445,26.2586,25.9497,26.2143
FDP,2013-10-02,26.1347,26.2488,25.8523,26.1985
FDP,2013-10-03,26.2311,26.2311,25.6685,25.6774
FDP,2013-10-04,25.6134,25.8455,25.5711,25.6595
FDP,2013-10-07,25.5897,25.871,25.5377,25.7707
FDP,2013-10-08,25.7462,25.8268,25.5111,25.5111
FDP,2013-10-09,25.6231,25.9084,25.5111,25.7225
FDP,2013-10-10,26.0295,26.2488,25.9232,26.1798
FDP,2013-10-11,26.2143,26.4257,26.0619,26.3186
FDP,2013-10-14,26.2065,26.346,26.0914,26.346
FDP,2013-10-15,26.3363,26.4257,26.1534,26.2232
FDP,2013-10-16,26.3904,26.4257,26.1622,26.2389
FDP,2013-10-17,26.2389,26.3097,26.1622,26.2232
FDP,2013-10-18,26.4257,26.4257,26.1721,26.2143
FDP,2013-10-21,26.3707,26.3904,26.2232,26.2842
FDP,2013-10-22,26.4257,26.6127,26.3363,26.5222
FDP,2013-10-23,26.4631,26.6638,26.416,26.5045
FDP,2013-10-24,26.6127,26.6451,26.4808,26.5045
FDP,2013-10-25,26.654,26.654,26.3019,26.531
FDP,2013-10-28,26.5655,26.8566,26.4347,26.5939
FDP,2013-10-29,26.1622,26.2842,23.5096,24.1716
FDP,2013-10-30,24.02,24.4706,23.3522,24.4282
FDP,2013-10-31,24.4793,24.4793,23.4604,23.5342
FDP,2013-11-01,23.366,23.6413,23.3444,23.4476
FDP,2013-11-04,23.4377,23.5647,23.0276,23.3522
FDP,2013-11-05,23.3444,23.6846,23.2293,23.5647
FDP,2013-11-06,23.6679,23.8017,23.5568,23.783
FDP,2013-11-07,23.7554,23.845,23.4014,23.4928
FDP,2013-11-08,23.5342,23.8076,23.4053,23.7063
FDP,2013-11-11,23.6729,23.6729,23.4604,23.5056
FDP,2013-11-12,23.4879,23.6984,23.4693,23.6906
FDP,2013-11-13,23.5695,23.8962,23.424,23.7703
FDP,2013-11-14,23.7604,23.9296,23.7437,23.8608
FDP,2013-11-15,23.8962,24.0358,23.7604,23.8795
FDP,2013-11-18,23.9119,23.9816,23.7357,23.7791
FDP,2013-11-19,23.726,23.9639,23.6817,23.8273
FDP,2013-11-20,23.8273,23.9816,23.6217,23.7703
FDP,2013-11-21,23.9207,24.1893,23.8341,24.1449
FDP,2013-11-22,24.0732,24.4469,24.0732,24.3004
FDP,2013-11-25,24.3829,24.5403,24.2463,24.3278
FDP,2013-11-26,24.3191,24.6643,24.3191,24.6024
FDP,2013-11-27,24.5837,24.8078,24.4873,24.7557
FDP,2013-11-29,24.8925,25.0537,24.7459,24.7921
FDP,2013-12-02,24.5492,24.736,24.3741,24.4469
FDP,2013-12-03,24.3378,24.6741,24.0003,24.0909
FDP,2013-12-04,24.0909,24.621,24.0732,24.3741
FDP,2013-12-05,24.3928,24.683,24.1803,24.6024
FDP,2013-12-06,24.8256,25.0636,24.6643,25.0096
FDP,2013-12-09,24.9456,25.0283,24.7744,24.8748
FDP,2013-12-10,24.8256,24.8256,24.4706,24.4873
FDP,2013-12-11,24.565,24.565,24.082,24.264
FDP,2013-12-12,24.2148,24.2374,23.8705,24.0456
FDP,2013-12-13,24.0358,24.2148,23.8882,24.1449
FDP,2013-12-16,24.1706,24.6456,24.1626,24.557
FDP,2013-12-17,24.5315,24.6741,24.4026,24.557
FDP,2013-12-18,24.6024,24.8845,24.3662,24.8511
FDP,2013-12-19,24.7833,24.9022,24.565,24.8413
FDP,2013-12-20,25.0183,25.1078,24.8511,25.045
FDP,2013-12-23,25.037,25.215,24.9554,25.1177
FDP,2013-12-24,25.0636,25.215,24.9741,25.1718
FDP,2013-12-26,25.1905,25.215,24.9652,25.1638
FDP,2013-12-27,25.2229,25.2229,24.8413,25.1
FDP,2013-12-30,25.1638,25.1638,24.9289,24.9289
FDP,2013-12-31,25.0293,25.1177,24.8659,25.046
FDP,2014-01-02,24.9209,25.0183,24.8001,24.9554
FDP,2014-01-03,24.9289,25.0006,24.8078,24.8925
FDP,2014-01-06,24.8925,25.0183,24.4469,24.4626
FDP,2014-01-07,24.497,24.6544,24.497,24.565
FDP,2014-01-08,24.5216,24.5216,23.8962,24.0456
FDP,2014-01-09,24.1626,24.1626,23.8431,24.1164
FDP,2014-01-10,24.1893,24.3741,23.9739,24.1538
FDP,2014-01-13,24.1164,24.197,23.8882,23.9739
FDP,2014-01-14,24.0181,24.1706,23.9561,24.0456
FDP,2014-01-15,24.1449,24.3191,24.0456,24.1449
FDP,2014-01-16,24.206,24.497,24.1893,24.3662
FDP,2014-01-17,24.3741,24.3928,24.082,24.0987
FDP,2014-01-21,24.2827,24.3378,24.082,24.2148
FDP,2014-01-22,24.197,24.3278,24.0732,24.2148
FDP,2014-01-23,24.1626,24.1893,24.1076,24.1706
FDP,2014-01-24,24.0732,24.1076,23.8431,23.8795
FDP,2014-01-27,23.9906,24.0633,23.8273,23.8431
FDP,2014-01-28,23.9374,23.9816,23.7161,23.9472
FDP,2014-01-29,23.8076,23.8076,23.5695,23.5962
FDP,2014-01-30,23.7161,23.7889,23.5695,23.6217
FDP,2014-01-31,23.3385,23.5705,23.2155,23.4152
FDP,2014-02-03,23.4329,23.4329,22.7877,22.7956
FDP,2014-02-04,22.7779,22.9657,22.6205,22.6746
FDP,2014-02-05,22.5851,22.8693,22.3076,22.7779
FDP,2014-02-06,22.8968,23.4053,22.8506,23.242
FDP,2014-02-07,23.3138,23.4879,23.187,23.242
FDP,2014-02-10,23.1585,23.5145,23.1585,23.3965
FDP,2014-02-11,23.363,23.5695,23.2597,23.5695
FDP,2014-02-12,23.6384,23.726,23.4516,23.6129
FDP,2014-02-13,23.4693,23.8608,23.424,23.8608
FDP,2014-02-14,23.8962,23.9639,23.5528,23.6729
FDP,2014-02-18,22.5752,22.9745,21.2395,22.471
FDP,2014-02-19,22.4621,22.647,22.3076,22.5851
FDP,2014-02-20,22.5388,23.1142,22.5388,22.948
FDP,2014-02-21,22.9411,23.0631,22.5132,22.5468
FDP,2014-02-24,22.5468,22.7602,22.5388,22.6559
FDP,2014-02-25,22.6843,22.887,22.4975,22.5939
FDP,2014-02-26,22.6657,22.9234,22.6126,22.7198
FDP,2014-02-27,22.5752,23.2155,22.5565,23.2057
FDP,2014-02-28,23.251,23.5046,23.251,23.4152
FDP,2014-03-03,23.1997,23.4741,23.0473,23.4476
FDP,2014-03-04,23.6187,23.9807,23.6187,23.9286
FDP,2014-03-05,23.8578,24.0623,23.8578,24.0171
FDP,2014-03-06,24.0899,24.3004,23.962,24.1961
FDP,2014-03-07,24.3004,24.3191,24.0712,24.3004
FDP,2014-03-10,24.3662,24.8088,24.2286,24.7577
FDP,2014-03-11,24.8875,24.8875,24.6308,24.6948
FDP,2014-03-12,24.5847,24.859,24.5847,24.6131
FDP,2014-03-13,24.7479,24.7479,24.4549,24.6308
FDP,2014-03-14,24.6308,24.8285,24.6308,24.738
FDP,2014-03-17,25.0577,25.0764,24.7036,24.7125
FDP,2014-03-18,24.7941,24.9849,24.6948,24.9849
FDP,2014-03-19,24.8955,24.8955,24.566,24.7036
FDP,2014-03-20,24.7193,24.8187,24.558,24.6948
FDP,2014-03-21,24.6948,24.801,24.4282,24.5128
FDP,2014-03-24,24.566,24.6564,24.1696,24.1961
FDP,2014-03-25,24.2453,24.3829,24.1341,24.1439
FDP,2014-03-26,24.3004,24.3191,23.9719,23.9719
FDP,2014-03-27,23.9807,24.1154,23.7761,23.9453
FDP,2014-03-28,23.9197,24.1616,23.9197,24.1154
FDP,2014-03-31,24.1883,24.558,24.0712,24.5128
FDP,2014-04-01,24.5944,24.5944,24.1154,24.3101
FDP,2014-04-02,24.3565,24.4185,24.1793,24.2827
FDP,2014-04-03,24.3191,24.3829,24.1696,24.3278
FDP,2014-04-04,24.4803,24.4803,23.8675,23.8942
FDP,2014-04-07,23.8775,23.8775,23.5657,23.5824
FDP,2014-04-08,23.6109,23.8057,23.4555,23.6689
FDP,2014-04-09,23.6778,23.8479,23.5008,23.8331
FDP,2014-04-10,23.8578,24.0338,23.602,23.6512
FDP,2014-04-11,23.5106,23.733,23.1359,23.7133
FDP,2014-04-14,23.9109,23.9109,23.5657,23.6689
FDP,2014-04-15,23.6512,23.66,23.5489,23.5745
FDP,2014-04-16,23.733,23.786,23.5657,23.5824
FDP,2014-04-17,23.4741,23.7133,23.4741,23.6109
FDP,2014-04-21,23.5391,23.6433,23.4741,23.5745
FDP,2014-04-22,23.6512,23.8479,23.5745,23.6276
FDP,2014-04-23,23.6433,23.7487,23.5745,23.5824
FDP,2014-04-24,23.6512,23.8145,23.4741,23.6689
FDP,2014-04-25,23.5204,23.6512,23.5204,23.5657
FDP,2014-04-28,23.6778,23.8057,23.5578,23.6109
FDP,2014-04-29,25.031,26.5969,24.9318,25.7855
FDP,2014-04-30,25.6714,25.8308,25.4589,25.6891
FDP,2014-05-01,25.5396,25.5396,24.8531,25.1118
FDP,2014-05-02,25.2111,25.5907,24.9682,25.4943
FDP,2014-05-05,25.4639,25.8475,25.2357,25.8111
FDP,2014-05-06,25.8209,25.8475,25.4098,25.5081
FDP,2014-05-07,25.6222,25.7717,25.3635,25.7717
FDP,2014-05-08,25.6301,25.9015,25.1786,25.2288
FDP,2014-05-09,24.9879,25.2898,24.9259,25.2632
FDP,2014-05-12,25.4551,25.64,25.2357,25.5878
FDP,2014-05-13,25.6045,25.6498,25.4551,25.4806
FDP,2014-05-14,25.4895,25.4895,25.0153,25.1973
FDP,2014-05-15,25.1521,25.2721,24.9967,25.1688
FDP,2014-05-16,25.1059,25.4728,25.1059,25.4639
FDP,2014-05-19,25.4364,25.4364,25.1688,25.2799
FDP,2014-05-20,25.2062,25.3173,25.0253,25.1786
FDP,2014-05-21,25.2288,25.3902,25.1433,25.3458
FDP,2014-05-22,25.3635,25.6124,25.2898,25.5603
FDP,2014-05-23,25.6587,25.6587,25.4895,25.578
FDP,2014-05-27,25.6045,25.9439,25.6045,25.8376
FDP,2014-05-28,25.8209,25.8278,25.4728,25.517
FDP,2014-05-29,25.5347,25.7038,25.517,25.5878
FDP,2014-05-30,25.6498,25.9015,25.4806,25.874
FDP,2014-06-02,25.936,25.936,25.5701,25.6951
FDP,2014-06-03,25.5957,25.7549,25.4364,25.5701
FDP,2014-06-04,25.4452,25.8829,25.3725,25.7549
FDP,2014-06-05,25.7914,26.1228,25.6498,26.114
FDP,2014-06-06,26.1051,26.6855,26.0974,26.6333
FDP,2014-06-09,26.6668,26.8193,26.418,26.7474
FDP,2014-06-10,26.6589,26.9107,26.6491,26.8634
FDP,2014-06-11,26.8369,26.9107,26.7042,26.827
FDP,2014-06-12,26.8026,26.8467,26.6411,26.6756
FDP,2014-06-13,26.4267,26.8113,26.3904,26.7307
FDP,2014-06-16,26.6333,26.6333,26.1868,26.3806
FDP,2014-06-17,26.3363,26.827,26.2832,26.7926
FDP,2014-06-18,26.7829,26.9628,26.6411,26.9107
FDP,2014-06-19,27.0258,27.0542,26.6491,26.6855
FDP,2014-06-20,26.7307,26.9884,26.7307,26.8113
FDP,2014-06-23,26.8634,26.8634,26.6333,26.7562
FDP,2014-06-24,26.5163,26.9381,26.4828,26.7729
FDP,2014-06-25,26.6067,26.8467,26.6067,26.8193
FDP,2014-06-26,26.8812,26.9284,26.7652,26.8193
FDP,2014-06-27,26.6333,27.3031,26.6333,27.2107
FDP,2014-06-30,27.193,27.428,27.0455,27.375
FDP,2014-07-01,27.4369,27.8558,27.3818,27.605
FDP,2014-07-02,27.6209,27.6209,27.375,27.4014
FDP,2014-07-03,27.4723,27.4978,27.2294,27.2647
FDP,2014-07-07,27.1743,27.2647,26.9381,27.0071
FDP,2014-07-08,26.9107,27.0542,26.8113,27.0071
FDP,2014-07-09,27.0168,27.5509,26.9381,27.0258
FDP,2014-07-10,26.7652,27.0258,26.7474,26.9185
FDP,2014-07-11,26.8113,26.9717,26.7474,26.8723
FDP,2014-07-14,27.0258,27.0887,26.9107,27.0071
FDP,2014-07-15,26.9381,27.0622,26.7652,26.7729
FDP,2014-07-16,26.8723,26.9982,26.714,26.827
FDP,2014-07-17,26.714,26.9884,26.7042,26.7474
FDP,2014-07-18,26.6333,27.0455,26.6333,26.9107
FDP,2014-07-21,26.7474,26.9628,26.5507,26.9185
FDP,2014-07-22,26.9805,27.1064,26.9185,26.9717
FDP,2014-07-23,27.0542,27.0542,26.7385,26.8566
FDP,2014-07-24,26.7474,26.9008,26.7474,26.827
FDP,2014-07-25,26.6333,26.7385,26.4741,26.5242
FDP,2014-07-28,26.4563,26.5595,26.2832,26.3265
FDP,2014-07-29,27.0622,27.1418,26.3904,26.6254
FDP,2014-07-30,26.8193,26.9884,26.6156,26.7829
FDP,2014-07-31,26.5418,26.8723,26.354,26.7385
FDP,2014-08-01,26.7829,26.8812,26.5969,26.7474
FDP,2014-08-04,26.5969,26.7926,26.5595,26.7729
FDP,2014-08-05,26.5684,26.9628,26.5418,26.891
FDP,2014-08-06,26.6491,27.2107,26.4267,27.0542
FDP,2014-08-07,27.193,27.5883,26.9451,27.4978
FDP,2014-08-08,27.428,27.9808,27.428,27.7123
FDP,2014-08-11,27.8441,28.4617,27.8175,28.2444
FDP,2014-08-12,28.2444,28.444,28.0654,28.3457
FDP,2014-08-13,28.3457,28.4617,27.9866,28.0368
FDP,2014-08-14,28.1136,28.2444,28.0201,28.201
FDP,2014-08-15,28.3261,28.5247,27.9768,28.0368
FDP,2014-08-18,28.1843,28.1843,27.967,28.0555
FDP,2014-08-19,28.0654,28.1843,27.8785,28.0939
FDP,2014-08-20,27.9866,28.0555,27.7821,27.8529
FDP,2014-08-21,27.907,27.907,27.4398,27.6817
FDP,2014-08-22,27.6099,27.7909,27.3346,27.6169
FDP,2014-08-25,27.6443,28.1509,27.6443,28.0654
FDP,2014-08-26,28.1509,28.2354,28.0368,28.0654
FDP,2014-08-27,28.1509,28.2354,28.0368,28.0467
FDP,2014-08-28,28.0201,28.6034,27.9513,28.5178
FDP,2014-08-29,28.4991,28.6948,28.3358,28.6388
FDP,2014-09-02,28.6132,28.9013,28.2444,28.8188
FDP,2014-09-03,28.8738,29.0617,28.8472,28.9172
FDP,2014-09-04,28.8925,29.1984,28.8472,28.9456
FDP,2014-09-05,28.8472,29.0794,28.8472,28.9909
FDP,2014-09-08,28.9092,29.6371,28.8738,29.6184
FDP,2014-09-09,29.6636,29.7354,29.3755,29.4925
FDP,2014-09-10,29.5554,29.8593,29.5003,29.8053
FDP,2014-09-11,29.698,30.005,29.6813,29.8397
FDP,2014-09-12,29.7718,29.8495,29.6636,29.7079
FDP,2014-09-15,29.6813,29.8328,29.6281,29.6636
FDP,2014-09-16,29.5938,29.7974,29.4826,29.5093
FDP,2014-09-17,29.5003,29.9144,29.5003,29.7629
FDP,2014-09-18,29.7895,30.1121,29.7629,30.0127
FDP,2014-09-19,29.9518,30.0767,29.2524,29.2692
FDP,2014-09-22,29.1885,29.3755,28.8552,29.0882
FDP,2014-09-23,29.0882,29.104,28.8375,28.8472
FDP,2014-09-24,28.9172,29.0705,28.8375,28.9456
FDP,2014-09-25,28.8738,28.8738,28.5247,28.7341
FDP,2014-09-26,28.7509,29.1787,28.7341,29.1138
FDP,2014-09-29,28.8108,28.8108,28.5414,28.7341
FDP,2014-09-30,28.7597,28.9172,28.6034,28.6034
FDP,2014-10-01,28.4893,28.7686,28.3555,28.4893
FDP,2014-10-02,28.5335,29.0961,28.382,28.9545
FDP,2014-10-03,29.2072,29.4206,29.037,29.2859
FDP,2014-10-06,29.3056,29.3922,29.0882,29.104
FDP,2014-10-07,29.0794,29.6371,28.685,28.7341
FDP,2014-10-08,28.685,28.8826,28.5335,28.8738
FDP,2014-10-09,28.8108,29.0106,28.4165,28.5178
FDP,2014-10-10,28.3457,28.6948,28.1588,28.2444
FDP,2014-10-13,28.1923,28.685,28.1233,28.3358
FDP,2014-10-14,28.5856,28.8031,27.5018,27.6817
FDP,2014-10-15,27.5018,27.8972,27.1506,27.5736
FDP,2014-10-16,27.3159,27.6099,27.0375,27.2137
FDP,2014-10-17,27.3955,27.6169,27.2589,27.3159
FDP,2014-10-20,27.1673,27.6877,27.1673,27.4487
FDP,2014-10-21,27.5372,27.7821,27.4398,27.5913
FDP,2014-10-22,27.5648,27.6346,27.0719,27.0809
FDP,2014-10-23,27.2589,27.5471,27.0632,27.368
FDP,2014-10-24,27.432,27.7447,27.2667,27.4241
FDP,2014-10-27,27.2412,27.4241,26.3619,26.6156
FDP,2014-10-28,26.9471,28.0034,26.4631,27.8697
FDP,2014-10-29,27.8608,28.21,27.8263,28.0555
FDP,2014-10-30,28.0654,28.6211,27.8785,28.5247
FDP,2014-10-31,28.9172,28.9359,28.5856,28.7931
FDP,2014-11-03,29.6027,29.7718,29.3755,29.5751
FDP,2014-11-04,29.6027,29.7167,29.518,29.7079
FDP,2014-11-05,29.8495,29.9773,29.7079,29.8495
FDP,2014-11-06,29.9232,30.2016,29.8328,30.1298
FDP,2014-11-07,30.0884,30.3777,30.0157,30.3697
FDP,2014-11-10,30.3777,30.4583,30.1888,30.4141
FDP,2014-11-11,30.4141,30.4937,29.882,30.0541
FDP,2014-11-12,29.9262,30.3305,29.701,30.2332
FDP,2014-11-13,30.296,30.3697,29.9616,30.0974
FDP,2014-11-14,30.064,30.296,30.064,30.2055
FDP,2014-11-17,30.2145,30.2606,30.0974,30.1612
FDP,2014-11-18,30.1338,30.2518,30.064,30.1071
FDP,2014-11-19,30.2332,30.2429,29.9891,30.1338
FDP,2014-11-20,30.0797,30.3127,30.064,30.296
FDP,2014-11-21,30.3777,30.5822,30.1612,30.2429
FDP,2014-11-24,30.2332,30.3216,30.0797,30.3216
FDP,2014-11-25,30.2518,30.3697,30.1525,30.36
FDP,2014-11-26,30.36,30.476,30.2429,30.4141
FDP,2014-11-28,30.4141,30.5645,30.36,30.3865
FDP,2014-12-01,30.6009,30.6009,30.3501,30.4141
FDP,2014-12-02,30.5302,30.8507,30.5026,30.8507
FDP,2014-12-03,31.2678,31.2678,30.6738,30.8094
FDP,2014-12-04,31.4575,31.5018,30.5921,30.8871
FDP,2014-12-05,30.841,31.0681,30.775,31.0425
FDP,2014-12-08,31.0238,31.4762,30.775,30.775
FDP,2014-12-09,30.4848,30.9737,29.7836,30.5557
FDP,2014-12-10,30.3865,30.8094,29.52,29.6214
FDP,2014-12-11,29.6665,30.3501,29.6665,30.2518
FDP,2014-12-12,29.9262,30.2332,29.2082,29.2082
FDP,2014-12-15,29.2614,29.344,28.8552,28.9092
FDP,2014-12-16,28.9456,29.3351,28.2414,28.2611
FDP,2014-12-17,28.3535,28.5492,28.0093,28.3064
FDP,2014-12-18,28.6378,28.8738,28.4056,28.5749
FDP,2014-12-19,28.5581,28.9722,28.5158,28.7135
FDP,2014-12-22,28.7921,29.047,28.5945,28.8826
FDP,2014-12-23,29.0892,29.3597,28.8108,28.8925
FDP,2014-12-24,29.0804,29.4403,28.8108,29.1895
FDP,2014-12-26,29.4226,30.4229,29.4226,30.2685
FDP,2014-12-29,30.3403,30.4318,29.9803,30.296
FDP,2014-12-30,30.2862,30.6285,30.2685,30.476
FDP,2014-12-31,30.4671,30.7318,30.0974,30.1968
FDP,2015-01-02,30.3403,30.4141,29.8436,30.2429
FDP,2015-01-05,29.9262,30.0157,29.2614,29.3842
FDP,2015-01-06,29.3842,29.5584,28.9722,29.2791
FDP,2015-01-07,29.4482,29.7384,29.4482,29.6578
FDP,2015-01-08,29.8436,30.7553,29.8436,30.5921
FDP,2015-01-09,30.6285,30.7032,30.1425,30.1425
FDP,2015-01-12,30.1968,30.1968,29.6665,29.8268
FDP,2015-01-13,29.9715,30.3697,29.6046,29.8732
FDP,2015-01-14,29.5682,29.7836,28.7587,29.3775
FDP,2015-01-15,29.5299,29.9616,29.2879,29.7836
FDP,2015-01-16,29.6755,30.4937,29.6755,30.4396
FDP,2015-01-20,30.4042,30.6738,30.2783,30.4671
FDP,2015-01-21,30.3697,30.8871,30.2685,30.6658
FDP,2015-01-22,30.7318,31.2953,30.5734,31.2953
FDP,2015-01-23,31.1527,31.1527,30.7927,31.0327
FDP,2015-01-26,30.9167,31.0868,30.6373,30.9737
FDP,2015-01-27,30.7396,30.9364,30.3777,30.5734
FDP,2015-01-28,30.7927,30.8684,30.3216,30.5213
FDP,2015-01-29,30.6009,30.9068,30.4318,30.8871
FDP,2015-01-30,30.6098,30.775,30.2332,30.2685
FDP,2015-02-02,30.2783,30.9835,30.064,30.9364
FDP,2015-02-03,30.9264,31.4014,30.6186,30.8684
FDP,2015-02-04,30.8094,31.0681,30.4396,30.5734
FDP,2015-02-05,30.7396,30.7396,30.0974,30.5478
FDP,2015-02-06,30.5115,30.8173,30.4396,30.6835
FDP,2015-02-09,30.5478,30.8684,30.3403,30.7927
FDP,2015-02-10,30.9167,31.0868,30.4848,30.6471
FDP,2015-02-11,30.5734,30.841,30.1691,30.539
FDP,2015-02-12,30.656,30.8253,30.3865,30.7032
FDP,2015-02-13,30.5557,30.8173,30.3777,30.6935
FDP,2015-02-17,31.2402,31.5018,29.3597,29.701
FDP,2015-02-18,29.7197,30.1968,29.6214,30.0974
FDP,2015-02-19,29.9891,30.9068,29.9557,30.6738
FDP,2015-02-20,30.713,31.133,30.6098,31.1143
FDP,2015-02-23,31.1428,31.5392,30.8507,31.5018
FDP,2015-02-24,31.4664,31.8785,31.3041,31.791
FDP,2015-02-25,31.7379,31.9061,31.6268,31.8697
FDP,2015-02-26,31.7566,31.9888,31.6818,31.9434
FDP,2015-02-27,31.8008,31.9434,31.5018,31.6917
FDP,2015-03-02,31.7674,32.2906,31.5687,31.7773
FDP,2015-03-03,31.8382,32.155,31.6867,32.0674
FDP,2015-03-04,32.0122,32.155,31.6867,31.7861
FDP,2015-03-05,31.7517,31.9749,31.4054,31.9208
FDP,2015-03-06,31.7674,31.8136,31.5687,31.669
FDP,2015-03-09,31.5245,31.8058,31.3867,31.7517
FDP,2015-03-10,31.4231,31.6051,31.0101,31.1723
FDP,2015-03-11,31.317,31.317,30.7927,30.9756
FDP,2015-03-12,31.0799,32.2444,30.9855,32.1116
FDP,2015-03-13,31.8933,32.8425,31.669,32.7608
FDP,2015-03-16,32.8335,32.8896,32.5641,32.8148
FDP,2015-03-17,32.6624,33.3755,32.5444,33.3558
FDP,2015-03-18,33.2044,33.586,32.6447,33.519
FDP,2015-03-19,33.5093,33.5487,33.169,33.5004
FDP,2015-03-20,33.6037,34.8115,33.6037,34.7947
FDP,2015-03-23,34.7613,35.0279,34.0708,34.7947
FDP,2015-03-24,34.7416,34.9216,34.6207,34.8115
FDP,2015-03-25,34.958,35.1242,34.7042,34.7613
FDP,2015-03-26,34.7515,34.8203,34.3807,34.6945
FDP,2015-03-27,34.5834,35.0672,34.4603,35.02
FDP,2015-03-30,35.1439,35.6003,34.7142,35.5826
FDP,2015-03-31,35.4045,35.4773,34.8547,35.1439
FDP,2015-04-01,35.1715,36.0389,35.0574,35.8984
FDP,2015-04-02,35.8619,36.0576,35.497,35.6789
FDP,2015-04-06,35.617,35.9572,35.617,35.8058
FDP,2015-04-07,35.9572,35.9769,35.497,35.5265
FDP,2015-04-08,35.6868,36.3183,35.6003,36.2917
FDP,2015-04-09,36.2239,36.455,35.7498,36.3567
FDP,2015-04-10,36.4746,36.8523,36.338,36.8268
FDP,2015-04-13,36.7294,37.0519,36.4746,36.5533
FDP,2015-04-14,36.5278,36.9802,36.4373,36.6457
FDP,2015-04-15,36.5819,36.7982,36.4028,36.4648
FDP,2015-04-16,36.5376,36.7982,36.4461,36.6831
FDP,2015-04-17,36.4923,36.5533,35.9151,36.1973
FDP,2015-04-20,36.4028,37.0806,36.394,37.0716
FDP,2015-04-21,37.1513,37.1611,36.6457,36.692
FDP,2015-04-22,36.7894,36.7894,36.158,36.3085
FDP,2015-04-23,36.2661,36.7569,36.1303,36.6831
FDP,2015-04-24,36.6457,37.1789,36.4107,36.8966
FDP,2015-04-27,37.1159,37.1159,36.6831,36.7481
FDP,2015-04-28,35.5068,35.6435,33.466,34.4535
FDP,2015-04-29,34.4151,34.5489,33.8919,33.9361
FDP,2015-04-30,33.6725,33.9813,33.1503,33.3558
FDP,2015-05-01,33.3018,33.6637,33.1326,33.3469
FDP,2015-05-04,33.4699,33.7129,33.3706,33.4179
FDP,2015-05-05,33.2801,33.6518,32.8178,33.0175
FDP,2015-05-06,33.045,33.3706,32.691,33.2889
FDP,2015-05-07,33.1994,33.4699,32.9103,33.3421
FDP,2015-05-08,33.6253,33.9793,33.6253,33.8702
FDP,2015-05-11,33.8889,34.2204,33.8889,34.0591
FDP,2015-05-12,34.0414,34.4693,33.5535,34.4239
FDP,2015-05-13,34.5124,34.7515,34.0866,34.1879
FDP,2015-05-14,34.2115,34.9128,34.2115,34.84
FDP,2015-05-15,34.8832,34.9413,34.4957,34.5744
FDP,2015-05-18,34.5834,35.2679,34.4426,35.0928
FDP,2015-05-19,35.0289,35.1635,34.7849,35.0584
FDP,2015-05-20,35.0023,35.3043,34.6659,34.6748
FDP,2015-05-21,34.6108,34.84,34.3699,34.7042
FDP,2015-05-22,34.5666,34.7515,34.2401,34.3876
FDP,2015-05-26,34.1594,34.3974,33.6518,33.8515
FDP,2015-05-27,34.0167,34.779,33.7798,34.6384
FDP,2015-05-28,34.4426,34.6748,34.1692,34.3974
FDP,2015-05-29,34.2676,34.5744,33.9332,34.1141
FDP,2015-06-01,34.2676,34.4957,34.1417,34.2873
FDP,2015-06-02,34.2036,34.36,33.7699,34.0591
FDP,2015-06-03,34.2401,34.541,33.998,34.5124
FDP,2015-06-04,34.304,34.3227,33.9243,34.0167
FDP,2015-06-05,33.9793,34.2115,33.6076,34.1692
FDP,2015-06-08,34.0511,34.0511,33.644,33.8702
FDP,2015-06-09,33.8889,34.3876,33.6518,34.0237
FDP,2015-06-10,34.2577,34.8115,34.2577,34.7229
FDP,2015-06-11,34.779,34.9314,34.3876,34.6295
FDP,2015-06-12,34.4693,34.5921,34.2499,34.4525
FDP,2015-06-15,34.124,34.124,33.5998,34.0324
FDP,2015-06-16,33.8604,34.4525,33.8338,34.3797
FDP,2015-06-17,34.4239,34.5744,34.1968,34.4525
FDP,2015-06-18,34.6011,35.1635,34.4052,34.9511
FDP,2015-06-19,35.0485,35.375,34.8026,35.2846
FDP,2015-06-22,35.3494,36.0626,35.0387,35.9534
FDP,2015-06-23,36.0793,36.3989,35.4261,36.3428
FDP,2015-06-24,36.3428,36.5425,35.8471,36.0536
FDP,2015-06-25,36.1353,36.2386,35.7439,36.1255
FDP,2015-06-26,36.0881,36.1156,35.6986,35.792
FDP,2015-06-29,35.5757,35.8,35.021,35.0839
FDP,2015-06-30,35.4625,35.5846,34.9128,35.0387
FDP,2015-07-01,35.324,35.5295,34.9944,35.3583
FDP,2015-07-02,35.4528,35.4528,34.7947,34.9413
FDP,2015-07-06,34.5744,35.1262,34.5027,34.8655
FDP,2015-07-07,34.7702,35.1174,34.0237,34.7947
FDP,2015-07-08,34.4426,34.7515,34.1495,34.2577
FDP,2015-07-09,34.541,34.9511,34.2115,34.2115
FDP,2015-07-10,34.5577,34.8832,34.5027,34.8655
FDP,2015-07-13,35.1635,35.2846,35.0023,35.1832
FDP,2015-07-14,35.2679,35.5196,34.9944,35.2196
FDP,2015-07-15,35.2679,35.3671,34.8832,35.0839
FDP,2015-07-16,35.2846,35.5472,35.021,35.1174
FDP,2015-07-17,35.2098,35.3043,34.7229,34.8557
FDP,2015-07-20,34.6945,34.7229,34.2115,34.2577
FDP,2015-07-21,34.2204,34.4426,33.5535,34.0591
FDP,2015-07-22,33.9793,34.2401,33.9617,34.0777
FDP,2015-07-23,34.2204,34.2204,33.8889,34.007
FDP,2015-07-24,33.8604,33.9332,33.5447,33.6518
FDP,2015-07-27,33.4179,33.6253,33.2073,33.4079
FDP,2015-07-28,34.5834,36.3527,33.6518,36.3242
FDP,2015-07-29,36.3428,36.6704,36.154,36.2809
FDP,2015-07-30,36.3428,36.8582,36.1255,36.7176
FDP,2015-07-31,35.62,36.0252,35.0839,35.8196
FDP,2015-08-03,35.5374,35.673,34.4141,34.8931
FDP,2015-08-04,34.8302,35.6033,34.6945,35.3327
FDP,2015-08-05,35.2098,35.7439,35.2098,35.3583
FDP,2015-08-06,35.3997,35.3997,34.6295,34.8115
FDP,2015-08-07,34.541,34.7142,34.1141,34.4328
FDP,2015-08-10,34.5981,34.7003,34.3649,34.5528
FDP,2015-08-11,34.2439,34.6068,34.2439,34.4102
FDP,2015-08-12,34.1358,34.1997,33.6617,34.0718
FDP,2015-08-13,34.063,34.483,33.8919,34.2911
FDP,2015-08-14,34.4378,34.9481,34.0994,34.9285
FDP,2015-08-17,34.844,35.8274,34.6531,35.5285
FDP,2015-08-18,35.5846,36.2209,35.2923,35.856
FDP,2015-08-19,35.7823,36.212,35.6101,35.8274
FDP,2015-08-20,35.4065,36.0546,35.3023,35.9198
FDP,2015-08-21,35.3474,35.856,34.9196,35.2923
FDP,2015-08-24,33.5367,35.0554,33.2004,34.2616
FDP,2015-08-25,34.6442,34.6442,33.4719,33.527
FDP,2015-08-26,34.01,35.2826,33.6273,35.0731
FDP,2015-08-27,35.4251,36.2032,35.2826,35.6986
FDP,2015-08-28,35.5846,36.1068,35.5649,36.0714
FDP,2015-08-31,35.8373,36.155,35.7341,35.9976
FDP,2015-09-01,35.5649,35.673,35.0731,35.2176
FDP,2015-09-02,35.673,36.0714,35.3564,36.0714
FDP,2015-09-03,36.2484,36.336,35.8373,35.8658
FDP,2015-09-04,35.3731,36.0546,35.3731,35.8757
FDP,2015-09-08,36.4009,36.4815,36.1166,36.155
FDP,2015-09-09,36.4913,36.5081,35.619,35.6553
FDP,2015-09-10,35.5747,36.2484,35.5747,36.0262
FDP,2015-09-11,35.8097,36.1845,35.7723,36.1363
FDP,2015-09-14,36.2563,36.3448,35.9011,35.9198
FDP,2015-09-15,36.2032,36.6831,36.0449,36.5278
FDP,2015-09-16,36.627,37.0471,36.4087,36.7107
FDP,2015-09-17,36.7736,37.4021,36.4638,36.993
FDP,2015-09-18,36.5376,36.9349,36.2641,36.3065
FDP,2015-09-21,36.5906,36.9635,36.3261,36.8198
FDP,2015-09-22,36.4815,36.81,36.1944,36.392
FDP,2015-09-23,36.5278,36.8533,36.155,36.5906
FDP,2015-09-24,36.3547,37.2634,36.2986,37.0657
FDP,2015-09-25,37.3834,37.6372,36.5729,36.7009
FDP,2015-09-28,36.6173,36.7658,35.673,36.0162
FDP,2015-09-29,36.0449,36.1068,35.6023,35.8471
FDP,2015-09-30,36.2307,36.3644,35.8471,35.9298
FDP,2015-10-01,36.0714,36.1461,35.2265,35.8
FDP,2015-10-02,35.6023,35.9445,35.382,35.8471
FDP,2015-10-05,36.1166,36.6073,36.1166,36.5986
FDP,2015-10-06,36.5729,36.5729,35.8471,35.8944
FDP,2015-10-07,35.9731,36.5455,35.856,36.4638
FDP,2015-10-08,36.3822,37.1994,36.336,37.173
FDP,2015-10-09,37.3834,38.2824,37.2271,37.8083
FDP,2015-10-12,37.7297,37.9283,37.3559,37.5634
FDP,2015-10-13,37.465,37.9018,37.2831,37.2929
FDP,2015-10-14,37.3559,37.6175,36.8533,37.0756
FDP,2015-10-15,37.1277,37.5359,36.9153,37.4109
FDP,2015-10-16,37.5359,37.5909,37.111,37.3008
FDP,2015-10-19,37.1021,37.6273,37.0471,37.5093
FDP,2015-10-20,37.5093,37.708,37.1366,37.6549
FDP,2015-10-21,37.7031,38.0374,37.3559,37.465
FDP,2015-10-22,37.6745,38.2371,37.6745,38.1722
FDP,2015-10-23,38.3739,38.5184,38.0661,38.246
FDP,2015-10-26,38.246,38.427,38.1653,38.3021
FDP,2015-10-27,38.5548,43.1853,38.3836,40.8829
FDP,2015-10-28,40.9398,41.5654,40.1295,40.81
FDP,2015-10-29,40.9114,41.6009,40.5396,40.8927
FDP,2015-10-30,40.8012,41.6009,40.8012,41.4917
FDP,2015-11-02,41.6009,41.6009,41.1887,41.3314
FDP,2015-11-03,41.3127,41.3127,40.6173,41.0659
FDP,2015-11-04,41.1809,41.1809,40.7658,40.9015
FDP,2015-11-05,40.9842,41.1986,40.5122,40.6448
FDP,2015-11-06,40.4235,41.0893,40.0232,41.0619
FDP,2015-11-09,40.8592,41.0452,40.2406,40.3851
FDP,2015-11-10,40.3587,40.6213,40.0498,40.3311
FDP,2015-11-11,40.4992,40.9812,40.4412,40.5799
FDP,2015-11-12,40.1138,40.4334,39.9141,40.0036
FDP,2015-11-13,39.6752,40.0951,39.2846,39.5492
FDP,2015-11-16,39.4016,39.6397,39.2453,39.3475
FDP,2015-11-17,39.3289,39.7666,39.1017,39.2846
FDP,2015-11-18,39.4184,40.6213,39.1842,40.4698
FDP,2015-11-19,40.5082,40.936,40.2406,40.5169
FDP,2015-11-20,40.7619,41.2832,40.6143,40.8514
FDP,2015-11-23,40.7521,41.054,40.4992,40.5878
FDP,2015-11-24,40.5711,40.6213,40.1049,40.341
FDP,2015-11-25,40.4511,40.8691,40.4511,40.7147
FDP,2015-11-27,40.63,41.1257,40.63,40.815
FDP,2015-11-30,40.7708,40.9812,39.8403,39.859
FDP,2015-12-01,39.9662,40.4412,39.4568,39.6829
FDP,2015-12-02,39.6033,39.7753,39.2846,39.5492
FDP,2015-12-03,39.6752,39.976,38.8725,39.0466
FDP,2015-12-04,39.0654,39.739,39.0654,39.6565
FDP,2015-12-07,39.6752,39.7479,39.1115,39.2099
FDP,2015-12-08,38.9551,39.4843,38.5538,39.1675
FDP,2015-12-09,39.1204,39.2945,38.2706,38.5174
FDP,2015-12-10,38.4349,38.7348,38.0631,38.425
FDP,2015-12-11,37.8989,38.3257,37.5408,37.8792
FDP,2015-12-14,37.9176,38.3001,37.5772,38.1437
FDP,2015-12-15,38.3444,38.5715,37.7355,38.5538
FDP,2015-12-16,38.2902,38.5991,36.7943,37.168
FDP,2015-12-17,37.0599,37.0599,36.5849,36.5849
FDP,2015-12-18,36.338,37.177,35.9101,36.8828
FDP,2015-12-21,37.0499,37.2398,35.9741,36.2573
FDP,2015-12-22,36.3183,36.4658,36.0272,36.4382
FDP,2015-12-23,36.4835,36.9006,36.456,36.6763
FDP,2015-12-24,36.7766,36.8828,36.4471,36.6861
FDP,2015-12-28,36.5849,36.695,36.2219,36.2917
FDP,2015-12-29,36.3754,36.5475,36.0172,36.4294
FDP,2015-12-30,36.3664,36.4107,35.9011,35.9377
FDP,2015-12-31,35.9908,36.0172,35.2157,35.4508
FDP,2016-01-04,35.0436,35.3013,34.2391,34.7731
FDP,2016-01-05,35.5275,36.2219,34.6974,35.6819
FDP,2016-01-06,35.3465,36.3183,35.1055,35.5275
FDP,2016-01-07,35.1055,35.9198,35.1055,35.5541
FDP,2016-01-08,35.6986,36.0556,35.3987,35.6455
FDP,2016-01-11,35.8373,36.2484,35.5836,36.0172
FDP,2016-01-12,36.2661,36.5002,35.9544,36.338
FDP,2016-01-13,36.3841,36.5849,35.6366,35.7242
FDP,2016-01-14,35.792,36.338,35.673,36.0075
FDP,2016-01-15,35.2914,36.0596,35.1419,35.8944
FDP,2016-01-19,36.0714,36.2661,35.792,36.1373
FDP,2016-01-20,35.9011,35.9828,35.2343,35.7242
FDP,2016-01-21,35.7439,36.3754,35.7065,35.9198
FDP,2016-01-22,36.213,36.2484,35.6986,35.8944
FDP,2016-01-25,35.8373,36.2573,35.6101,35.8944
FDP,2016-01-26,35.9908,36.2917,35.9198,36.0901
FDP,2016-01-27,36.0812,36.1757,35.7341,36.0172
FDP,2016-01-28,36.2317,36.4746,35.9011,35.9985
FDP,2016-01-29,36.0989,37.2497,36.0172,37.2114
FDP,2016-02-01,37.0599,37.6991,36.987,37.3696
FDP,2016-02-02,37.0599,37.3883,36.3841,36.4923
FDP,2016-02-03,36.6586,36.6586,35.8807,36.1078
FDP,2016-02-04,36.0714,36.5652,35.8236,36.0714
FDP,2016-02-05,36.0459,37.0786,35.9592,36.4746
FDP,2016-02-08,36.2317,37.0146,35.9908,36.9094
FDP,2016-02-09,36.6389,37.0322,36.1471,36.5101
FDP,2016-02-10,36.6586,37.4415,36.6586,37.114
FDP,2016-02-11,36.813,36.9094,35.9741,36.2917
FDP,2016-02-12,36.5475,36.8651,36.3841,36.5749
FDP,2016-02-16,36.8317,36.9959,36.4746,36.6103
FDP,2016-02-17,36.7855,37.5506,36.4658,37.1405
FDP,2016-02-18,37.114,37.1592,36.6763,36.7855
FDP,2016-02-19,36.7678,37.4965,36.456,37.1503
FDP,2016-02-22,37.4316,37.4316,36.7234,36.9192
FDP,2016-02-23,35.2256,35.3721,33.4493,35.1144
FDP,2016-02-24,35.0337,35.6455,34.9069,35.5541
FDP,2016-02-25,35.6907,36.1953,34.9993,36.1855
FDP,2016-02-26,36.456,36.5936,36.0556,36.4746
FDP,2016-02-29,36.4746,36.7982,36.2524,36.5749
FDP,2016-03-01,36.813,37.5221,36.333,37.4149
FDP,2016-03-02,37.3608,38.1338,37.3608,38.1093
FDP,2016-03-03,38.1161,38.3906,38.0532,38.3001
FDP,2016-03-04,38.2706,38.4446,38.1338,38.2351
FDP,2016-03-07,38.1477,38.5411,38.0857,38.5411
FDP,2016-03-08,38.4309,38.6817,38.2952,38.421
FDP,2016-03-09,38.5677,38.7319,38.2755,38.4033
FDP,2016-03-10,38.4309,38.723,38.1929,38.3582
FDP,2016-03-11,38.6148,38.8056,38.2755,38.7958
FDP,2016-03-14,38.6719,38.844,38.4122,38.5873
FDP,2016-03-15,38.477,38.7594,38.3866,38.4309
FDP,2016-03-16,38.4033,38.8155,38.3405,38.5224
FDP,2016-03-17,38.6335,38.9423,38.5224,38.8243
FDP,2016-03-18,39.0721,39.1892,38.2126,38.2952
FDP,2016-03-21,38.1477,38.7693,38.1477,38.5499
FDP,2016-03-22,38.3669,38.663,38.2076,38.3492
FDP,2016-03-23,38.2853,38.487,38.1211,38.2578
FDP,2016-03-24,38.2126,38.4309,38.009,38.3492
FDP,2016-03-28,38.477,38.9011,38.2489,38.4957
FDP,2016-03-29,38.5057,39.0357,38.2666,38.9708
FDP,2016-03-30,38.9807,39.0495,38.5144,38.844
FDP,2016-03-31,38.9266,39.0544,38.4683,38.477
FDP,2016-04-01,38.3866,39.2925,38.3866,39.2925
FDP,2016-04-04,39.1361,39.1361,38.5499,38.5873
FDP,2016-04-05,38.4309,38.6719,38.2952,38.4407
FDP,2016-04-06,38.4407,38.7152,38.4407,38.605
FDP,2016-04-07,38.5144,38.8519,38.4122,38.6335
FDP,2016-04-08,38.8056,38.9974,38.4122,38.6975
FDP,2016-04-11,38.9423,38.9423,38.4122,38.4604
FDP,2016-04-12,38.4604,38.6433,38.2578,38.5588
FDP,2016-04-13,38.7063,38.8706,38.2755,38.8706
FDP,2016-04-14,38.9345,39.0998,38.8155,39.0447
FDP,2016-04-15,38.9345,38.9895,38.4309,38.5224
FDP,2016-04-18,38.5588,38.605,38.2578,38.5411
FDP,2016-04-19,38.6905,39.257,38.6188,39.1459
FDP,2016-04-20,38.9807,38.9974,38.3669,38.477
FDP,2016-04-21,38.4122,38.6237,38.1388,38.477
FDP,2016-04-22,38.304,38.7496,38.1673,38.7397
FDP,2016-04-25,38.7496,38.96,38.4506,38.605
FDP,2016-04-26,38.5144,38.8706,38.4683,38.8342
FDP,2016-04-27,38.8056,39.6652,38.8056,39.5934
FDP,2016-04-28,39.4558,40.4718,39.2236,40.0419
FDP,2016-04-29,40.0419,40.1335,39.1832,39.5669
FDP,2016-05-02,39.8491,40.4255,39.5109,40.1708
FDP,2016-05-03,42.0336,42.1713,41.1317,41.9293
FDP,2016-05-04,42.1713,43.6909,42.0247,43.5728
FDP,2016-05-05,43.6535,44.1945,43.0761,43.5454
FDP,2016-05-06,43.6269,44.0843,43.2601,44.0843
FDP,2016-05-09,44.2977,45.0511,44.2977,44.8948
FDP,2016-05-10,45.2616,45.8684,45.0796,45.6737
FDP,2016-05-11,45.8497,46.4163,45.5105,46.3239
FDP,2016-05-12,46.0877,46.6357,46.073,46.3159
FDP,2016-05-13,45.6304,46.4733,45.3619,46.2688
FDP,2016-05-16,46.4074,46.8569,46.2688,46.7861
FDP,2016-05-17,46.7684,46.967,45.9678,46.0877
FDP,2016-05-18,45.9757,46.7959,45.593,46.7684
FDP,2016-05-19,46.7861,47.1962,46.3435,47.1145
FDP,2016-05-20,47.2435,47.6212,47.1332,47.451
FDP,2016-05-23,47.6309,47.8955,47.4991,47.6899
FDP,2016-05-24,48.1679,48.5908,47.5935,48.5269
FDP,2016-05-25,48.5269,48.7059,47.7637,47.8483
FDP,2016-05-26,48.0755,48.6549,47.9958,48.1602
FDP,2016-05-27,48.29,48.7423,48.0313,48.4443
FDP,2016-05-31,48.4443,48.6735,47.9525,48.0224
FDP,2016-06-01,48.0313,48.463,47.9604,48.3971
FDP,2016-06-02,48.3784,49.0777,48.2437,49.0777
FDP,2016-06-03,49.2321,49.4269,48.9391,49.1938
FDP,2016-06-06,49.1505,49.3157,48.7906,48.9135
FDP,2016-06-07,49.2135,49.3807,48.9391,49.2794
FDP,2016-06-08,49.2794,49.6501,49.117,49.6069
FDP,2016-06-09,49.5882,50.2235,49.242,50.142
FDP,2016-06-10,49.9383,50.3514,49.7013,50.0209
FDP,2016-06-13,49.774,49.8262,49.2607,49.4082
FDP,2016-06-14,49.4722,49.8498,49.2233,49.7288
FDP,2016-06-15,49.9197,50.1056,49.5076,49.5076
FDP,2016-06-16,49.297,50.0112,49.297,49.9738
FDP,2016-06-17,49.9738,50.1056,49.4809,50.0859
FDP,2016-06-20,50.4065,50.554,49.9865,50.0396
FDP,2016-06-21,49.902,50.4507,49.902,50.4419
FDP,2016-06-22,50.4979,50.7331,50.3416,50.4419
FDP,2016-06-23,50.8107,50.8107,50.1961,50.4695
FDP,2016-06-24,48.9036,49.5321,48.6282,48.8191
FDP,2016-06-27,48.5811,48.9036,48.0657,48.1769
FDP,2016-06-28,48.2063,48.6833,48.1306,48.407
FDP,2016-06-29,48.6095,48.8102,48.29,48.5908
FDP,2016-06-30,48.9223,49.9639,48.6774,49.9108
FDP,2016-07-01,50.0013,50.2334,49.2321,49.5321
FDP,2016-07-05,49.5321,49.7377,49.1889,49.5783
FDP,2016-07-06,49.6551,49.9915,49.3885,49.72
FDP,2016-07-07,49.783,50.1674,49.4269,49.4986
FDP,2016-07-08,49.7475,50.3514,49.4632,50.3327
FDP,2016-07-11,50.2235,50.2235,49.774,49.957
FDP,2016-07-12,50.0466,50.3701,49.7692,50.0957
FDP,2016-07-13,50.3141,51.0468,50.076,50.7281
FDP,2016-07-14,50.8746,51.1324,50.7595,50.7734
FDP,2016-07-15,50.9652,51.094,50.6721,51.0468
FDP,2016-07-18,51.3153,51.8916,51.1904,51.571
FDP,2016-07-19,51.6271,51.7717,51.1412,51.5533
FDP,2016-07-20,51.5533,52.0304,51.451,51.7982
FDP,2016-07-21,51.7982,52.2959,51.395,52.2772
FDP,2016-07-22,52.2684,52.9912,52.1306,52.4818
FDP,2016-07-25,52.6235,52.9185,52.414,52.8014
FDP,2016-07-26,52.8388,53.1112,52.4434,52.4631
FDP,2016-07-27,52.3559,52.7267,51.6271,51.8366
FDP,2016-07-28,51.6998,52.2034,51.4884,52.0875
FDP,2016-07-29,51.9457,52.3853,51.8553,52.1306
FDP,2016-08-01,51.8651,52.2133,51.3526,51.6811
FDP,2016-08-02,51.6172,53.9572,51.6172,52.8388
FDP,2016-08-03,52.9814,55.0095,52.5458,54.862
FDP,2016-08-04,54.7173,55.57,54.4399,55.1117
FDP,2016-08-05,55.0193,55.7992,54.8433,55.3576
FDP,2016-08-08,55.3026,55.6498,54.6436,54.8344
FDP,2016-08-09,54.8816,55.7708,54.7784,55.4511
FDP,2016-08-10,55.4511,55.5327,54.9534,55.0547
FDP,2016-08-11,54.9996,55.1648,54.7075,54.7616
FDP,2016-08-12,54.6888,55.2386,54.6524,55.2298
FDP,2016-08-15,55.275,55.4707,55.0646,55.275
FDP,2016-08-16,55.1934,55.2563,54.5817,54.6701
FDP,2016-08-17,54.5866,54.7449,54.2374,54.6978
FDP,2016-08-18,54.6043,54.8915,54.5216,54.6878
FDP,2016-08-19,54.6318,54.6701,54.0613,54.3485
FDP,2016-08-22,54.2088,54.623,53.9059,54.5316
FDP,2016-08-23,54.6318,54.7685,54.0161,54.0515
FDP,2016-08-24,54.1361,54.3515,53.8411,54.0426
FDP,2016-08-25,53.8124,54.3043,53.8124,54.1164
FDP,2016-08-26,54.4852,54.4852,53.6119,53.7761
FDP,2016-08-29,53.6679,53.9954,53.4466,53.6306
FDP,2016-08-30,53.4466,53.6778,52.8988,53.4378
FDP,2016-08-31,53.3631,53.5656,52.9322,53.4732
FDP,2016-09-01,53.5922,54.0426,53.1526,53.6581
FDP,2016-09-02,53.9983,54.5137,53.9639,54.1823
FDP,2016-09-06,54.3564,54.4941,54.025,54.1636
FDP,2016-09-07,54.264,54.5866,53.8598,54.2542
FDP,2016-09-08,54.0426,54.4666,54.0426,54.1921
FDP,2016-09-09,54.025,54.025,52.8693,52.8693
FDP,2016-09-12,53.1359,53.9059,52.9224,53.6217
FDP,2016-09-13,53.4378,53.7938,53.2263,53.2263
FDP,2016-09-14,53.0975,53.9542,53.0975,53.4732
FDP,2016-09-15,53.5578,54.1164,53.2263,53.5499
FDP,2016-09-16,53.6306,54.079,53.1703,54.079
FDP,2016-09-19,53.8508,54.2747,53.8508,53.9256
FDP,2016-09-20,54.2542,54.6131,53.5017,53.5313
FDP,2016-09-21,53.5922,54.3121,53.5922,54.1459
FDP,2016-09-22,54.559,54.9102,54.3761,54.7872
FDP,2016-09-23,54.7872,54.9622,54.4567,54.6043
FDP,2016-09-26,54.3918,54.9819,54.3918,54.8147
FDP,2016-09-27,54.6701,55.3026,54.5944,54.9908
FDP,2016-09-28,55.1117,55.2652,54.7951,55.037
FDP,2016-09-29,54.8521,55.0281,54.5316,54.5316
FDP,2016-09-30,54.7685,55.4225,54.5216,55.0646
FDP,2016-10-03,55.093,55.3773,54.8196,55.1551
FDP,2016-10-04,55.3478,55.4324,54.4567,54.6878
FDP,2016-10-05,54.6514,55.1628,54.4941,54.5944
FDP,2016-10-06,54.5866,55.2111,54.1636,55.2111
FDP,2016-10-07,55.1117,55.1117,54.1538,54.5216
FDP,2016-10-10,54.4852,55.4324,54.4852,55.4225
FDP,2016-10-11,55.4707,55.5061,54.5216,54.8236
FDP,2016-10-12,54.9524,55.3675,54.6043,55.275
FDP,2016-10-13,55.2111,57.4064,54.7872,56.5418
FDP,2016-10-14,56.9117,56.9628,55.9419,56.0678
FDP,2016-10-17,56.1868,56.9027,56.0805,56.6913
FDP,2016-10-18,57.1242,57.3464,56.6539,57.1782
FDP,2016-10-19,57.1693,57.3178,56.5418,56.71
FDP,2016-10-20,56.5084,56.7474,55.7816,56.0855
FDP,2016-10-21,55.7914,56.1219,55.3576,56.1219
FDP,2016-10-24,56.1868,56.7297,56.0392,56.3244
FDP,2016-10-25,56.35,56.4907,55.9921,56.1936
FDP,2016-10-26,56.2123,56.2762,55.2563,55.2652
FDP,2016-10-27,55.6419,55.6419,54.6318,54.6604
FDP,2016-10-28,54.7065,55.6931,54.7065,55.3124
FDP,2016-10-31,55.3478,55.8189,55.1835,55.4776
FDP,2016-11-01,58.2994,60.9117,57.0138,60.0816
FDP,2016-11-02,60.2518,60.3954,59.2918,59.3665
FDP,2016-11-03,53.7673,57.6375,52.3726,57.3178
FDP,2016-11-04,57.0779,57.4152,55.6803,55.8839
FDP,2016-11-07,56.418,57.9669,55.937,57.7574
FDP,2016-11-08,57.8765,58.1352,57.4821,57.5558
FDP,2016-11-09,56.8743,56.8743,55.275,56.5595
FDP,2016-11-10,56.5792,56.71,55.4324,56.2862
FDP,2016-11-11,56.1219,57.9149,55.9547,57.7487
FDP,2016-11-14,57.9769,58.5777,57.6847,58.024
FDP,2016-11-15,58.0515,58.9496,58.0515,58.4676
FDP,2016-11-16,58.3634,58.9249,57.9247,58.56
FDP,2016-11-17,58.7627,59.4806,58.6318,59.4649
FDP,2016-11-18,59.4983,60.9187,59.4983,60.8439
FDP,2016-11-21,60.4484,61.2973,60.2379,60.4779
FDP,2016-11-22,60.3924,61.2038,60.3649,60.7898
FDP,2016-11-23,60.5389,60.9461,60.5163,60.7701
FDP,2016-11-25,61.1763,61.61,60.5301,60.9284
FDP,2016-11-28,60.9658,61.1851,60.3777,60.5665
FDP,2016-11-29,60.6806,61.1675,60.6471,60.6718
FDP,2016-11-30,60.052,60.6107,57.012,57.1409
FDP,2016-12-01,57.2313,57.2775,53.4082,53.4368
FDP,2016-12-02,53.7318,54.0692,52.0451,52.0638
FDP,2016-12-05,52.3923,52.947,51.9221,52.0735
FDP,2016-12-06,51.935,52.471,51.7677,52.0932
FDP,2016-12-07,52.1916,53.9639,52.1916,53.8971
FDP,2016-12-08,53.6856,54.6436,53.549,54.1469
FDP,2016-12-09,54.4479,56.6422,54.4479,56.2919
FDP,2016-12-12,56.1917,57.2775,55.8613,56.5762
FDP,2016-12-13,57.1132,57.2687,56.4563,56.707
FDP,2016-12-14,56.8546,57.8765,55.1394,55.3517
FDP,2016-12-15,55.6281,56.9382,55.3862,56.6983
FDP,2016-12-16,56.9933,57.4899,56.6235,56.8723
FDP,2016-12-19,56.7444,56.8094,55.6281,56.1464
FDP,2016-12-20,56.236,56.8182,56.054,56.2635
FDP,2016-12-21,55.9969,56.9008,55.9969,56.3116
FDP,2016-12-22,56.415,56.5762,55.8523,56.1091
FDP,2016-12-23,55.8867,56.4414,55.8867,56.4414
FDP,2016-12-27,56.2919,56.652,56.1277,56.3206
FDP,2016-12-28,56.1091,56.1179,55.5839,55.7766
FDP,2016-12-29,55.9222,56.2724,55.5691,56.0737
FDP,2016-12-30,55.9694,56.236,55.7205,55.871
FDP,2017-01-03,55.9596,56.6058,55.8336,56.4051
FDP,2017-01-04,56.6706,56.9382,56.356,56.8822
FDP,2017-01-05,57.1132,57.3267,56.7828,57.0208
FDP,2017-01-06,57.0936,57.0936,55.2052,55.4167
FDP,2017-01-09,55.4167,55.8062,54.9603,55.6557
FDP,2017-01-10,55.3714,56.1563,54.8167,56.0737
FDP,2017-01-11,56.1917,56.5565,55.9783,56.415
FDP,2017-01-12,56.1631,56.4237,55.4364,55.7766
FDP,2017-01-13,55.8426,57.3739,55.8426,57.3267
FDP,2017-01-17,57.1319,57.3071,55.9419,56.0737
FDP,2017-01-18,56.0815,56.1995,55.2869,55.5642
FDP,2017-01-19,55.391,55.5887,54.5246,55.1964
FDP,2017-01-20,55.0311,56.0068,55.0311,55.6931
FDP,2017-01-23,55.6183,55.6183,53.4456,53.6109
FDP,2017-01-24,53.5106,54.2295,53.4909,53.6955
FDP,2017-01-25,54.0879,54.6249,54.0161,54.4026
FDP,2017-01-26,54.1744,54.3781,53.0591,53.0965
FDP,2017-01-27,53.3621,53.3621,52.4611,52.6795
FDP,2017-01-30,52.2752,52.4808,51.6586,51.9684
FDP,2017-01-31,52.2211,52.7827,51.6487,52.7542
FDP,2017-02-01,52.7542,53.1949,52.3195,52.7356
FDP,2017-02-02,52.7453,53.4181,52.0932,53.3257
FDP,2017-02-03,53.722,54.3771,53.2617,54.1548
FDP,2017-02-06,54.4194,54.4194,53.5695,54.0338
FDP,2017-02-07,53.9639,54.8167,53.8598,54.6711
FDP,2017-02-08,54.8738,54.8738,54.079,54.1174
FDP,2017-02-09,53.9158,54.9446,53.9158,54.2295
FDP,2017-02-10,54.4676,54.7085,54.1646,54.3131
FDP,2017-02-13,54.5059,54.5737,53.5912,53.6109
FDP,2017-02-14,53.6207,54.0338,53.186,53.6669
FDP,2017-02-15,53.7043,54.8216,53.5725,54.7469
FDP,2017-02-16,54.738,54.9554,54.1931,54.439
FDP,2017-02-17,54.1646,54.551,53.7574,53.8311
FDP,2017-02-21,56.6058,57.8676,55.2789,56.0156
FDP,2017-02-22,55.7118,56.1464,50.8658,52.0835
FDP,2017-02-23,52.0835,52.9746,51.5651,52.2211
FDP,2017-02-24,53.186,53.4909,53.186,53.186
FDP,2017-02-27,52.9834,53.5863,52.6235,53.068
FDP,2017-02-28,53.244,53.7318,52.8112,53.3257
FDP,2017-03-01,53.8971,54.1272,53.4722,53.7043
FDP,2017-03-02,53.6109,53.6394,52.9834,53.1683
FDP,2017-03-03,53.1594,53.3454,52.7926,53.1772
FDP,2017-03-06,52.8388,53.4092,52.3618,53.0296
FDP,2017-03-07,53.1772,53.5922,53.0109,53.0395
FDP,2017-03-08,53.1506,53.1772,52.7916,53.0867
FDP,2017-03-09,53.1594,53.4732,53.1339,53.1339
FDP,2017-03-10,53.3905,53.5823,52.7817,53.3454
FDP,2017-03-13,53.3257,53.5647,52.9637,53.3454
FDP,2017-03-14,53.3454,53.4545,52.9382,53.2243
FDP,2017-03-15,53.3708,53.5823,53.0778,53.4191
FDP,2017-03-16,53.4545,54.2226,53.1683,54.1105
FDP,2017-03-17,54.0092,54.3603,53.4378,53.9375
FDP,2017-03-20,53.9079,54.3436,53.6679,54.3161
FDP,2017-03-21,54.2767,54.5,53.0867,53.1506
FDP,2017-03-22,53.0591,53.3995,52.587,53.1142
FDP,2017-03-23,53.1594,53.9739,52.6038,53.7328
FDP,2017-03-24,53.7427,54.0535,53.068,53.8715
FDP,2017-03-27,53.3541,54.5463,53.3541,54.2964
FDP,2017-03-28,54.0269,54.9308,53.6916,54.3338
FDP,2017-03-29,54.1951,54.6839,54.081,54.6003
FDP,2017-03-30,54.4145,54.8403,54.2679,54.4232
FDP,2017-03-31,54.2767,54.9799,54.2767,54.7223
FDP,2017-04-03,54.6938,55.3872,54.6475,54.9514
FDP,2017-04-04,54.916,55.0449,54.5727,55.0163
FDP,2017-04-05,55.1924,55.8593,54.8973,55.1364
FDP,2017-04-06,54.9889,55.2288,54.6101,54.9062
FDP,2017-04-07,54.9966,55.1541,54.6003,54.7498
FDP,2017-04-10,54.741,55.2563,54.3701,54.6101
FDP,2017-04-11,54.6101,55.0813,54.38,55.035
FDP,2017-04-12,54.8304,54.9799,54.4616,54.8688
FDP,2017-04-13,54.9259,55.456,53.9472,53.9739
FDP,2017-04-17,54.018,54.7321,53.7692,54.7125
FDP,2017-04-18,54.7223,55.2288,54.2964,54.5276
FDP,2017-04-19,54.4616,54.9799,54.1007,54.565
FDP,2017-04-20,54.5827,55.0449,54.5827,54.9603
FDP,2017-04-21,54.9259,55.4776,54.916,55.1638
FDP,2017-04-24,55.9016,56.6609,55.7835,56.4504
FDP,2017-04-25,56.6883,57.1782,56.2714,56.3451
FDP,2017-04-26,56.2153,56.6539,56.0235,56.1612
FDP,2017-04-27,56.355,56.9195,56.3106,56.707
FDP,2017-04-28,56.9107,57.2607,56.5398,56.6323
FDP,2017-05-01,56.6983,57.2607,55.8307,55.8927
FDP,2017-05-02,53.0493,53.4732,48.4198,48.4767
FDP,2017-05-03,48.4679,49.2695,47.2375,48.0401
FDP,2017-05-04,48.0775,49.1849,47.6182,49.0955
FDP,2017-05-05,49.2046,50.0446,49.1594,49.4565
FDP,2017-05-08,49.536,50.4272,49.4378,50.2511
FDP,2017-05-09,50.3357,50.7792,49.6207,49.7692
FDP,2017-05-10,49.9364,50.4193,49.3718,49.7151
FDP,2017-05-11,49.8075,50.1233,49.3994,49.7692
FDP,2017-05-12,49.8901,50.3819,49.6207,49.8075
FDP,2017-05-15,49.7338,50.5953,49.7338,50.1961
FDP,2017-05-16,50.141,50.4537,49.5557,49.778
FDP,2017-05-17,49.536,50.0289,48.6292,48.6391
FDP,2017-05-18,48.5378,49.2233,48.281,48.9352
FDP,2017-05-19,48.9352,49.7564,48.761,49.1938
FDP,2017-05-22,49.0197,49.4328,48.3784,48.4168
FDP,2017-05-23,48.3981,48.6765,48.0815,48.5918
FDP,2017-05-24,48.4463,49.1653,48.4463,49.121
FDP,2017-05-25,49.1397,49.2135,48.6391,48.6568
FDP,2017-05-26,48.5653,48.8535,48.3332,48.5102
FDP,2017-05-30,48.5201,48.6292,47.8522,47.8709
FDP,2017-05-31,48.1001,48.3784,46.9336,46.9533
FDP,2017-06-01,47.0664,47.0841,46.0917,47.0477
FDP,2017-06-02,46.8432,47.5748,46.7694,47.2867
FDP,2017-06-05,47.1392,47.268,46.7989,47.1736
FDP,2017-06-06,46.8599,46.9533,46.4724,46.7989
FDP,2017-06-07,46.8766,46.8766,46.0533,46.5549
FDP,2017-06-08,46.5019,47.3998,46.4016,47.1647
FDP,2017-06-09,47.0841,47.8326,46.8863,47.4991
FDP,2017-06-12,47.451,48.6479,47.4343,47.9654
FDP,2017-06-13,48.0274,48.583,47.7028,48.4925
FDP,2017-06-14,48.5102,48.5102,47.8896,48.2339
FDP,2017-06-15,47.929,48.4158,47.1647,47.3526
FDP,2017-06-16,46.6641,46.8676,45.2773,45.5272
FDP,2017-06-19,45.8134,46.435,45.5449,46.3779
FDP,2017-06-20,46.3032,46.3032,45.8891,46.073
FDP,2017-06-21,46.14,46.2304,45.8232,46.1487
FDP,2017-06-22,46.2392,46.3868,45.536,45.7021
FDP,2017-06-23,45.8134,47.2405,45.7396,47.1736
FDP,2017-06-26,47.2503,47.9919,46.4448,46.4822
FDP,2017-06-27,46.5216,47.148,46.2481,46.3032
FDP,2017-06-28,46.6267,47.1834,46.3779,46.8863
FDP,2017-06-29,46.8599,46.8599,46.1016,46.5117
FDP,2017-06-30,46.3966,47.3624,46.2038,47.1647
FDP,2017-07-03,47.2031,47.6673,46.7025,47.3998
FDP,2017-07-05,47.3241,47.4077,46.4153,46.5835
FDP,2017-07-06,46.4635,46.6976,46.14,46.5117
FDP,2017-07-07,46.674,47.3054,46.5599,47.148
FDP,2017-07-10,47.1205,47.443,46.8342,47.2405
FDP,2017-07-11,47.3241,47.3526,46.4547,47.1392
FDP,2017-07-12,47.5375,48.2713,47.443,47.8896
FDP,2017-07-13,48.0361,48.1749,47.0664,47.2316
FDP,2017-07-14,47.3811,47.9191,47.2405,47.8227
FDP,2017-07-17,47.8896,48.0588,47.3713,47.4343
FDP,2017-07-18,47.1834,47.4894,46.8863,46.914
FDP,2017-07-19,47.0575,47.7844,46.9336,47.7391
FDP,2017-07-20,47.7126,48.0815,47.2503,47.5474
FDP,2017-07-21,48.0184,48.0588,47.3713,47.5188
FDP,2017-07-24,47.5188,47.5651,46.8432,47.2867
FDP,2017-07-25,47.443,48.6479,47.443,48.4739
FDP,2017-07-26,48.5918,48.5918,47.5848,48.0912
FDP,2017-07-27,48.288,48.769,47.2867,47.3329
FDP,2017-07-28,47.3428,47.6595,47.0291,47.5571
FDP,2017-07-31,47.6851,47.9487,47.1205,47.6851
FDP,2017-08-01,47.6319,47.7303,42.904,44.4689
FDP,2017-08-02,44.7019,47.2129,44.6332,46.0917
FDP,2017-08-03,45.9982,46.4822,44.8584,46.1674
FDP,2017-08-04,45.7248,46.5471,45.5272,46.2942
FDP,2017-08-07,46.0533,46.2481,45.3412,45.3767
FDP,2017-08-08,45.2577,45.2577,44.6479,44.7669
FDP,2017-08-09,44.7305,44.9252,44.1108,44.5249
FDP,2017-08-10,44.4689,45.0226,44.0154,44.638
FDP,2017-08-11,44.3214,45.4515,44.3017,45.1927
FDP,2017-08-14,45.3698,46.1614,44.8574,45.7415
FDP,2017-08-15,45.6314,45.7691,45.12,45.6216
FDP,2017-08-16,45.6216,46.133,45.5546,45.9186
FDP,2017-08-17,45.7957,45.7957,43.326,43.3349
FDP,2017-08-18,43.0831,43.8099,42.8322,43.269
FDP,2017-08-21,43.2975,44.3941,43.2414,44.2348
FDP,2017-08-22,44.1806,44.3282,43.6221,43.7076
FDP,2017-08-23,43.6122,44.0498,43.4361,43.7637
FDP,2017-08-24,43.6879,43.7637,42.8962,43.501
FDP,2017-08-25,43.6319,43.8177,43.3073,43.5581
FDP,2017-08-28,43.6595,43.6595,42.7782,43.4824
FDP,2017-08-29,43.3162,43.863,43.2896,43.8177
FDP,2017-08-30,43.7076,44.1158,43.5679,43.9565
FDP,2017-08-31,44.0597,44.1069,43.5679,43.6682
FDP,2017-09-01,43.9378,44.0401,43.501,43.9752
FDP,2017-09-05,43.984,44.3469,43.5197,43.5935
FDP,2017-09-06,43.7637,43.8728,43.4175,43.6122
FDP,2017-09-07,43.6221,43.6221,42.1634,42.4979
FDP,2017-09-08,42.3602,42.8706,42.1123,42.607
FDP,2017-09-11,42.6464,43.0644,42.6267,42.7958
FDP,2017-09-12,42.8804,43.1205,42.5893,42.7693
FDP,2017-09-13,42.7693,43.326,42.7693,43.0171
FDP,2017-09-14,42.9433,43.0644,42.1634,42.4143
FDP,2017-09-15,42.5254,42.9817,42.3789,42.8519
FDP,2017-09-18,42.9346,43.4076,42.7742,43.2139
FDP,2017-09-19,43.0644,43.6782,42.9433,43.1205
FDP,2017-09-20,42.9433,43.745,42.4417,43.6595
FDP,2017-09-21,43.6595,44.6961,43.6398,44.3567
FDP,2017-09-22,44.282,46.2972,44.282,46.1143
FDP,2017-09-25,46.0563,46.1704,42.6994,43.3447
FDP,2017-09-26,43.4076,43.4076,42.7742,42.9346
FDP,2017-09-27,43.0084,43.4008,42.3316,43.0555
FDP,2017-09-28,43.269,43.5286,42.5254,42.6956
FDP,2017-09-29,42.9917,43.5444,42.1634,42.2471
FDP,2017-10-02,42.4792,44.2003,42.1998,44.1532
FDP,2017-10-03,44.3469,44.5229,43.9102,44.4856
FDP,2017-10-04,44.4216,44.4216,43.4352,43.444
FDP,2017-10-05,43.6319,43.9004,43.444,43.501
FDP,2017-10-06,43.5099,43.5099,42.9917,43.0555
FDP,2017-10-09,43.1863,43.2886,42.5254,42.6562
FDP,2017-10-10,42.9346,43.3909,42.3129,42.5431
FDP,2017-10-11,42.5431,42.906,42.3316,42.5981
FDP,2017-10-12,42.5893,42.9533,42.4743,42.607
FDP,2017-10-13,42.7044,43.1302,42.4979,42.7958
FDP,2017-10-16,42.8421,43.7174,42.7782,43.5935
FDP,2017-10-17,43.5935,43.8768,42.7958,43.6879
FDP,2017-10-18,43.8177,43.8454,43.2975,43.3634
FDP,2017-10-19,43.3447,43.7174,43.0831,43.6682
FDP,2017-10-20,43.9466,44.217,43.74,44.1906
FDP,2017-10-23,44.3381,45.0826,44.1069,44.7286
FDP,2017-10-24,44.458,45.658,44.2446,45.6127
FDP,2017-10-25,45.5282,45.7318,45.1387,45.3324
FDP,2017-10-26,45.5369,45.653,44.9979,45.2291
FDP,2017-10-27,45.1927,45.8055,44.9842,45.7228
FDP,2017-10-30,44.9606,45.5833,44.9606,45.3324
FDP,2017-10-31,43.8807,43.8807,40.3321,41.3658
FDP,2017-11-01,41.5606,41.5606,39.98,40.8996
FDP,2017-11-02,40.8445,41.716,40.7176,41.4956
FDP,2017-11-03,41.2625,43.8257,41.2625,43.2139
FDP,2017-11-06,42.906,43.6034,42.906,43.2601
FDP,2017-11-07,43.2975,43.6595,42.0582,42.2097
FDP,2017-11-08,42.0877,43.9663,42.0877,43.5197
FDP,2017-11-09,43.326,44.1806,43.326,43.326
FDP,2017-11-10,43.1401,43.8099,42.9433,43.205
FDP,2017-11-13,43.1962,43.326,42.5628,42.9433
FDP,2017-11-14,42.606,43.3879,42.606,43.2236
FDP,2017-11-15,43.1215,43.1215,42.2648,42.2845
FDP,2017-11-16,42.4772,43.3359,42.422,42.8125
FDP,2017-11-17,42.6847,44.0115,42.6847,43.8571
FDP,2017-11-20,43.8659,44.4541,43.6239,44.278
FDP,2017-11-21,44.0626,44.102,43.1115,43.2601
FDP,2017-11-22,43.4026,43.4026,42.8804,42.8962
FDP,2017-11-24,43.0004,43.0004,42.5332,42.7309
FDP,2017-11-27,42.786,42.9533,42.4585,42.7772
FDP,2017-11-28,42.906,43.8935,42.7211,43.8935
FDP,2017-11-29,43.922,45.7593,43.7106,45.6767
FDP,2017-11-30,45.777,46.4113,44.9852,45.4061
FDP,2017-12-01,45.5449,45.6767,44.4305,45.236
FDP,2017-12-04,45.6117,46.0956,45.4612,46.0297
FDP,2017-12-05,46.1891,46.1988,45.6845,45.8449
FDP,2017-12-06,45.7514,46.0956,45.2006,45.9462
FDP,2017-12-07,46.0111,46.0111,44.8633,44.9212
FDP,2017-12-08,44.9675,45.2173,43.9879,44.1669
FDP,2017-12-11,44.1669,44.278,43.4371,44.0154
FDP,2017-12-12,44.1758,44.7148,44.0538,44.0921
FDP,2017-12-13,43.9308,44.3853,43.3644,43.3742
FDP,2017-12-14,43.446,43.6515,42.9817,43.0644
FDP,2017-12-15,43.0831,44.3617,43.0831,43.9131
FDP,2017-12-18,44.3134,44.9675,44.2544,44.3617
FDP,2017-12-19,44.5948,44.7344,43.9033,44.2299
FDP,2017-12-20,44.3518,44.5683,43.5119,44.278
FDP,2017-12-21,44.3331,45.2006,44.286,44.4816
FDP,2017-12-22,44.5583,44.8544,44.3037,44.7895
FDP,2017-12-26,44.7993,45.5823,44.7708,44.7993
FDP,2017-12-27,44.8731,45.1721,44.4994,44.5849
FDP,2017-12-28,44.6971,45.2006,44.1295,45.1367
FDP,2017-12-29,45.1809,45.6117,44.4355,44.4452
FDP,2018-01-02,44.5092,44.5092,43.4647,43.7568
FDP,2018-01-03,43.7666,44.22,43.4371,44.0066
FDP,2018-01-04,44.1846,45.1268,44.0725,44.9301
FDP,2018-01-05,44.8544,45.7691,44.6882,44.9399
FDP,2018-01-08,44.8082,45.3304,44.5289,45.0147
FDP,2018-01-09,44.9852,45.4415,44.4255,45.2655
FDP,2018-01-10,45.2852,45.2852,44.6046,44.9675
FDP,2018-01-11,45.0049,45.6481,44.6046,45.5183
FDP,2018-01-12,45.5823,45.8911,45.1721,45.4712
FDP,2018-01-16,45.7415,46.6621,45.3481,45.3481
FDP,2018-01-17,45.5183,46.1055,45.118,45.835
FDP,2018-01-18,45.777,45.8822,45.3226,45.3767
FDP,2018-01-19,45.0796,45.9825,44.9852,45.6117
FDP,2018-01-22,45.6403,46.1055,45.4515,46.0868
FDP,2018-01-23,45.8154,46.0868,45.5272,45.9186
FDP,2018-01-24,46.0484,46.1153,45.5183,45.6845
FDP,2018-01-25,45.8527,45.8724,44.9025,45.236
FDP,2018-01-26,45.3481,45.3481,44.7993,45.0511
FDP,2018-01-29,45.0049,45.6481,44.4994,44.5387
FDP,2018-01-30,44.3901,44.9675,44.286,44.2937
FDP,2018-01-31,44.4994,44.6882,43.7942,44.1108
FDP,2018-02-01,44.0921,44.4816,43.6515,43.8129
FDP,2018-02-02,43.5698,43.5698,42.7113,42.8028
FDP,2018-02-05,42.6946,43.4194,42.1143,42.1231
FDP,2018-02-06,41.9578,44.4718,41.7691,43.1873
FDP,2018-02-07,43.0644,43.5955,42.5057,42.5883
FDP,2018-02-08,42.606,42.7448,41.6844,41.6844
FDP,2018-02-09,42.2165,42.5519,40.9595,41.6767
FDP,2018-02-12,41.7965,42.1605,41.3225,41.7868
FDP,2018-02-13,41.659,42.5519,41.659,42.0553
FDP,2018-02-14,41.7218,43.2798,41.7218,43.1873
FDP,2018-02-15,43.2985,43.4548,42.8962,43.2896
FDP,2018-02-16,43.0457,43.738,42.7496,43.4096
FDP,2018-02-20,41.9578,42.9247,40.7727,42.3395
FDP,2018-02-21,42.5057,43.5698,42.0553,43.2149
FDP,2018-02-22,43.5866,46.1055,43.4932,45.8527
FDP,2018-02-23,45.6845,45.6845,44.2033,44.3804
FDP,2018-02-26,44.3518,44.7108,43.5217,43.8659
FDP,2018-02-27,43.8571,44.3518,43.681,43.7293
FDP,2018-02-28,43.7755,43.9604,43.2896,43.5217
FDP,2018-03-01,43.503,44.0154,43.1499,43.9131
FDP,2018-03-02,43.7106,44.2593,43.7106,44.0921
FDP,2018-03-05,43.922,44.2496,43.7755,44.0243
FDP,2018-03-06,44.1295,44.5309,43.6997,44.3144
FDP,2018-03-07,44.1197,45.1023,43.6231,45.0353
FDP,2018-03-08,45.0443,45.0443,44.1108,44.344
FDP,2018-03-09,44.5967,44.755,43.8935,44.698
FDP,2018-03-12,44.8661,44.9979,44.2406,44.4462
FDP,2018-03-13,44.6439,44.8023,44.1384,44.4265
FDP,2018-03-14,44.3724,45.0836,44.2603,44.4178
FDP,2018-03-15,44.4265,44.4462,43.8561,44.2603
FDP,2018-03-16,44.287,45.0885,43.6732,44.3528
FDP,2018-03-19,44.2406,44.4462,43.7656,43.9505
FDP,2018-03-20,44.0439,44.2947,43.0141,43.8561
FDP,2018-03-21,43.5296,43.5483,43.0241,43.0614
FDP,2018-03-22,43.0241,43.1844,42.012,42.0405
FDP,2018-03-23,42.1172,42.7998,41.8271,41.8556
FDP,2018-03-26,42.5194,42.5568,41.3707,42.4173
FDP,2018-03-27,42.4723,42.7653,42.0779,42.2688
FDP,2018-03-28,42.3238,42.6503,42.0976,42.1742
FDP,2018-03-29,42.4173,42.9591,42.3061,42.3149
FDP,2018-04-02,42.2688,42.5726,41.9245,42.3435
FDP,2018-04-03,42.5834,43.0712,42.2785,42.9493
FDP,2018-04-04,42.6699,44.8661,42.2008,44.755
FDP,2018-04-05,44.8111,44.9429,44.2506,44.7826
FDP,2018-04-06,44.6902,45.2882,44.582,44.7079
FDP,2018-04-09,44.7737,45.1494,44.5967,44.8484
FDP,2018-04-10,45.1574,45.1574,44.6626,44.8761
FDP,2018-04-11,44.8111,45.1947,44.5456,45.1407
FDP,2018-04-12,45.2311,45.419,44.9331,45.1947
FDP,2018-04-13,45.2793,45.7652,44.881,45.7101
FDP,2018-04-16,45.7553,46.4959,45.2498,46.3455
FDP,2018-04-17,46.552,47.0841,46.429,47.0664
FDP,2018-04-18,47.271,47.3792,46.4762,47.0291
FDP,2018-04-19,46.5805,46.7762,45.9432,46.3258
FDP,2018-04-20,46.2698,46.4762,45.7917,46.2598
FDP,2018-04-23,46.4762,46.5805,46.074,46.4959
FDP,2018-04-24,46.7378,46.7575,46.0642,46.4193
FDP,2018-04-25,46.3258,46.7812,46.1597,46.552
FDP,2018-04-26,46.6995,46.8766,45.9894,46.8676
FDP,2018-04-27,46.9533,47.0625,46.6534,46.7861
FDP,2018-04-30,47.0201,47.0752,45.9333,45.9707
FDP,2018-05-01,47.8316,49.0394,47.1451,48.46
FDP,2018-05-02,48.3647,48.3647,45.5685,46.1861
FDP,2018-05-03,46.1409,46.1409,44.5209,44.7079
FDP,2018-05-04,44.7363,45.6727,44.6341,45.419
FDP,2018-05-07,45.6167,45.6167,45.112,45.1672
FDP,2018-05-08,44.9969,45.2547,44.2377,44.4068
FDP,2018-05-09,44.6242,44.8564,44.0981,44.2023
FDP,2018-05-10,44.3498,45.0069,44.1069,44.6242
FDP,2018-05-11,44.754,45.0266,44.5486,44.6242
FDP,2018-05-14,44.6242,44.9596,44.0981,44.1452
FDP,2018-05-15,44.1452,44.6242,43.9368,44.1542
FDP,2018-05-16,44.3214,44.6046,44.0302,44.1639
FDP,2018-05-17,44.1925,44.4816,43.9752,44.1168
FDP,2018-05-18,44.2279,44.2279,43.2159,43.505
FDP,2018-05-21,43.5444,43.8522,43.4046,43.6456
FDP,2018-05-22,43.7332,43.8247,43.1215,43.1696
FDP,2018-05-23,42.9907,43.385,42.4644,42.8499
FDP,2018-05-24,42.8106,42.962,42.136,42.427
FDP,2018-05-25,42.3542,43.1115,42.3542,42.5304
FDP,2018-05-29,42.4083,42.8402,42.3445,42.5844
FDP,2018-05-30,42.7841,43.1215,42.6621,42.7752
FDP,2018-05-31,42.7673,42.7673,42.0681,42.136
FDP,2018-06-01,42.2294,42.2294,41.8262,41.9038
FDP,2018-06-04,41.9598,42.2538,41.7602,41.9598
FDP,2018-06-05,42.1742,42.1742,41.6343,42.0316
FDP,2018-06-06,42.1555,42.2204,41.6627,42.2204
FDP,2018-06-07,42.0041,42.2057,40.642,40.7481
FDP,2018-06-08,40.7766,41.3677,40.457,40.7943
FDP,2018-06-11,40.8514,41.4228,40.8425,41.2448
FDP,2018-06-12,41.4228,41.4228,40.7668,41.0295
FDP,2018-06-13,41.1317,41.1957,40.5966,41.1238
FDP,2018-06-14,41.235,41.3579,40.8789,41.1396
FDP,2018-06-15,41.0866,41.6767,40.9271,41.5812
FDP,2018-06-18,41.3943,41.659,41.0196,41.5271
FDP,2018-06-19,41.4809,42.1457,41.4809,42.012
FDP,2018-06-20,42.1555,42.1555,41.3844,41.8162
FDP,2018-06-21,41.95,42.1555,41.4612,41.8546
FDP,2018-06-22,41.9962,42.2874,41.4228,41.5812
FDP,2018-06-25,41.5644,42.2491,41.3481,42.012
FDP,2018-06-26,41.9785,42.5017,41.4513,42.2491
FDP,2018-06-27,42.1831,42.4182,41.7415,41.7701
FDP,2018-06-28,41.8075,42.0218,41.5458,41.8546
FDP,2018-06-29,41.9038,42.2008,41.6293,41.7975
FDP,2018-07-02,41.5733,41.8546,41.2743,41.59
FDP,2018-07-03,41.8162,41.9038,41.471,41.5733
FDP,2018-07-05,41.713,42.012,41.4415,41.95
FDP,2018-07-06,41.95,42.4644,41.8075,42.2294
FDP,2018-07-09,42.1555,42.4359,42.0041,42.136
FDP,2018-07-10,42.2107,42.4546,41.7975,41.9421
FDP,2018-07-11,41.8162,42.1457,41.7788,41.7975
FDP,2018-07-12,41.9038,41.9038,41.4809,41.6097
FDP,2018-07-13,41.4995,41.7228,41.3432,41.3844
FDP,2018-07-16,41.3844,41.413,40.6989,40.7088
FDP,2018-07-17,40.7766,41.2891,40.7088,40.7668
FDP,2018-07-18,40.7668,40.7668,39.8275,40.2328
FDP,2018-07-19,40.0626,40.3814,39.9878,40.3243
FDP,2018-07-20,40.457,40.457,39.9878,40.1757
FDP,2018-07-23,40.0724,40.1373,39.4233,39.6505
FDP,2018-07-24,39.6417,39.8846,38.9099,38.9198
FDP,2018-07-25,38.9443,38.9443,37.8859,38.2795
FDP,2018-07-26,38.4004,39.2836,38.3729,39.0681
FDP,2018-07-27,39.1439,39.1823,38.186,38.3365
FDP,2018-07-30,38.2893,38.8902,37.8959,38.0454
FDP,2018-07-31,34.1603,34.18,32.1736,34.0571
FDP,2018-08-01,34.2164,36.1894,34.0857,34.8655
FDP,2018-08-02,33.466,35.0799,32.9309,34.6098
FDP,2018-08-03,34.7534,36.0095,34.7534,35.2305
FDP,2018-08-06,35.1174,35.9544,35.0317,35.6543
FDP,2018-08-07,35.5589,36.0379,35.4164,35.7459
FDP,2018-08-08,35.6819,36.5435,35.4744,36.3183
FDP,2018-08-09,36.4038,36.9182,36.2268,36.572
FDP,2018-08-10,36.1992,36.5916,35.9425,36.0379
FDP,2018-08-13,35.8884,36.2907,35.615,35.9425
FDP,2018-08-14,35.9347,36.5169,35.9347,36.2091
FDP,2018-08-15,36.151,36.4795,35.9425,36.0566
FDP,2018-08-16,36.0743,36.1707,35.7173,35.8314
FDP,2018-08-17,35.735,35.9248,35.5295,35.8974
FDP,2018-08-20,36.0379,36.1904,35.6238,35.7546
FDP,2018-08-21,35.7449,36.1904,35.6819,35.8029
FDP,2018-08-22,35.7252,36.0743,35.6819,35.9809
FDP,2018-08-23,35.8884,36.0292,35.4999,35.7646
FDP,2018-08-24,35.672,35.9524,35.5973,35.8029
FDP,2018-08-27,35.9721,36.2553,35.7843,36.2179
FDP,2018-08-28,36.2553,36.5652,35.9721,35.9809
FDP,2018-08-29,35.9809,36.2277,35.6672,35.8697
FDP,2018-08-30,35.7449,35.9425,34.9925,35.2079
FDP,2018-08-31,35.1528,35.4901,34.6748,35.2669
FDP,2018-09-04,35.1055,35.4331,34.8046,35.4241
FDP,2018-09-05,35.4724,35.7173,35.1989,35.2669
FDP,2018-09-06,35.1989,35.4901,35.1232,35.3524
FDP,2018-09-07,35.3337,35.5865,35.2756,35.5865
FDP,2018-09-10,35.7075,36.1019,35.4724,35.7173
FDP,2018-09-11,35.7075,35.851,35.3249,35.3436
FDP,2018-09-12,35.5382,35.5472,35.3053,35.5196
FDP,2018-09-13,35.6632,35.8797,35.2079,35.2472
FDP,2018-09-14,35.2176,35.4144,34.8695,35.2472
FDP,2018-09-17,35.1989,35.3564,34.3709,34.4082
FDP,2018-09-18,34.4476,34.4476,33.7483,34.0227
FDP,2018-09-19,34.0404,34.2027,33.402,33.4847
FDP,2018-09-20,33.4847,33.5329,33.2034,33.4493
FDP,2018-09-21,33.4306,33.701,33.0017,33.0991
FDP,2018-09-24,33.2034,33.4109,32.7313,33.0539
FDP,2018-09-25,33.108,33.2761,32.9005,33.0736
FDP,2018-09-26,33.0736,33.402,31.5736,31.7045
FDP,2018-09-27,31.5923,32.7313,31.5923,32.1303
FDP,2018-09-28,32.148,32.4873,31.8451,31.9218
FDP,2018-10-01,32.0822,32.4775,30.8193,30.9137
FDP,2018-10-02,30.9431,31.5559,30.6688,31.2816
FDP,2018-10-03,31.2619,31.377,30.2636,30.4986
FDP,2018-10-04,30.4062,30.6785,29.82,30.659
FDP,2018-10-05,30.7927,31.1881,30.5842,30.6501
FDP,2018-10-08,30.6216,30.828,30.5085,30.6216
FDP,2018-10-09,30.6029,30.7455,29.8879,29.8977
FDP,2018-10-10,29.7836,30.1505,29.1276,29.2849
FDP,2018-10-11,29.2387,29.5486,28.9919,29.0203
FDP,2018-10-12,29.2574,29.2574,27.9748,28.3625
FDP,2018-10-15,28.2857,28.982,27.9848,28.5591
FDP,2018-10-16,28.5315,29.1718,28.445,28.9555
FDP,2018-10-17,28.9082,29.0774,28.3535,28.806
FDP,2018-10-18,28.6426,28.8228,28.0624,28.2571
FDP,2018-10-19,28.2374,28.5315,28.2287,28.3978
FDP,2018-10-22,28.504,29.5093,28.146,29.0774
FDP,2018-10-23,28.8502,30.359,28.6319,30.0482
FDP,2018-10-24,30.0767,30.6216,29.8397,29.8879
FDP,2018-10-25,29.9065,30.2547,29.5869,29.9242
FDP,2018-10-26,29.9242,30.1042,29.3508,29.7167
FDP,2018-10-29,29.8692,30.8547,29.6341,30.2164
FDP,2018-10-30,27.373,30.6029,27.373,29.7551
FDP,2018-10-31,29.9813,31.4034,29.8593,31.1124
FDP,2018-11-01,31.1969,32.3035,31.0937,31.6386
FDP,2018-11-02,31.6386,31.6957,30.7179,30.9718
FDP,2018-11-05,31.0347,31.4595,30.6785,30.8744
FDP,2018-11-06,30.8113,31.4792,30.6029,31.2521
FDP,2018-11-07,31.2521,31.3189,30.3924,30.7278
FDP,2018-11-08,30.6314,30.9038,30.1898,30.5842
FDP,2018-11-09,30.5459,31.074,30.058,30.0669
FDP,2018-11-12,30.0856,30.3492,29.7452,29.9154
FDP,2018-11-13,29.9813,30.3314,29.7069,29.7915
FDP,2018-11-14,29.9715,30.0393,29.0734,29.1099
FDP,2018-11-15,28.9967,29.163,28.5345,28.9603
FDP,2018-11-16,28.8738,29.1483,28.5984,28.6948
FDP,2018-11-19,28.7341,28.9122,28.1372,28.1372
FDP,2018-11-20,28.0879,29.3115,28.0398,28.7706
FDP,2018-11-21,28.8275,29.82,28.8275,29.0834
FDP,2018-11-23,28.9603,29.2063,28.6466,28.7047
FDP,2018-11-26,28.8462,29.5073,28.6997,28.7901
FDP,2018-11-27,28.7901,29.1197,28.7854,28.9703
FDP,2018-11-28,28.9122,31.5726,28.9122,31.2491
FDP,2018-11-29,31.1183,31.7802,30.9087,31.3907
FDP,2018-11-30,31.4094,32.3851,31.2491,31.8451
FDP,2018-12-03,32.1313,32.4323,31.2294,31.2786
FDP,2018-12-04,31.2786,31.2786,29.7866,29.9901
FDP,2018-12-06,29.7639,30.2842,29.517,30.2556
FDP,2018-12-07,30.0767,30.8891,30.0767,30.4651
FDP,2018-12-10,30.5684,30.5684,29.697,30.2842
FDP,2018-12-11,30.5587,31.3828,30.5016,30.6442
FDP,2018-12-12,30.9284,31.7133,30.7022,31.316
FDP,2018-12-13,31.374,32.1874,31.374,31.5255
FDP,2018-12-14,31.3356,31.5342,30.6825,30.7583
FDP,2018-12-17,30.6344,30.9187,30.2379,30.4278
FDP,2018-12-18,30.351,30.7318,29.0547,29.1197
FDP,2018-12-19,28.9406,29.2063,28.0398,28.269
FDP,2018-12-20,28.269,28.5168,27.5785,27.8529
FDP,2018-12-21,27.7771,27.7771,25.7599,25.8553
FDP,2018-12-24,25.7786,26.5939,25.3734,26.2526
FDP,2018-12-26,26.2526,27.1044,26.0363,27.067
FDP,2018-12-27,26.7268,27.1143,26.1288,26.6776
FDP,2018-12-28,26.7829,27.1143,26.3707,26.6688
FDP,2018-12-31,26.7729,27.1005,26.5104,26.7533
FDP,2019-01-02,26.6411,27.3425,26.291,26.8026
FDP,2019-01-03,26.7632,28.0496,26.7169,27.7871
FDP,2019-01-04,27.9561,28.4479,27.7574,27.8815
FDP,2019-01-07,27.9011,28.7901,27.73,28.2493
FDP,2019-01-08,28.3899,28.6329,28.1943,28.3171
FDP,2019-01-09,28.2974,28.8935,28.212,28.7617
FDP,2019-01-10,28.685,29.6715,28.685,29.1483
FDP,2019-01-11,29.0637,29.6892,28.8738,29.1197
FDP,2019-01-14,29.0066,29.527,28.561,28.6083
FDP,2019-01-15,28.6948,28.6948,28.147,28.4873
FDP,2019-01-16,28.5896,28.8639,28.3643,28.4971
FDP,2019-01-17,28.4381,28.5984,28.0398,28.5984
FDP,2019-01-18,28.6368,29.0509,28.4578,28.5984
FDP,2019-01-22,28.4578,28.8462,28.1175,28.8462
FDP,2019-01-23,28.8552,28.9703,28.5542,28.8275
FDP,2019-01-24,28.6181,29.1483,28.6083,28.9967
FDP,2019-01-25,29.0253,29.6892,29.0253,29.2259
FDP,2019-01-28,29.0834,29.527,29.0066,29.2357
FDP,2019-01-29,29.2357,29.6616,29.1679,29.4699
FDP,2019-01-30,29.4029,30.1809,29.4029,29.8495
FDP,2019-01-31,29.8692,30.3894,29.8692,30.2656
FDP,2019-02-01,30.4278,30.5487,29.9439,30.294
FDP,2019-02-04,30.3413,30.6058,30.1986,30.539
FDP,2019-02-05,30.5587,30.9766,30.4456,30.7869
FDP,2019-02-06,30.7495,31.0209,30.3226,30.6442
FDP,2019-02-07,30.5016,30.7495,30.1515,30.5115
FDP,2019-02-08,30.4918,31.8834,30.4918,31.855
FDP,2019-02-11,31.8647,32.0832,31.6573,32.0635
FDP,2019-02-12,32.1972,33.0017,32.1972,32.7538
FDP,2019-02-13,32.8119,33.1807,32.8119,32.9428
FDP,2019-02-14,32.7922,32.8679,32.3762,32.5847
FDP,2019-02-15,32.8305,33.4089,32.6644,33.3312
FDP,2019-02-19,30.9865,32.51,27.0739,27.6433
FDP,2019-02-20,27.8715,28.9122,25.8603,26.2242
FDP,2019-02-21,25.9488,26.5104,25.6852,26.4908
FDP,2019-02-22,26.2822,26.6501,25.8652,26.3747
FDP,2019-02-25,26.2723,26.9077,26.0452,26.2143
FDP,2019-02-26,26.2242,26.7268,25.7502,26.5182
FDP,2019-02-27,26.4434,27.1792,26.3844,26.8202
FDP,2019-02-28,26.7346,26.8497,25.9212,26.1965
FDP,2019-03-01,26.1965,26.4337,25.3538,25.4776
FDP,2019-03-04,25.4393,25.9035,25.099,25.7048
FDP,2019-03-05,25.6478,25.9311,25.1461,25.2869
FDP,2019-03-06,25.2957,25.3912,24.7203,24.8236
FDP,2019-03-07,24.7685,24.7685,24.1626,24.3702
FDP,2019-03-08,24.3231,24.5875,23.7821,24.3515
FDP,2019-03-11,24.5197,25.0233,24.3328,24.8325
FDP,2019-03-12,24.8423,25.0046,24.265,24.9367
FDP,2019-03-13,25.043,26.0166,25.043,25.3813
FDP,2019-03-14,25.5524,25.9399,25.5524,25.7502
FDP,2019-03-15,25.7689,26.3844,25.5524,26.347
FDP,2019-03-18,26.2429,27.0298,26.2429,26.5458
FDP,2019-03-19,26.5556,26.6225,26.1337,26.3273
FDP,2019-03-20,26.2723,26.3747,25.4973,25.572
FDP,2019-03-21,25.6478,25.8317,25.4108,25.7048
FDP,2019-03-22,25.6281,25.8652,25.0704,25.2593
FDP,2019-03-25,25.2692,25.3144,24.6928,25.1265
FDP,2019-03-26,25.1265,25.8652,25.1265,25.8081
FDP,2019-03-27,25.7689,26.1681,25.5897,25.7148
FDP,2019-03-28,25.7402,25.9783,25.4679,25.6084
FDP,2019-03-29,25.8081,25.9212,25.1835,25.581
FDP,2019-04-01,25.7599,26.0166,25.5524,25.8081
FDP,2019-04-02,25.8366,25.8366,25.0617,25.2229
FDP,2019-04-03,25.3439,25.3439,24.7971,24.9269
FDP,2019-04-04,24.8984,25.6764,24.8325,25.2593
FDP,2019-04-05,25.2957,25.6478,25.1935,25.4776
FDP,2019-04-08,25.4295,26.0265,25.399,25.6184
FDP,2019-04-09,25.6281,25.7599,25.1078,25.1265
FDP,2019-04-10,25.0803,25.099,24.0378,24.9849
FDP,2019-04-11,25.0233,25.515,24.7115,24.7971
FDP,2019-04-12,24.8423,25.1265,24.4636,24.9269
FDP,2019-04-15,25.0233,25.3243,24.6249,24.9367
FDP,2019-04-16,25.0233,25.3144,24.7971,25.0803
FDP,2019-04-17,25.1078,25.4679,24.86,25.2692
FDP,2019-04-18,25.2032,25.4009,25.0046,25.3626
FDP,2019-04-22,25.2593,25.4776,24.9269,25.0803
FDP,2019-04-23,25.0803,25.7599,25.0803,25.6184
FDP,2019-04-24,25.515,25.9311,25.4108,25.7048
FDP,2019-04-25,25.6084,25.7186,25.16,25.5524
FDP,2019-04-26,25.6184,26.3943,25.4589,26.2625
FDP,2019-04-29,26.1681,27.0101,26.1681,26.9254
FDP,2019-04-30,27.4271,29.1965,26.9727,27.9296
FDP,2019-05-01,28.204,28.2788,27.7201,27.8618
FDP,2019-05-02,27.5588,27.7487,26.8596,26.9441
FDP,2019-05-03,27.0494,27.0769,26.5182,26.888
FDP,2019-05-06,26.5939,27.4831,26.5143,27.4467
FDP,2019-05-07,27.2559,27.4517,26.898,27.2077
FDP,2019-05-08,27.1792,27.3985,26.7829,27.1418
FDP,2019-05-09,27.0101,27.1329,26.3657,27.1044
FDP,2019-05-10,27.0395,27.3041,26.3844,27.0494
FDP,2019-05-13,26.8026,26.9904,26.177,26.5458
FDP,2019-05-14,26.5182,27.1693,26.4641,27.1143
FDP,2019-05-15,26.9628,27.8529,26.83,27.8145
FDP,2019-05-16,27.9011,28.0979,27.663,27.9848
FDP,2019-05-17,27.7388,28.0979,27.5018,27.6336
FDP,2019-05-20,27.5018,27.7674,26.9628,27.0002
FDP,2019-05-21,27.1418,27.1418,26.0697,26.6411
FDP,2019-05-22,26.5458,26.5458,24.8521,25.4009
FDP,2019-05-23,25.2692,25.2692,24.0957,24.2551
FDP,2019-05-24,24.3427,24.3801,23.2912,23.5558
FDP,2019-05-28,23.5558,23.7161,22.8556,23.4889
FDP,2019-05-29,23.2539,23.9059,23.244,23.726
FDP,2019-05-30,23.8214,24.1676,23.66,23.8312
FDP,2019-05-31,23.5273,23.726,23.0916,23.6787
FDP,2019-06-03,23.5844,24.2453,23.5844,24.1716
FDP,2019-06-04,24.2354,25.0704,24.2354,24.86
FDP,2019-06-05,24.9367,25.3144,24.7026,25.0803
FDP,2019-06-06,25.0803,25.572,24.9367,25.3439
FDP,2019-06-07,25.4589,25.8268,25.2692,25.5347
FDP,2019-06-10,25.6084,26.2429,25.6084,25.9684
FDP,2019-06-11,26.1022,26.5104,25.9488,26.233
FDP,2019-06-12,26.233,26.4818,26.055,26.2526
FDP,2019-06-13,26.347,26.7268,26.177,26.5104
FDP,2019-06-14,26.4041,26.8064,26.3844,26.6875
FDP,2019-06-17,26.7435,26.7819,26.2773,26.4908
FDP,2019-06-18,26.6688,26.8783,26.4818,26.5842
FDP,2019-06-19,26.5645,26.5645,25.9134,26.2242
FDP,2019-06-20,26.2526,26.3273,25.5524,25.8081
FDP,2019-06-21,25.638,26.1238,24.8334,25.7502
FDP,2019-06-24,25.7402,26.1435,25.4679,25.7885
FDP,2019-06-25,25.7983,26.1111,25.5249,25.8465
FDP,2019-06-26,25.7983,26.0363,25.277,25.2869
FDP,2019-06-27,25.2957,25.3813,24.8521,25.3243
FDP,2019-06-28,25.3912,25.6538,25.1364,25.5063
FDP,2019-07-01,25.5623,26.0265,25.5623,25.7402
FDP,2019-07-02,25.6478,25.9035,25.2957,25.3715
FDP,2019-07-03,25.4679,25.8858,25.4492,25.4589
FDP,2019-07-05,25.4295,25.8268,25.1167,25.7885
FDP,2019-07-08,25.8268,26.1965,25.4826,25.9399
FDP,2019-07-09,25.9134,26.1386,25.7235,25.875
FDP,2019-07-10,25.8937,26.291,25.515,26.291
FDP,2019-07-11,26.0648,26.2379,24.0476,24.0574
FDP,2019-07-12,24.2257,24.2453,22.5909,23.0552
FDP,2019-07-15,23.0454,23.0454,21.7481,22.7602
FDP,2019-07-16,22.7218,23.4801,22.7218,23.186
FDP,2019-07-17,23.1192,23.4132,22.8457,23.1192
FDP,2019-07-18,23.1762,23.5273,23.0168,23.3394
FDP,2019-07-19,23.3011,23.7063,23.2253,23.6139
FDP,2019-07-22,23.4703,24.1626,23.4703,23.9345
FDP,2019-07-23,23.9906,24.5433,23.9906,24.2748
FDP,2019-07-24,24.1716,24.3131,23.7357,24.2944
FDP,2019-07-25,24.1626,25.033,24.1626,24.7971
FDP,2019-07-26,24.7971,25.4589,24.6436,25.3341
FDP,2019-07-29,25.3341,25.8553,25.2593,25.7786
FDP,2019-07-30,25.9684,28.743,25.3538,28.6466
FDP,2019-07-31,28.7341,29.4502,28.4194,28.7047
FDP,2019-08-01,28.5699,29.1483,28.1273,28.204
FDP,2019-08-02,28.1756,28.386,26.9628,27.7388
FDP,2019-08-05,27.37,27.5686,27.0769,27.4467
FDP,2019-08-06,27.4743,27.7771,27.0867,27.3513
FDP,2019-08-07,27.0298,27.2844,26.5271,27.2559
FDP,2019-08-08,27.2943,28.0879,27.1978,28.0211
FDP,2019-08-09,28.0211,28.1569,27.2943,27.3139
FDP,2019-08-12,26.9825,27.2746,26.0747,26.3943
FDP,2019-08-13,26.233,27.2294,26.1012,26.1189
FDP,2019-08-14,25.7776,25.8553,24.8482,24.9731
FDP,2019-08-15,25.04,25.04,23.7003,24.1479
FDP,2019-08-16,24.2984,24.7075,24.1184,24.6308
FDP,2019-08-19,24.9918,25.0774,24.203,24.4596
FDP,2019-08-20,24.498,24.8865,24.2797,24.8098
FDP,2019-08-21,25.04,25.4275,24.8334,25.1806
FDP,2019-08-22,25.3223,25.6557,25.0253,25.3793
FDP,2019-08-23,25.3321,25.3793,24.8384,24.8955
FDP,2019-08-26,25.22,25.22,24.8768,25.1708
FDP,2019-08-27,25.2564,25.4196,24.1764,24.2984
FDP,2019-08-28,24.1764,24.4046,23.9472,24.1282
FDP,2019-08-29,24.2217,24.4696,24.0919,24.2797
FDP,2019-08-30,24.3565,25.1433,24.2944,24.6987
FDP,2019-09-03,24.5737,25.2839,24.3849,25.2003
FDP,2019-09-04,25.1619,26.0835,25.1619,26.054
FDP,2019-09-05,26.1965,27.2766,26.1965,26.8123
FDP,2019-09-06,26.9264,27.3159,26.6136,27.0307
FDP,2019-09-09,26.831,27.733,26.4434,27.723
FDP,2019-09-10,27.723,28.9466,27.6414,28.8601
FDP,2019-09-11,28.8895,30.1799,28.3682,30.0177
FDP,2019-09-12,30.1131,30.3974,29.6872,30.1407
FDP,2019-09-13,30.1977,30.4721,29.7718,30.0934
FDP,2019-09-16,29.9321,30.4544,29.7049,30.0846
FDP,2019-09-17,29.8957,29.9371,29.5534,29.8081
FDP,2019-09-18,29.7619,29.8475,29.1473,29.4669
FDP,2019-09-19,29.7148,29.7325,28.9564,29.1158
FDP,2019-09-20,29.1345,29.3813,28.9663,29.1443
FDP,2019-09-23,28.9663,29.2988,28.8051,29.0125
FDP,2019-09-24,32.9575,35.139,32.45,34.9226
FDP,2019-09-25,34.8085,36.2494,34.1918,36.032
FDP,2019-09-26,36.032,36.7903,35.3957,35.9445
FDP,2019-09-27,35.7252,36.6487,35.2826,35.614
FDP,2019-09-30,35.3494,35.735,32.2936,32.3507
FDP,2019-10-01,32.4451,33.3372,32.1589,32.2454
FDP,2019-10-02,31.9346,32.4274,31.2205,31.8195
FDP,2019-10-03,31.6012,31.7448,30.2734,30.4268
FDP,2019-10-04,30.36,30.36,29.3735,30.0177
FDP,2019-10-07,29.8377,30.057,29.5043,29.6588
FDP,2019-10-08,29.4669,29.6105,28.6329,28.8699
FDP,2019-10-09,28.9564,28.9564,28.5394,28.8798
FDP,2019-10-10,28.9182,29.0312,28.5945,28.8325
FDP,2019-10-11,29.0971,29.2319,28.8138,28.8424
FDP,2019-10-14,28.6132,29.0971,28.4823,28.9369
FDP,2019-10-15,28.8798,28.9279,28.1263,28.1597
FDP,2019-10-16,28.1696,28.1696,27.3631,27.5618
FDP,2019-10-17,27.6936,28.0535,27.429,27.8647
FDP,2019-10-18,27.733,27.8539,27.0307,27.3159
FDP,2019-10-21,27.5235,27.733,27.1438,27.3631
FDP,2019-10-22,27.248,27.5992,27.0307,27.4201
FDP,2019-10-23,27.4575,27.6366,27.1713,27.2097
FDP,2019-10-24,27.0592,27.19,26.4818,26.6039
FDP,2019-10-25,26.5556,26.5891,25.7305,26.233
FDP,2019-10-28,26.4631,27.1763,26.3943,27.0789
FDP,2019-10-29,27.9788,30.7779,27.7604,30.0374
FDP,2019-10-30,30.1799,30.3697,29.3646,29.998
FDP,2019-10-31,29.9882,30.2646,29.341,30.2547
FDP,2019-11-01,30.3216,30.7682,30.3216,30.481
FDP,2019-11-04,30.3501,30.6009,29.9518,30.5105
FDP,2019-11-05,30.5478,30.8233,29.2791,29.3361
FDP,2019-11-06,29.4669,29.9232,29.2692,29.4954
FDP,2019-11-07,29.7816,30.4357,29.2319,29.7522
FDP,2019-11-08,29.7148,29.998,29.4099,29.9134
FDP,2019-11-11,29.7619,29.9695,29.4196,29.9046
FDP,2019-11-12,30.2183,30.2379,29.7983,30.0275
FDP,2019-11-13,29.8475,30.1908,29.6941,30.1042
FDP,2019-11-14,30.2743,30.4554,29.9046,30.0757
FDP,2019-11-15,30.2085,30.2085,29.6194,30.1141
FDP,2019-11-18,30.1042,30.1042,29.6941,29.9321
FDP,2019-11-19,30.1711,30.2469,29.6765,29.7236
FDP,2019-11-20,29.523,30.0659,29.523,29.8278
FDP,2019-11-21,29.877,29.877,29.4374,29.7422
FDP,2019-11-22,29.8573,30.0659,29.6941,29.8475
FDP,2019-11-25,29.8377,30.9412,29.513,30.9117
FDP,2019-11-26,30.9216,31.137,30.351,30.5222
FDP,2019-11-27,30.7337,31.1881,30.6648,31.1124
FDP,2019-11-29,31.1508,31.2491,30.9511,31.0937
FDP,2019-12-02,31.0642,31.2736,30.714,31.1409
FDP,2019-12-03,30.9511,31.2539,30.8253,31.2343
FDP,2019-12-04,31.3307,31.5402,30.9019,31.0248
FDP,2019-12-05,31.0248,31.5776,30.7799,31.4921
FDP,2019-12-06,31.852,32.0919,31.5874,31.7399
FDP,2019-12-09,31.6346,32.0162,31.5304,31.7969
FDP,2019-12-10,31.7773,32.1303,31.674,31.8343
FDP,2019-12-11,31.8422,32.3674,31.7634,32.328
FDP,2019-12-12,32.1874,32.8808,32.1874,32.6143
FDP,2019-12-13,32.5011,32.7274,32.0438,32.1019
FDP,2019-12-16,32.2159,32.747,32.2159,32.4815
FDP,2019-12-17,32.6516,33.0627,32.4618,32.9653
FDP,2019-12-18,33.1463,33.2417,32.7558,32.7755
FDP,2019-12-19,32.9556,33.2781,32.7755,32.985
FDP,2019-12-20,33.0627,33.5654,32.9182,33.3755
FDP,2019-12-23,33.4236,33.7157,32.8425,33.2781
FDP,2019-12-24,33.2968,33.527,33.0145,33.1463
FDP,2019-12-26,33.1748,33.2781,33.0342,33.2781
FDP,2019-12-27,33.46,33.6037,33.2132,33.3853
FDP,2019-12-30,33.4433,33.5654,32.9752,32.985
FDP,2019-12-31,33.0342,33.4336,32.9556,33.2604
FDP,2020-01-02,33.3459,33.3755,32.5385,32.7274
FDP,2020-01-03,32.6516,33.1365,32.4381,32.8709
FDP,2020-01-06,32.6053,33.1168,32.4736,32.5769
FDP,2020-01-07,32.5011,32.8808,32.1393,32.2601
FDP,2020-01-08,32.3575,32.747,32.2896,32.5572
FDP,2020-01-09,32.5857,32.7558,32.206,32.4047
FDP,2020-01-10,32.3477,32.6516,32.0065,32.3477
FDP,2020-01-13,32.3772,32.511,32.0065,32.4146
FDP,2020-01-14,32.2896,32.6053,32.0162,32.3772
FDP,2020-01-15,32.328,32.6987,32.2701,32.5297
FDP,2020-01-16,32.6987,33.1266,32.3575,32.5572
FDP,2020-01-17,32.7371,33.2968,32.567,33.1748
FDP,2020-01-21,33.0726,33.0726,32.4461,32.567
FDP,2020-01-22,32.6053,32.7274,32.1776,32.4519
FDP,2020-01-23,32.4618,32.9359,32.0919,32.8248
FDP,2020-01-24,32.9182,32.9182,30.6648,30.7042
FDP,2020-01-27,30.3314,30.9117,30.1328,30.5793
FDP,2020-01-28,30.7239,31.8156,30.7239,30.9608
FDP,2020-01-29,31.1792,31.379,30.0472,30.0659
FDP,2020-01-30,29.8278,30.2556,29.7422,30.2085
FDP,2020-01-31,29.998,30.3894,29.4757,29.8377
FDP,2020-02-03,29.9232,30.3314,29.5427,30.3314
FDP,2020-02-04,30.6461,30.7337,29.6675,29.6765
FDP,2020-02-05,29.9695,30.8173,29.7895,30.7701
FDP,2020-02-06,30.6747,31.1792,30.6461,30.7986
FDP,2020-02-07,30.6944,31.434,30.4081,31.379
FDP,2020-02-10,31.3406,32.5198,31.0937,32.0242
FDP,2020-02-11,32.3192,32.6427,32.1963,32.2601
FDP,2020-02-12,32.6143,33.2781,32.2504,32.7174
FDP,2020-02-13,32.6053,32.7854,32.206,32.5572
FDP,2020-02-14,32.511,32.9604,32.386,32.7854
FDP,2020-02-18,32.4815,32.6604,31.9494,32.3378
FDP,2020-02-19,29.2299,29.2299,25.9478,27.8214
FDP,2020-02-20,27.6601,29.998,27.6601,28.8669
FDP,2020-02-21,29.3341,29.3341,27.2127,27.251
FDP,2020-02-24,27.0995,27.727,26.0383,27.5932
FDP,2020-02-25,27.5088,28.9152,27.4418,28.8581
FDP,2020-02-26,28.8866,29.1521,27.432,27.5755
FDP,2020-02-27,27.1841,28.1981,26.5566,27.2127
FDP,2020-02-28,26.5369,26.9755,25.8062,26.0737
FDP,2020-03-02,26.1573,27.4791,26.0687,27.3287
FDP,2020-03-03,27.0218,27.6936,26.4798,26.5438
FDP,2020-03-04,26.8793,26.9924,26.3246,26.7542
FDP,2020-03-05,26.2882,27.0021,26.1828,26.6688
FDP,2020-03-06,26.3629,27.1231,25.9714,27.0503
FDP,2020-03-09,25.8583,28.7677,25.7707,28.3398
FDP,2020-03-10,28.6151,29.6272,28.2867,29.0164
FDP,2020-03-11,28.4529,28.4529,26.0982,26.3146
FDP,2020-03-12,25.1423,25.1423,22.9637,23.2814
FDP,2020-03-13,24.0929,26.1631,23.73,26.1071
FDP,2020-03-16,24.3988,29.7974,24.3988,25.4669
FDP,2020-03-17,25.9813,31.8972,24.7814,31.8874
FDP,2020-03-18,30.5517,35.0938,28.4234,34.9895
FDP,2020-03-19,34.5685,35.5904,31.0386,34.7319
FDP,2020-03-20,34.7613,35.7517,31.5452,32.7371
FDP,2020-03-23,33.0352,34.0915,31.1163,31.9935
FDP,2020-03-24,33.0539,34.2361,30.7259,32.9083
FDP,2020-03-25,32.7077,32.7077,29.4069,29.8564
FDP,2020-03-26,30.3423,31.8589,29.7128,31.2579
FDP,2020-03-27,30.533,30.6196,27.2697,27.49
FDP,2020-03-30,27.9857,28.5207,27.193,28.2523
FDP,2020-03-31,28.214,29.1778,26.0884,26.3433
FDP,2020-04-01,26.059,27.2028,25.161,25.6961
FDP,2020-04-02,25.1895,26.2882,25.1895,26.0304
FDP,2020-04-03,25.8878,26.2202,25.1698,25.6675
FDP,2020-04-06,26.4415,28.9023,26.1631,28.4823
FDP,2020-04-07,28.9112,29.3459,27.193,27.5854
FDP,2020-04-08,27.8912,28.4923,27.2795,28.0329
FDP,2020-04-09,28.1863,30.6098,28.149,30.533
FDP,2020-04-13,30.1515,30.7111,29.0834,29.4639
FDP,2020-04-14,30.0275,30.5911,29.5554,30.0846
FDP,2020-04-15,29.6174,30.3137,29.0961,29.6852
FDP,2020-04-16,29.6468,30.057,28.8925,29.8564
FDP,2020-04-17,30.352,30.7445,29.1591,30.6668
FDP,2020-04-20,30.3423,30.9244,29.9843,30.2479
FDP,2020-04-21,29.6852,30.4848,28.978,29.2564
FDP,2020-04-22,29.7413,30.4288,29.2741,29.9882
FDP,2020-04-23,29.817,30.8458,29.817,30.4848
FDP,2020-04-24,30.7356,31.374,30.5517,31.0022
FDP,2020-04-27,30.9825,31.7114,30.8654,31.4585
FDP,2020-04-28,31.849,33.7286,31.5835,33.52
FDP,2020-04-29,31.7261,32.7854,27.193,28.214
FDP,2020-04-30,28.3112,28.8925,27.1831,27.2028
FDP,2020-05-01,27.193,27.3238,25.3429,25.4482
FDP,2020-05-04,26.2389,26.2685,23.9492,24.1312
FDP,2020-05-05,24.3221,24.6358,23.5096,23.5293
FDP,2020-05-06,23.8538,24.1312,22.6332,22.71
FDP,2020-05-07,23.3768,24.141,22.948,23.1289
FDP,2020-05-08,23.8538,24.1793,23.0995,24.1793
FDP,2020-05-11,24.1509,24.5413,22.8231,23.186
FDP,2020-05-12,23.5106,23.6384,22.7562,22.89
FDP,2020-05-13,22.6991,22.7749,20.3761,20.6052
FDP,2020-05-14,20.3377,21.0813,19.3611,21.0439
FDP,2020-05-15,20.9297,21.6556,20.4606,21.2268
FDP,2020-05-18,21.6644,22.2782,21.513,22.1247
FDP,2020-05-19,22.0097,22.0677,21.091,21.1992
FDP,2020-05-20,21.513,21.7619,21.1795,21.6192
FDP,2020-05-21,21.5995,22.0775,21.2445,22.0588
FDP,2020-05-22,22.2959,22.2959,21.4067,21.7432
FDP,2020-05-26,22.1149,22.9854,22.0588,22.8418
FDP,2020-05-27,23.3493,23.6562,22.7847,23.5785
FDP,2020-05-28,23.903,23.9994,23.3198,23.5785
FDP,2020-05-29,23.2735,23.8843,22.9431,23.7978
FDP,2020-06-01,23.7113,23.8932,22.8123,22.8123
FDP,2020-06-02,22.8418,23.2253,22.3923,22.8024
FDP,2020-06-03,23.0995,23.665,22.6893,23.0808
FDP,2020-06-04,23.1466,24.0859,23.0906,23.9709
FDP,2020-06-05,24.3241,24.8492,24.1813,24.3338
FDP,2020-06-08,24.6387,25.6812,24.5699,25.6045
FDP,2020-06-09,25.1835,25.3281,23.721,23.8843
FDP,2020-06-10,23.8646,23.9512,23.0729,23.1466
FDP,2020-06-11,22.4317,22.8319,21.8002,21.8857
FDP,2020-06-12,22.6706,22.8801,22.2123,22.6618
FDP,2020-06-15,21.9998,22.8418,21.7519,22.7562
FDP,2020-06-16,23.3867,23.4919,22.7562,23.3394
FDP,2020-06-17,23.4545,23.5332,22.9568,23.0345
FDP,2020-06-18,22.8024,23.2342,22.6519,22.9755
FDP,2020-06-19,23.1092,23.2539,22.2782,22.9951
FDP,2020-06-22,22.6805,22.7365,21.5809,22.2782
FDP,2020-06-23,22.6421,22.947,22.2881,22.9284
FDP,2020-06-24,22.6805,22.7847,21.7903,22.3353
FDP,2020-06-25,22.2507,22.8615,22.049,22.8123
FDP,2020-06-26,22.6421,22.6421,22.049,22.3156
FDP,2020-06-29,22.6421,23.367,22.3824,23.1289
FDP,2020-06-30,23.0808,23.6739,23.0808,23.5401
FDP,2020-07-01,23.5982,23.731,22.3156,22.3628
FDP,2020-07-02,22.8418,23.3493,22.4985,22.5348
FDP,2020-07-06,22.9854,23.0345,22.6991,22.9667
FDP,2020-07-07,22.7365,23.0345,22.469,22.7464
FDP,2020-07-08,22.7847,22.9087,21.7716,21.9527
FDP,2020-07-09,21.81,21.81,21.0813,21.4737
FDP,2020-07-10,21.5228,22.5261,21.4638,22.469
FDP,2020-07-13,22.5074,22.8024,21.9811,22.1149
FDP,2020-07-14,22.049,22.353,21.8857,22.2025
FDP,2020-07-15,22.6805,23.1566,22.6706,22.7178
FDP,2020-07-16,22.7464,22.7562,21.9614,22.1149
FDP,2020-07-17,22.1051,22.3628,21.8956,22.1631
FDP,2020-07-20,21.9998,22.1247,21.454,21.7235
FDP,2020-07-21,22.0677,22.7749,21.9811,22.6805
FDP,2020-07-22,22.4985,22.7936,22.353,22.5448
FDP,2020-07-23,22.8123,23.0345,22.6224,22.89
FDP,2020-07-24,22.9371,22.9371,22.2212,22.3057
FDP,2020-07-27,22.231,22.6805,21.9998,22.3726
FDP,2020-07-28,22.4021,22.6853,22.1247,22.5448
FDP,2020-07-29,22.947,23.8745,22.6706,23.1566
FDP,2020-07-30,23.0532,23.0532,22.1533,22.2605
FDP,2020-07-31,22.0677,22.3923,21.2268,21.5897
FDP,2020-08-03,21.572,22.1247,21.4933,22.1149
FDP,2020-08-04,22.0195,23.0906,21.9811,22.9854
FDP,2020-08-05,22.9568,23.2057,22.6323,23.1566
FDP,2020-08-06,23.2155,23.3011,22.7847,22.9371
FDP,2020-08-07,22.765,23.4545,22.765,23.3198
FDP,2020-08-10,23.425,23.721,23.2342,23.4644
FDP,2020-08-11,23.6375,23.8755,23.2342,23.3955
FDP,2020-08-12,23.6276,23.8184,23.3198,23.6926
FDP,2020-08-13,23.722,24.0869,23.4349,23.5982
FDP,2020-08-14,23.3493,23.7417,23.2814,23.4349
FDP,2020-08-17,23.5982,23.5982,22.9077,23.2047
FDP,2020-08-18,23.0522,23.2146,22.7444,22.8408
FDP,2020-08-19,22.7926,22.9224,22.6205,22.6696
FDP,2020-08-20,22.5625,22.6883,22.3608,22.6018
FDP,2020-08-21,22.4768,22.4818,21.9399,22.2664
FDP,2020-08-24,22.3608,22.5625,22.2093,22.5428
FDP,2020-08-25,22.6972,22.6972,22.1798,22.4768
FDP,2020-08-26,22.4671,22.5525,22.1897,22.2851
FDP,2020-08-27,22.5142,23.0522,22.2949,22.8792
FDP,2020-08-28,23.0522,23.0522,22.228,22.6696
FDP,2020-08-31,22.5241,22.6648,22.17,22.2182
FDP,2020-09-01,22.0932,22.3805,21.8927,22.2093
FDP,2020-09-02,22.2379,22.5722,22.1798,22.2949
FDP,2020-09-03,22.3903,22.9224,22.0461,22.3805
FDP,2020-09-04,22.6883,22.7739,21.9871,22.351
FDP,2020-09-08,22.3234,22.9274,22.0068,22.7837
FDP,2020-09-09,22.9745,23.2342,22.8113,22.9942
FDP,2020-09-10,23.0985,23.4644,22.9745,23.0138
FDP,2020-09-11,22.9558,23.1752,22.5919,22.9175
FDP,2020-09-14,22.9362,23.0188,22.6696,22.6972
FDP,2020-09-15,22.7247,22.9411,22.6205,22.6972
FDP,2020-09-16,22.8408,23.0719,22.707,22.7739
FDP,2020-09-17,22.6018,23.0719,22.415,22.9077
FDP,2020-09-18,22.9077,23.2342,22.5525,22.6402
FDP,2020-09-21,22.2851,22.3706,21.4127,21.6153
FDP,2020-09-22,21.6251,21.9782,21.3074,21.4225
FDP,2020-09-23,21.4599,21.8927,20.494,20.5226
FDP,2020-09-24,20.551,21.6998,20.2629,21.2976
FDP,2020-09-25,21.0861,21.634,21.0674,21.395
FDP,2020-09-28,21.4599,22.0362,21.455,21.6153
FDP,2020-09-29,21.6517,21.873,21.5189,21.5583
FDP,2020-09-30,21.6428,22.1414,21.6428,21.9595
FDP,2020-10-01,22.0362,22.0362,21.4599,21.6251
FDP,2020-10-02,21.3074,21.9684,21.3074,21.9123
FDP,2020-10-05,22.0166,22.4394,21.93,22.3903
FDP,2020-10-06,22.5722,23.1379,22.4533,22.4867
FDP,2020-10-07,22.6205,22.8014,22.3903,22.4197
FDP,2020-10-08,22.6402,22.7926,22.3234,22.5428
FDP,2020-10-09,22.7641,22.8988,22.4001,22.5329
FDP,2020-10-12,22.3805,23.18,22.3805,23.0719
FDP,2020-10-13,22.7837,23.0621,22.7345,23.0138
FDP,2020-10-14,22.9942,23.2735,22.7021,22.8506
FDP,2020-10-15,22.707,23.8853,22.707,23.7987
FDP,2020-10-16,23.7123,23.9335,23.4447,23.5982
FDP,2020-10-19,23.7023,23.8381,23.0425,23.0896
FDP,2020-10-20,23.3581,23.5106,23.2047,23.3011
FDP,2020-10-21,23.367,23.5106,23.0798,23.4644
FDP,2020-10-22,23.732,24.0289,23.3011,23.9906
FDP,2020-10-23,24.1341,24.2286,23.8283,23.9816
FDP,2020-10-26,23.8283,23.8283,23.244,23.3581
FDP,2020-10-27,23.2146,23.4703,22.9657,23.0522
FDP,2020-10-28,22.5722,23.2912,21.2318,21.2592
FDP,2020-10-29,21.0763,21.4993,20.7527,21.03
FDP,2020-10-30,20.9829,21.1254,20.4173,20.6278
FDP,2020-11-02,21.0763,21.1058,20.4547,20.7724
FDP,2020-11-03,21.2228,21.5012,20.8471,21.0487
FDP,2020-11-04,20.5797,20.5993,19.842,19.9088
FDP,2020-11-05,20.0907,21.2692,19.9275,21.1354
FDP,2020-11-06,21.3566,21.395,20.1498,20.3308
FDP,2020-11-09,21.5346,22.3038,21.0242,21.1491
FDP,2020-11-10,21.5051,22.3805,21.4274,22.0441
FDP,2020-11-11,22.1788,22.3136,21.635,22.1494
FDP,2020-11-12,21.8622,22.0835,21.5248,21.7462
FDP,2020-11-13,21.9763,22.3234,21.5828,22.2664
FDP,2020-11-16,22.8329,23.6522,22.7365,23.546
FDP,2020-11-17,23.2677,23.3768,22.7562,22.8428
FDP,2020-11-18,22.9874,23.3915,22.3805,23.189
FDP,2020-11-19,23.3345,23.4683,22.7414,23.4397
FDP,2020-11-20,23.189,23.2381,22.8428,23.2184
FDP,2020-11-23,23.4781,23.8528,23.1988,23.6699
FDP,2020-11-24,23.8823,24.7794,23.4683,24.6721
FDP,2020-11-25,24.3161,24.8925,24.0456,24.2276
FDP,2020-11-27,24.0653,24.2276,23.8872,24.0948
FDP,2020-11-30,24.0083,24.5463,23.4879,24.4409
FDP,2020-12-01,24.6042,24.8344,23.7673,24.2197
FDP,2020-12-02,24.2098,24.2767,23.9119,24.085
FDP,2020-12-03,24.0555,24.4115,23.9119,24.2866
FDP,2020-12-04,24.499,24.8541,24.2767,24.8256
FDP,2020-12-07,24.9318,25.1718,24.4312,24.4793
FDP,2020-12-08,24.3063,25.1629,24.3063,24.9613
FDP,2020-12-09,25.1718,25.3842,24.7017,24.8344
FDP,2020-12-10,24.8344,25.1147,24.6918,25.0096
FDP,2020-12-11,24.7882,25.3271,24.7017,24.9712
FDP,2020-12-14,25.1049,25.6547,24.9416,24.9613
FDP,2020-12-15,24.7794,25.1816,24.7794,25.0479
FDP,2020-12-16,25.0293,25.4226,24.7882,24.8158
FDP,2020-12-17,24.8256,25.1246,24.4362,24.6721
FDP,2020-12-18,24.7499,25.1531,24.1823,24.2276
FDP,2020-12-21,23.8254,24.1332,23.2381,23.4397
FDP,2020-12-22,23.2086,23.5263,22.949,23.3345
FDP,2020-12-23,23.2961,24.1135,23.2961,23.8725
FDP,2020-12-24,24.0752,24.0948,23.6994,24.0752
FDP,2020-12-28,24.2374,24.6918,24.1823,24.3455
FDP,2020-12-29,24.2276,24.3358,23.3247,23.4004
FDP,2020-12-30,23.3817,23.5165,23.1319,23.2086
FDP,2020-12-31,23.1496,23.2774,22.8723,23.1693
FDP,2021-01-04,23.3817,23.4397,22.6805,23.2961
FDP,2021-01-05,23.2677,23.7958,23.2086,23.5844
FDP,2021-01-06,23.9404,24.8885,23.9404,24.8059
FDP,2021-01-07,24.8639,25.1442,24.68,24.9613
FDP,2021-01-08,25.0479,25.0479,24.2473,24.4696
FDP,2021-01-11,24.2473,24.5089,23.902,23.9984
FDP,2021-01-12,24.0752,24.267,23.8922,24.0555
FDP,2021-01-13,24.0752,24.2276,23.8254,23.902
FDP,2021-01-14,24.085,24.4115,23.7574,23.8254
FDP,2021-01-15,23.6039,24.0456,23.4781,23.6336
FDP,2021-01-19,23.8725,23.8725,23.5558,23.7761
FDP,2021-01-20,23.8441,24.8738,23.8154,24.6141
FDP,2021-01-21,24.5954,24.5954,23.6236,23.661
FDP,2021-01-22,23.4397,23.5844,22.9204,23.1319
FDP,2021-01-25,22.949,23.3247,22.0638,23.2774
FDP,2021-01-26,23.5558,24.0653,23.4407,23.9119
FDP,2021-01-27,23.7387,24.6042,23.5165,24.3358
FDP,2021-01-28,24.4499,24.6721,23.3444,23.9601
FDP,2021-01-29,24.1626,24.2767,23.5312,23.5558
FDP,2021-02-01,23.6896,23.729,23.0365,23.4496
FDP,2021-02-02,23.719,23.8528,23.2184,23.661
FDP,2021-02-03,23.5558,23.8823,23.3345,23.786
FDP,2021-02-04,23.8351,24.4696,23.661,24.2473
FDP,2021-02-05,24.5177,24.6426,24.1233,24.6042
FDP,2021-02-08,24.7499,25.2584,24.5089,25.2111
FDP,2021-02-09,25.2779,25.9704,25.1629,25.9144
FDP,2021-02-10,25.9803,26.0687,25.1344,25.5957
FDP,2021-02-11,25.6822,25.881,25.1648,25.6822
FDP,2021-02-12,25.4039,25.8376,25.2209,25.7019
FDP,2021-02-16,25.9901,26.115,25.0853,25.1147
FDP,2021-02-17,25.0293,25.337,24.6721,24.6918
FDP,2021-02-18,24.7115,25.337,24.3938,24.3938
FDP,2021-02-19,24.4312,24.7302,24.2276,24.3652
FDP,2021-02-22,24.2866,25.2406,24.267,25.2308
FDP,2021-02-23,24.7499,26.9344,24.5276,26.2311
FDP,2021-02-24,26.8006,28.2157,25.1629,25.5573
FDP,2021-02-25,25.4806,25.7118,23.8725,24.2197
FDP,2021-02-26,24.4409,25.3173,24.3652,24.7794
FDP,2021-03-01,24.8443,25.4226,24.4409,24.8835
FDP,2021-03-02,25.0293,25.8563,24.9219,25.3271
FDP,2021-03-03,25.3557,26.2979,25.1442,26.0098
FDP,2021-03-04,26.1248,26.6736,25.7215,26.0884
FDP,2021-03-05,26.2979,27.4054,26.2704,27.4054
FDP,2021-03-08,27.4634,28.7725,27.367,28.6673
FDP,2021-03-09,28.6673,28.9663,27.8992,28.3388
FDP,2021-03-10,28.4244,29.0824,28.1362,28.8414
FDP,2021-03-11,28.9761,29.3135,28.7341,29.1688
FDP,2021-03-12,29.3528,29.7964,29.0912,29.5357
FDP,2021-03-15,29.4009,29.6331,28.9279,29.218
FDP,2021-03-16,28.986,28.986,28.5699,28.8601
FDP,2021-03-17,28.8699,29.0056,28.1943,28.8118
FDP,2021-03-18,28.744,29.2849,28.6191,28.8502
FDP,2021-03-19,29.7777,29.8357,28.7774,29.4109
FDP,2021-03-22,29.2476,29.2997,27.372,27.6228
FDP,2021-03-23,27.2953,27.5952,26.8802,27.0632
FDP,2021-03-24,27.2382,27.8067,26.7936,26.8034
FDP,2021-03-25,26.7061,27.1792,26.2999,27.1025
FDP,2021-03-26,27.3051,27.7694,27.1123,27.7497
FDP,2021-03-29,27.5471,28.3682,27.4938,27.8263
FDP,2021-03-30,27.9916,28.1559,27.4014,27.6906
FDP,2021-03-31,27.6906,28.0378,27.3631,27.6523
FDP,2021-04-01,27.5274,27.9237,27.2382,27.8165
FDP,2021-04-05,27.9336,28.2217,27.8647,28.0673
FDP,2021-04-06,28.2317,28.5601,27.9237,28.1559
FDP,2021-04-07,28.1756,28.2611,27.0926,27.2953
FDP,2021-04-08,27.3631,27.4791,26.8222,27.4211
FDP,2021-04-09,27.5569,27.6817,27.1988,27.662
FDP,2021-04-12,27.6424,27.8362,27.3818,27.662
FDP,2021-04-13,27.4988,27.7397,27.0729,27.3818
FDP,2021-04-14,27.4595,28.1263,27.4497,27.9237
FDP,2021-04-15,28.029,28.1362,27.605,27.9818
FDP,2021-04-16,28.204,28.4244,27.8844,28.3004
FDP,2021-04-19,28.3772,28.3772,27.9237,28.2217
FDP,2021-04-20,27.9916,28.2906,27.6906,27.9139
FDP,2021-04-21,28.0969,28.7341,28.0575,28.6958
FDP,2021-04-22,28.7528,28.7627,28.2414,28.3191
FDP,2021-04-23,28.4539,28.9092,28.1166,28.6378
FDP,2021-04-26,28.744,28.9466,28.0005,28.0191
FDP,2021-04-27,28.2513,28.2611,27.5952,27.8165
FDP,2021-04-28,27.8067,28.0575,27.3631,27.3917
FDP,2021-04-29,27.43,27.8942,27.3818,27.5569
FDP,2021-04-30,27.3631,27.5471,27.1319,27.2382
FDP,2021-05-03,27.2185,28.204,27.2185,28.1756
FDP,2021-05-04,28.146,28.444,27.7791,27.8745
FDP,2021-05-05,30.7445,33.6027,30.7445,33.4493
FDP,2021-05-06,33.3902,33.4493,32.1736,33.3902
FDP,2021-05-07,33.4581,33.7079,32.7137,33.1778
FDP,2021-05-10,33.0726,33.5978,32.7047,32.8109
FDP,2021-05-11,32.7913,33.0726,32.2591,32.4146
FDP,2021-05-12,32.3959,32.9162,31.912,32.0762
FDP,2021-05-13,32.1353,34.2793,31.9798,34.1722
FDP,2021-05-14,34.2017,34.8675,34.1899,34.5203
FDP,2021-05-17,34.4328,35.323,34.2597,35.1773
FDP,2021-05-18,35.196,35.2343,34.1221,34.2371
FDP,2021-05-19,34.0925,34.363,33.3558,34.2666
FDP,2021-05-20,33.9567,34.2666,33.2211,33.4817
FDP,2021-05-21,33.705,34.005,33.4719,33.6755
FDP,2021-05-24,33.7139,33.8595,33.3853,33.6657
FDP,2021-05-25,33.5988,33.5988,33.0273,33.0569
FDP,2021-05-26,33.0569,33.165,32.7361,32.7745
FDP,2021-05-27,33.162,33.2211,32.1746,32.1844
FDP,2021-05-28,32.3979,32.5041,31.9611,32.4166
FDP,2021-06-01,32.4746,33.2781,32.2611,33.1817
FDP,2021-06-02,33.3362,33.8642,32.9486,33.705
FDP,2021-06-03,33.6086,33.8495,33.3558,33.8495
FDP,2021-06-04,33.8308,33.9617,33.52,33.9273
FDP,2021-06-07,33.8595,34.0531,33.6184,34.005
FDP,2021-06-08,33.9666,34.1024,33.5692,33.9666
FDP,2021-06-09,33.8889,33.8987,33.6273,33.7728
FDP,2021-06-10,33.7139,33.8987,33.2871,33.5791
FDP,2021-06-11,33.8987,34.0531,33.5004,33.7237
FDP,2021-06-14,33.7237,34.0237,33.172,33.4346
FDP,2021-06-15,33.4149,33.5496,32.8631,33.462
FDP,2021-06-16,33.3066,33.5349,32.988,33.0755
FDP,2021-06-17,32.9683,32.9683,31.7586,32.3201
FDP,2021-06-18,32.1066,32.1066,31.3032,31.371
FDP,2021-06-21,31.671,31.9424,31.2539,31.855
FDP,2021-06-22,31.8353,32.205,31.5452,31.9907
FDP,2021-06-23,31.9031,32.2906,31.9031,32.0487
FDP,2021-06-24,32.2514,32.688,31.9031,32.6005
FDP,2021-06-25,32.7461,33.0175,32.2317,32.2317
FDP,2021-06-28,32.0575,32.1844,31.6612,31.7586
FDP,2021-06-29,31.7487,31.7487,31.1193,31.2836
FDP,2021-06-30,31.1586,32.1019,31.1586,31.8451
FDP,2021-07-01,32.0005,32.4362,31.8451,32.0969
FDP,2021-07-02,32.0192,32.0192,31.4625,31.5165
FDP,2021-07-06,31.4674,31.4674,30.8193,31.1389
FDP,2021-07-07,31.0405,31.4478,30.6442,30.837
FDP,2021-07-08,30.2666,30.8467,30.1789,30.3727
FDP,2021-07-09,30.7022,31.5323,30.7022,31.2539
FDP,2021-07-12,31.2639,31.4084,30.9157,31.3987
FDP,2021-07-13,31.3987,31.7094,30.7996,30.8763
FDP,2021-07-14,30.9451,31.0405,30.5085,30.7318
FDP,2021-07-15,30.5567,31.0897,30.5085,31.0209
FDP,2021-07-16,31.3032,31.3032,30.7602,30.9354
FDP,2021-07-19,30.4888,30.6628,30.1495,30.4121
FDP,2021-07-20,30.5567,31.4281,30.5567,30.5961
FDP,2021-07-21,30.9254,31.4281,30.48,30.6255
FDP,2021-07-22,30.4416,30.5665,29.4433,29.52
FDP,2021-07-23,29.6272,30.4416,29.1325,30.2666
FDP,2021-07-26,30.2763,30.7701,30.2192,30.4603
FDP,2021-07-27,30.2666,30.296,29.6174,29.6468
FDP,2021-07-28,29.3361,29.8308,29.0804,29.3952
FDP,2021-07-29,29.7335,30.2379,29.5987,29.6371
FDP,2021-07-30,29.8013,30.3826,29.6941,29.8889
FDP,2021-08-02,29.8889,30.353,29.5003,29.7138
FDP,2021-08-03,29.7236,30.5085,29.4148,30.296
FDP,2021-08-04,30.4121,30.8664,29.2505,29.9075
FDP,2021-08-05,30.0147,30.1691,29.5888,29.8308
FDP,2021-08-06,29.9853,30.537,29.9853,30.121
FDP,2021-08-09,30.1495,31.0209,29.8702,30.6925
FDP,2021-08-10,30.6541,31.4084,30.5861,31.3887
FDP,2021-08-11,31.2639,31.5352,30.8467,31.2048
FDP,2021-08-12,31.3425,31.3425,30.6344,30.7121
FDP,2021-08-13,30.9638,31.1862,30.6541,31.1094
FDP,2021-08-16,30.9254,31.7674,30.5861,31.7005
FDP,2021-08-17,31.4959,31.6219,30.6393,31.0278
FDP,2021-08-18,30.8527,31.2619,30.6777,30.7366
FDP,2021-08-19,30.4446,30.8429,29.8662,30.1721
FDP,2021-08-20,30.1238,30.9973,30.1238,30.7269
FDP,2021-08-23,30.7956,31.3013,30.4357,31.0376
FDP,2021-08-24,31.0475,31.0672,30.6393,30.8429
FDP,2021-08-25,31.0081,31.5108,30.8871,31.2324
FDP,2021-08-26,31.3406,31.4664,31.0475,31.2127
FDP,2021-08-27,31.379,32.3792,31.311,32.2346
FDP,2021-08-30,32.2739,32.2739,31.3977,31.4468
FDP,2021-08-31,31.3013,32.0506,31.2127,31.9916
FDP,2021-09-01,31.9916,32.0409,31.4861,31.671
FDP,2021-09-02,31.6219,32.152,31.5342,31.7005
FDP,2021-09-03,31.7005,31.8265,31.3977,31.5255
FDP,2021-09-07,31.3013,31.3013,29.3154,29.3154
FDP,2021-09-08,29.3154,29.8416,29.16,29.579
FDP,2021-09-09,29.7197,30.0747,29.4719,29.6075
FDP,2021-09-10,29.8515,30.0117,29.2486,29.4916
FDP,2021-09-13,29.6862,30.1475,29.6862,29.9676
FDP,2021-09-14,29.939,29.9773,29.5003,29.6174
FDP,2021-09-15,29.52,30.056,29.52,29.9576
FDP,2021-09-16,30.1042,30.2509,29.5987,29.8899
FDP,2021-09-17,29.997,30.3964,29.7738,30.1721
FDP,2021-09-20,29.6075,30.2409,29.1404,29.5987
FDP,2021-09-21,29.822,29.822,29.1797,29.3154
FDP,2021-09-22,29.6075,29.8023,29.3351,29.3842
FDP,2021-09-23,29.6765,30.2509,29.6765,29.9489
FDP,2021-09-24,29.9773,30.5124,29.7049,30.2312
FDP,2021-09-27,30.3275,31.5736,30.2509,31.3504
FDP,2021-09-28,31.4861,31.7723,30.9216,31.0179
FDP,2021-09-29,31.0966,31.7821,30.776,31.6513
FDP,2021-09-30,31.6219,31.792,31.3219,31.3504
FDP,2021-10-01,31.1753,31.856,30.9216,31.612
FDP,2021-10-04,31.612,31.9434,31.5874,31.7674
FDP,2021-10-05,31.8166,32.4008,31.7487,32.3713
FDP,2021-10-06,32.1186,32.624,31.9434,32.5946
FDP,2021-10-07,32.7697,33.0332,32.4008,32.683
FDP,2021-10-08,32.7991,32.8041,32.4244,32.4883
FDP,2021-10-11,32.683,32.8631,32.4194,32.4588
FDP,2021-10-12,32.5562,32.9063,32.4982,32.5759
FDP,2021-10-13,32.4982,32.5759,32.0113,32.4686
FDP,2021-10-14,32.7894,32.9743,32.4883,32.8582
FDP,2021-10-15,33.0332,33.0824,32.5847,32.6143
FDP,2021-10-18,32.5946,32.7598,32.2838,32.2936
FDP,2021-10-19,32.2444,32.4982,31.914,32.449
FDP,2021-10-20,32.4785,33.0824,32.4539,33.0332
FDP,2021-10-21,33.0726,33.0726,32.7313,32.9162
FDP,2021-10-22,33.0037,33.0824,32.8679,32.9446
FDP,2021-10-25,32.9743,33.0824,32.8287,33.0726
FDP,2021-10-26,33.0627,33.0824,32.5661,32.5847
FDP,2021-10-27,32.4097,32.6437,32.1086,32.2346
FDP,2021-10-28,32.2936,32.6634,32.2641,32.5365
FDP,2021-10-29,32.4785,32.7214,32.3615,32.5847
FDP,2021-11-01,32.7313,33.0627,32.6339,33.0332
FDP,2021-11-02,32.984,33.043,32.5267,32.8876
FDP,2021-11-03,32.0693,32.7027,28.5542,29.0046
FDP,2021-11-04,28.9751,29.0342,27.7397,28.0702
FDP,2021-11-05,28.4007,29.2092,28.1962,28.9172
FDP,2021-11-08,28.8492,29.3066,28.2354,28.3722
FDP,2021-11-09,28.4106,28.6102,28.0005,28.265
FDP,2021-11-10,28.4302,28.684,28.1873,28.5286
FDP,2021-11-11,28.4106,28.5286,28.2847,28.4794
FDP,2021-11-12,28.6643,28.8738,28.1686,28.1971
FDP,2021-11-15,28.4499,28.5473,27.9641,28.2748
FDP,2021-11-16,28.3044,28.3535,27.845,27.8735
FDP,2021-11-17,27.7861,27.7861,26.9746,27.1409
FDP,2021-11-18,27.0031,27.0031,26.6411,26.8173
FDP,2021-11-19,26.5635,26.7297,26.2891,26.3087
FDP,2021-11-22,26.4071,27.1506,26.4071,26.8664
FDP,2021-11-23,26.8763,27.1605,26.6608,26.6805
FDP,2021-11-24,26.71,26.8083,26.4749,26.7002
FDP,2021-11-26,26.1818,26.2015,25.3508,25.9084
FDP,2021-11-29,26.0845,26.0845,25.2426,25.3213
FDP,2021-11-30,25.0086,25.2229,24.0594,24.2157
FDP,2021-12-01,24.6367,24.8029,23.5705,23.6099
FDP,2021-12-02,23.8254,24.3141,23.5805,24.0397
FDP,2021-12-03,24.1479,24.5197,23.8538,23.962
FDP,2021-12-06,24.3141,25.6045,24.3141,25.5367
FDP,2021-12-07,25.7029,26.1524,25.6341,25.7619
FDP,2021-12-08,26.0452,26.0452,25.1451,25.6832
FDP,2021-12-09,25.4187,25.6341,25.3016,25.6241
FDP,2021-12-10,25.869,25.879,25.3705,25.517
FDP,2021-12-13,25.3508,25.7521,25.0714,25.576
FDP,2021-12-14,25.4579,25.9379,25.4579,25.7521
FDP,2021-12-15,25.8396,26.4749,25.4285,26.348
FDP,2021-12-16,26.5438,26.6461,25.8298,25.879
FDP,2021-12-17,25.8199,26.4651,25.1648,26.3283
FDP,2021-12-20,26.0156,26.5832,25.7225,26.3186
FDP,2021-12-21,26.3186,26.6411,25.3803,26.0058
FDP,2021-12-22,25.869,26.3087,25.7619,26.2891
FDP,2021-12-23,25.517,26.8467,25.517,26.8083
FDP,2021-12-27,27.013,27.0326,26.4367,26.8566
FDP,2021-12-28,26.6225,27.3267,26.5734,27.2579
FDP,2021-12-29,27.1212,27.6002,26.9844,27.1212
FDP,2021-12-30,27.2776,27.2776,26.7297,26.8173
FDP,2021-12-31,26.7199,27.131,26.6707,26.9933
FDP,2022-01-03,27.1409,27.3553,26.8467,27.0522
FDP,2022-01-04,27.2382,27.6877,27.2382,27.6002
FDP,2022-01-05,27.7761,28.3732,27.7614,28.0015
FDP,2022-01-06,27.8637,28.3438,27.8254,27.9621
FDP,2022-01-07,28.0989,28.51,27.9719,28.4312
FDP,2022-01-10,28.5591,28.5974,27.6877,27.845
FDP,2022-01-11,27.9719,28.0889,27.2874,27.7958
FDP,2022-01-12,27.8254,28.0989,27.248,27.4437
FDP,2022-01-13,27.5805,28.4903,27.5805,28.2354
FDP,2022-01-14,28.0496,28.4804,27.9503,28.3535
FDP,2022-01-18,28.2157,28.2157,27.6199,27.8057
FDP,2022-01-19,27.9227,28.1971,27.3602,28.0398
FDP,2022-01-20,27.9621,28.1086,27.3553,27.3946
FDP,2022-01-21,27.4831,28.2354,27.189,27.4634
FDP,2022-01-24,27.3366,27.7369,26.9057,27.5412
FDP,2022-01-25,27.2677,27.3169,26.4367,27.2087
FDP,2022-01-26,26.8664,27.6493,26.5635,26.8763
FDP,2022-01-27,26.8083,27.4437,26.5537,26.7986
FDP,2022-01-28,26.6127,27.013,26.2891,27.0031
FDP,2022-01-31,26.7789,27.365,26.5045,27.2185
FDP,2022-02-01,27.365,27.4929,26.9746,27.3267
FDP,2022-02-02,27.0031,27.3798,26.9648,27.2677
FDP,2022-02-03,27.2185,27.4988,27.013,27.1015
FDP,2022-02-04,27.0719,27.1605,26.4563,26.886
FDP,2022-02-07,26.9157,26.9648,26.6029,26.886
FDP,2022-02-08,27.013,27.4634,26.9451,27.4142
FDP,2022-02-09,27.4733,27.5412,26.9008,27.0031
FDP,2022-02-10,26.7592,27.1792,26.6363,26.6903
FDP,2022-02-11,26.7887,27.3553,26.7887,27.1988
FDP,2022-02-14,27.4044,27.4634,26.8763,27.1015
FDP,2022-02-15,27.248,27.6396,27.1113,27.4536
FDP,2022-02-16,27.5312,28.1971,27.3847,28.0989
FDP,2022-02-17,27.8155,28.4312,27.7664,28.265
FDP,2022-02-18,28.0309,28.4116,27.8735,28.1775
FDP,2022-02-22,28.0211,28.0496,27.4437,27.5412
FDP,2022-02-23,26.1721,26.5291,24.2257,24.9002
FDP,2022-02-24,24.979,25.5367,24.2305,24.8226
FDP,2022-02-25,24.7056,26.2891,24.7056,25.6734
FDP,2022-02-28,25.5071,25.6931,24.9889,25.3114
FDP,2022-03-01,25.038,25.8593,24.979,25.6734
FDP,2022-03-02,25.6341,26.0206,25.6341,25.9084
FDP,2022-03-03,26.0156,26.2989,25.5563,25.9468
FDP,2022-03-04,25.6538,26.2311,25.5465,26.0058
FDP,2022-03-07,26.0156,26.9933,25.8887,26.2015
FDP,2022-03-08,26.1032,26.1721,25.5524,25.5917
FDP,2022-03-09,25.7492,25.7492,25.1098,25.4737
FDP,2022-03-10,25.1688,25.2574,24.2688,24.6771
FDP,2022-03-11,24.7164,24.9721,24.0427,24.1066
FDP,2022-03-14,24.4115,24.6377,24.1361,24.5099
FDP,2022-03-15,24.6181,25.277,24.5984,25.0901
FDP,2022-03-16,25.1983,25.7492,24.9426,25.6311
FDP,2022-03-17,25.6705,26.1622,25.4639,25.8573
FDP,2022-03-18,26.3293,26.3293,25.4737,25.818
FDP,2022-03-21,25.6311,25.8573,25.2082,25.336
FDP,2022-03-22,25.3557,25.5426,24.9722,25.0016
FDP,2022-03-23,24.9426,25.2967,24.7312,24.9819
FDP,2022-03-24,25.1294,25.3261,25.031,25.3066
FDP,2022-03-25,25.4933,26.0934,25.4245,26.0835
FDP,2022-03-28,25.877,26.1179,25.6901,26.0147
FDP,2022-03-29,26.1622,26.3196,25.4541,25.6802
FDP,2022-03-30,25.9851,26.3196,25.4393,25.572
FDP,2022-03-31,25.4344,25.9458,25.2475,25.4836
FDP,2022-04-01,25.572,26.0737,25.572,26.0639
FDP,2022-04-04,25.8278,26.0934,25.0507,25.8376
FDP,2022-04-05,25.6311,26.0403,24.9623,25.1294
FDP,2022-04-06,25.2377,25.6508,24.9032,25.3557
FDP,2022-04-07,25.572,26.0737,25.1442,25.9458
FDP,2022-04-08,26.0835,26.1622,25.7589,25.7786
FDP,2022-04-11,26.0442,26.2999,25.7048,25.7786
FDP,2022-04-12,25.936,26.0737,25.8475,25.9164
FDP,2022-04-13,25.9851,26.7327,25.9557,26.4277
FDP,2022-04-14,26.5458,26.7228,26.0343,26.1425
FDP,2022-04-18,26.1228,26.6578,26.0737,26.3196
FDP,2022-04-19,26.4277,27.2244,26.4277,27.1261
FDP,2022-04-20,27.2539,27.9115,27.1753,27.3523
FDP,2022-04-21,27.2933,27.4113,26.6343,26.6835
FDP,2022-04-22,26.6343,26.9687,26.3196,26.3983
FDP,2022-04-25,26.5261,26.5261,25.0507,25.6802
FDP,2022-04-26,25.5917,25.8081,25.3066,25.4541
FDP,2022-04-27,25.7589,26.3393,25.513,25.6999
FDP,2022-04-28,25.7983,26.5605,25.4639,26.4277
FDP,2022-04-29,26.29,26.536,25.5229,25.6212
FDP,2022-05-02,25.6212,25.995,24.741,25.1098
FDP,2022-05-03,25.2574,25.4049,24.8492,25.0507
FDP,2022-05-04,25.6409,25.6409,23.7427,24.3427
FDP,2022-05-05,24.1459,24.3525,23.0345,23.6739
FDP,2022-05-06,23.733,23.9788,23.4377,23.7133
FDP,2022-05-09,23.5558,24.4706,23.5558,24.1558
FDP,2022-05-10,24.2247,24.4115,23.6739,24.0083
FDP,2022-05-11,24.1361,24.4509,23.6493,24.1361
FDP,2022-05-12,24.1853,24.5099,23.9788,24.1951
FDP,2022-05-13,24.2344,24.6279,24.1459,24.4016
FDP,2022-05-16,24.4902,24.6967,24.2148,24.6279
FDP,2022-05-17,24.4894,25.2562,24.3904,25.0633
FDP,2022-05-18,25.1029,25.1029,24.054,24.331
FDP,2022-05-19,24.0639,24.242,23.6483,24.0144
FDP,2022-05-20,24.143,24.3806,22.827,23.2921
FDP,2022-05-23,23.5197,23.9946,23.3515,23.49
FDP,2022-05-24,23.5493,23.6779,22.5895,23.4801
FDP,2022-05-25,23.5791,24.4894,23.5791,24.4102
FDP,2022-05-26,24.6774,25.1622,24.5388,25.0039
FDP,2022-05-27,25.5184,25.8252,24.7961,25.0929
FDP,2022-05-31,24.9445,25.3997,24.6823,25.271
FDP,2022-06-01,25.5678,25.5876,24.6971,25.1523
FDP,2022-06-02,25.1622,25.3304,24.712,25.0039
FDP,2022-06-03,24.9247,25.1226,24.4894,24.6576
FDP,2022-06-06,25.0137,25.1721,24.5487,24.7565
FDP,2022-06-07,24.5883,25.0633,24.4992,25.0335
FDP,2022-06-08,25.0335,25.2413,24.618,24.7169
FDP,2022-06-09,24.6872,25.0237,24.3508,24.4003
FDP,2022-06-10,24.242,24.2519,23.8462,24.0639
FDP,2022-06-13,24.0045,24.0738,23.3515,23.4306
FDP,2022-06-14,23.5791,23.6681,23.2426,23.5493
FDP,2022-06-15,23.7175,23.9253,23.4405,23.4603
FDP,2022-06-16,23.2624,23.2723,22.6885,22.7479
FDP,2022-06-17,22.9556,23.104,22.3917,22.5797
FDP,2022-06-21,22.8864,23.8067,22.7776,23.5889
FDP,2022-06-22,23.4405,24.2321,23.4405,24.1826
FDP,2022-06-23,24.1035,25.7856,24.1035,25.7262
FDP,2022-06-24,25.8845,27.25,25.8746,27.1609
FDP,2022-06-27,27.2994,27.3786,25.9488,27.2401
FDP,2022-06-28,27.3588,28.0811,27.3588,27.7546
FDP,2022-06-29,27.6557,29.0508,27.2401,28.9123
FDP,2022-06-30,28.5759,29.4466,28.368,29.219
FDP,2022-07-01,29.0607,30.1243,29.0607,30.0897
FDP,2022-07-05,29.7929,30.2481,29.0113,30.1689
FDP,2022-07-06,29.9017,30.9407,29.5604,30.9407
FDP,2022-07-07,30.8714,31.1089,29.4466,29.7632
FDP,2022-07-08,29.7434,30.3569,29.5852,30.0799
FDP,2022-07-11,29.6247,30.2481,29.6247,29.8424
FDP,2022-07-12,29.8523,30.2877,29.2982,29.4169
FDP,2022-07-13,29.1597,29.8622,29.1597,29.6247
FDP,2022-07-14,29.219,29.4862,28.8331,29.3774
FDP,2022-07-15,29.7929,30.0353,29.2091,29.9215
FDP,2022-07-18,30.812,30.9011,29.506,29.506
FDP,2022-07-19,29.684,29.9661,29.3674,29.5852
FDP,2022-07-20,29.7138,30.2085,28.9419,29.4564
FDP,2022-07-21,29.0607,29.3278,28.0465,28.1702
FDP,2022-07-22,28.4571,29.2734,28.4571,28.9023
FDP,2022-07-25,28.9221,29.2982,28.566,28.6748
FDP,2022-07-26,28.5264,28.7639,28.3582,28.7539
FDP,2022-07-27,29.0706,29.5752,28.4868,29.3872
FDP,2022-07-28,29.5158,30.0897,29.2883,29.971
FDP,2022-07-29,29.7138,29.7632,29.3872,29.3971
FDP,2022-08-01,29.2784,30.2283,29.2784,30.0205
FDP,2022-08-02,30.1887,30.1887,29.5752,29.7038
FDP,2022-08-03,28.655,28.8035,28.002,28.5759
FDP,2022-08-04,28.5561,28.7341,28.0118,28.5165
FDP,2022-08-05,28.467,29.318,28.18,29.031
FDP,2022-08-08,28.6451,28.7441,27.8832,27.9921
FDP,2022-08-09,28.0218,28.2988,27.6557,27.8041
FDP,2022-08-10,28.2592,28.2592,27.7942,27.8041
FDP,2022-08-11,28.1306,29.2042,28.0316,28.4472
FDP,2022-08-12,28.5462,29.0607,28.289,28.7935
FDP,2022-08-15,28.5462,28.9815,28.3482,28.6055
FDP,2022-08-16,28.3171,29.1824,28.3171,29.1227
FDP,2022-08-17,28.8443,29.1625,28.2276,28.9835
FDP,2022-08-18,29.0531,29.1625,28.6453,29.1128
FDP,2022-08-19,28.9636,28.9636,28.526,28.8045
FDP,2022-08-22,28.7448,28.8045,28.1381,28.4066
FDP,2022-08-23,28.3072,28.4265,27.6905,28.158
FDP,2022-08-24,28.3569,28.3569,27.9391,28.0386
FDP,2022-08-25,27.8695,28.6354,27.8397,28.2773
FDP,2022-08-26,28.0983,28.4762,27.6557,27.7402
FDP,2022-08-29,27.6109,28.2475,27.3722,27.9093
FDP,2022-08-30,28.1381,28.1381,27.3324,27.3523
FDP,2022-08-31,27.3623,27.3821,27.0738,27.1932
FDP,2022-09-01,27.0639,27.0937,26.7058,26.7854
FDP,2022-09-02,27.0639,27.1683,26.6213,26.7854
FDP,2022-09-06,26.666,26.7257,24.3883,24.6071
FDP,2022-09-07,24.7762,25.751,24.5176,25.7112
FDP,2022-09-08,25.5122,25.8405,24.7961,25.3531
FDP,2022-09-09,25.4924,25.8007,25.2437,25.5023
FDP,2022-09-12,25.6217,27.3026,25.194,25.2437
FDP,2022-09-13,24.7464,25.6018,24.7464,25.2636
FDP,2022-09-14,25.4028,25.4028,24.2192,24.6867
FDP,2022-09-15,24.7066,24.9403,24.3983,24.448
FDP,2022-09-16,24.4281,24.7663,24.1098,24.7663
FDP,2022-09-19,24.7663,25.3332,24.7663,25.2337
FDP,2022-09-20,25.0448,25.5222,24.7961,25.3829
FDP,2022-09-21,25.8504,26.0493,25.4376,25.5122
FDP,2022-09-22,25.4327,25.4327,24.9851,25.184
FDP,2022-09-23,24.9354,24.9354,24.1695,24.269
FDP,2022-09-26,24.4182,24.6469,24.0999,24.3187
FDP,2022-09-27,24.4977,24.7066,23.8413,23.9109
FDP,2022-09-28,24.1496,24.2093,23.5329,23.9606
FDP,2022-09-29,23.8313,23.8313,22.966,23.4136
FDP,2022-09-30,23.5329,23.7219,23.0655,23.1152
FDP,2022-10-03,23.3042,23.5429,23.0058,23.513
FDP,2022-10-04,23.8114,24.6966,23.8114,24.5077
FDP,2022-10-05,24.3684,24.5574,24.075,24.1695
FDP,2022-10-06,24.0402,24.1794,23.5727,23.6622
FDP,2022-10-07,23.6423,23.6493,23.1848,23.5429
FDP,2022-10-10,23.6026,24.2839,23.6026,24.0999
FDP,2022-10-11,23.9407,24.7762,23.9407,24.6171
FDP,2022-10-12,24.6668,24.8061,24.3983,24.4281
FDP,2022-10-13,24.2988,25.5321,24.2789,25.4824
FDP,2022-10-14,25.4924,25.8703,24.7767,24.9652
FDP,2022-10-17,25.1641,25.4227,24.7862,24.9155
FDP,2022-10-18,25.1641,25.3829,24.8657,25.194
FDP,2022-10-19,25.1343,25.3929,24.8956,25.2536
FDP,2022-10-20,25.1442,25.4526,24.6469,24.8956
FDP,2022-10-21,25.0846,25.7609,24.7961,25.4924
FDP,2022-10-24,25.4924,25.9598,25.4725,25.751
FDP,2022-10-25,25.7907,26.0842,25.6316,25.741
FDP,2022-10-26,25.9399,26.1786,25.5819,25.7112
FDP,2022-10-27,25.8803,26.1637,25.6316,25.7609
FDP,2022-10-28,25.8803,26.2781,25.7907,26.1289
FDP,2022-10-31,25.9897,26.1588,25.8703,25.9399
FDP,2022-11-01,26.0394,26.0394,25.3233,25.8604
FDP,2022-11-02,28.884,28.884,25.7112,26.9346
FDP,2022-11-03,26.666,27.1832,26.4969,26.5069
FDP,2022-11-04,26.6163,27.3921,26.3179,27.3225
FDP,2022-11-07,27.4319,28.2773,27.3821,27.7004
FDP,2022-11-08,27.8496,28.4365,27.6348,27.9093
FDP,2022-11-09,27.8894,28.1779,27.6408,27.8397
FDP,2022-11-10,28.516,28.8592,28.158,28.2773
FDP,2022-11-11,28.148,28.3469,27.7203,27.8795
FDP,2022-11-14,27.8198,28.6951,27.7303,27.78
FDP,2022-11-15,28.11,28.325,27.76,27.86
FDP,2022-11-16,27.98,28.05,27.58,27.72
FDP,2022-11-17,27.35,27.58,27.03,27.26
FDP,2022-11-18,27.68,27.68,26.97,27.37
FDP,2022-11-21,27.4,27.76,27.25,27.39
FDP,2022-11-22,27.95,27.95,27.265,27.47
FDP,2022-11-23,27.58,27.64,27.19,27.38
FDP,2022-11-25,27.4,27.8,27.26,27.42
FDP,2022-11-28,27.42,27.66,27.21,27.23
FDP,2022-11-29,27.39,27.47,26.66,26.78
FDP,2022-11-30,26.76,27.68,26.45,27.68
FDP,2022-12-01,27.62,27.76,27.15,27.33
FDP,2022-12-02,27.15,27.52,26.99,27.21
FDP,2022-12-05,26.97,27.22,26.77,27.12
FDP,2022-12-06,27.19,27.55,26.96,27.1
FDP,2022-12-07,27.18,27.48,26.91,27.05
FDP,2022-12-08,26.99,27.25,26.79,26.94
FDP,2022-12-09,26.84,27.205,26.74,26.79
FDP,2022-12-12,26.8,26.92,26.33,26.71
FDP,2022-12-13,27.06,27.15,26.12,26.39
FDP,2022-12-14,26.39,26.65,26.18,26.54
FDP,2022-12-15,26.4,26.4,25.42,25.52
FDP,2022-12-16,25.24,25.26,24.87,25.17
FDP,2022-12-19,25.28,26.12,25.28,26.07
FDP,2022-12-20,26.13,26.26,25.82,26.21
FDP,2022-12-21,26.4,26.45,26.14,26.36
FDP,2022-12-22,26.28,26.32,25.87,26.07
FDP,2022-12-23,26.12,26.34,26.09,26.13
FDP,2022-12-27,26.08,26.49,26.08,26.45
FDP,2022-12-28,26.51,26.75,25.99,25.99
FDP,2022-12-29,26.11,26.39,25.885,26.38
FDP,2022-12-30,26.35,26.47,26.0902,26.19
FDP,2023-01-03,26.2,26.59,26.2,26.45
FDP,2023-01-04,26.63,27.32,26.63,26.69
FDP,2023-01-05,26.73,26.79,26.19,26.57
FDP,2023-01-06,26.73,27.24,26.73,26.89
FDP,2023-01-09,26.98,27.0505,26.51,26.67
FDP,2023-01-10,26.68,27.12,26.6,26.81
FDP,2023-01-11,26.8,27.17,26.734,27.07
FDP,2023-01-12,27.19,27.63,26.9825,27.58
FDP,2023-01-13,27.37,28.055,27.37,27.99
FDP,2023-01-17,27.99,28.09,27.725,28.06
FDP,2023-01-18,28.04,28.05,27.1,27.11
FDP,2023-01-19,27.0,27.39,27.0,27.19
FDP,2023-01-20,27.41,27.41,27.02,27.25
FDP,2023-01-23,27.15,27.5,27.02,27.04
FDP,2023-01-24,26.96,27.31,26.96,27.17
FDP,2023-01-25,27.15,27.5,27.017,27.49
FDP,2023-01-26,27.54,27.585,27.21,27.31
FDP,2023-01-27,27.34,27.59,27.2,27.29
FDP,2023-01-30,27.13,27.68,27.13,27.66
FDP,2023-01-31,27.79,28.64,27.7116,28.6
FDP,2023-02-01,28.5,28.74,28.44,28.52
FDP,2023-02-02,28.76,29.15,28.35,28.7
FDP,2023-02-03,28.57,29.1,28.41,28.88
FDP,2023-02-06,28.82,28.99,28.445,28.85
FDP,2023-02-07,28.62,29.01,28.34,28.75
FDP,2023-02-08,28.53,28.53,28.1,28.21
FDP,2023-02-09,28.41,28.54,28.06,28.41
FDP,2023-02-10,28.29,28.62,28.29,28.49
FDP,2023-02-13,28.57,28.76,28.3,28.62
FDP,2023-02-14,28.38,28.59,28.18,28.24
FDP,2023-02-15,28.11,28.58,27.78,28.57
FDP,2023-02-16,28.31,28.375,27.94,28.2
FDP,2023-02-17,28.49,28.95,28.18,28.84
FDP,2023-02-21,28.77,28.87,28.47,28.63
FDP,2023-02-22,30.18,31.72,29.72,31.5
FDP,2023-02-23,31.59,31.79,30.4488,30.83
FDP,2023-02-24,30.55,31.21,30.33,31.04
FDP,2023-02-27,31.13,31.83,30.86,31.07
FDP,2023-02-28,30.92,31.46,30.92,31.28
FDP,2023-03-01,31.21,31.9,31.02,31.69
FDP,2023-03-02,31.58,32.49,31.48,32.13
FDP,2023-03-03,32.05,32.31,31.6401,32.09
FDP,2023-03-06,32.06,32.06,31.21,31.59
FDP,2023-03-07,31.43,31.4915,30.76,31.29
FDP,2023-03-08,31.25,31.25,30.96,31.21
FDP,2023-03-09,31.3,31.32,30.71,30.81
FDP,2023-03-10,30.84,30.84,30.42,30.49
FDP,2023-03-13,30.21,30.67,29.73,29.74
FDP,2023-03-14,30.21,30.93,30.21,30.5
FDP,2023-03-15,30.06,30.4,29.65,30.25
FDP,2023-03-16,29.99,30.32,29.53,30.28
FDP,2023-03-17,30.08,30.1,29.15,29.34
FDP,2023-03-20,29.72,30.09,29.72,29.91
FDP,2023-03-21,30.14,30.33,29.68,29.86
FDP,2023-03-22,29.94,30.04,29.46,29.47
FDP,2023-03-23,29.52,29.61,28.78,29.1
FDP,2023-03-24,29.05,29.89,28.94,29.8
FDP,2023-03-27,30.12,30.52,29.82,30.25
FDP,2023-03-28,30.26,30.4575,29.86,30.19
FDP,2023-03-29,30.44,30.44,30.01,30.04
FDP,2023-03-30,30.08,30.325,30.01,30.1
FDP,2023-03-31,30.18,30.31,29.99,30.11
FDP,2023-04-03,30.12,30.62,30.0,30.35
FDP,2023-04-04,30.54,30.54,29.88,30.04
FDP,2023-04-05,30.04,30.55,30.04,30.5
FDP,2023-04-06,30.67,30.95,30.16,30.26
FDP,2023-04-10,30.3,30.59,30.01,30.11
FDP,2023-04-11,30.08,30.4,29.78,29.94
FDP,2023-04-12,29.96,30.4,29.96,30.25
FDP,2023-04-13,30.22,30.35,30.01,30.15
FDP,2023-04-14,30.16,30.3,29.56,29.64
FDP,2023-04-17,29.73,29.975,29.575,29.72
FDP,2023-04-18,29.61,30.02,29.315,29.6
FDP,2023-04-19,29.65,29.71,29.44,29.57
FDP,2023-04-20,29.41,29.47,28.97,29.27
FDP,2023-04-21,29.41,29.9,29.29,29.44
FDP,2023-04-24,29.4,29.49,29.08,29.14
FDP,2023-04-25,28.95,29.36,28.88,28.89
FDP,2023-04-26,28.72,29.05,28.4,28.48
FDP,2023-04-27,28.51,28.8,28.4,28.63
FDP,2023-04-28,28.61,28.81,28.4,28.71
FDP,2023-05-01,28.72,29.13,28.51,28.7
FDP,2023-05-02,28.59,28.71,28.25,28.58
FDP,2023-05-03,27.61,28.61,26.24,26.47
FDP,2023-05-04,26.29,26.74,25.97,26.51
FDP,2023-05-05,26.69,27.14,26.52,27.0
FDP,2023-05-08,27.18,28.18,27.1401,27.48
FDP,2023-05-09,27.5,27.585,27.15,27.35
FDP,2023-05-10,27.61,27.69,27.21,27.4
FDP,2023-05-11,27.36,27.54,27.2862,27.37
FDP,2023-05-12,27.4,27.54,26.85,26.99
FDP,2023-05-15,27.17,27.3854,26.64,26.7
FDP,2023-05-16,26.4,26.5747,26.21,26.25
FDP,2023-05-17,26.3,26.47,26.02,26.38
FDP,2023-05-18,26.26,26.67,26.26,26.59
FDP,2023-05-19,26.76,26.97,26.54,26.59
FDP,2023-05-22,26.72,26.85,26.42,26.5
FDP,2023-05-23,26.45,27.515,26.4096,27.1
FDP,2023-05-24,27.1,27.37,26.71,26.71
FDP,2023-05-25,26.49,26.826,26.3071,26.64
FDP,2023-05-26,26.5,26.73,26.45,26.54
FDP,2023-05-30,26.5,26.5,26.18,26.33
FDP,2023-05-31,26.38,26.565,26.23,26.36
FDP,2023-06-01,26.31,26.5,26.11,26.14
FDP,2023-06-02,26.37,26.9,26.295,26.85
FDP,2023-06-05,26.74,26.74,25.8,25.83
FDP,2023-06-06,25.87,26.5989,25.81,26.47
FDP,2023-06-07,26.39,27.3,26.39,27.18
FDP,2023-06-08,27.02,27.34,26.67,27.34
FDP,2023-06-09,27.24,27.26,26.84,26.89
FDP,2023-06-12,26.97,27.125,26.79,26.96
FDP,2023-06-13,27.05,27.345,27.0,27.0
FDP,2023-06-14,26.93,27.28,26.78,27.0
FDP,2023-06-15,26.91,27.245,26.765,27.16
FDP,2023-06-16,27.25,27.25,26.77,26.88
FDP,2023-06-20,26.93,27.13,26.71,26.87
FDP,2023-06-21,26.66,27.31,26.58,27.08
FDP,2023-06-22,27.18,27.18,26.61,26.68
FDP,2023-06-23,26.6,26.86,25.57,25.74
FDP,2023-06-26,25.84,26.3,25.81,25.84
FDP,2023-06-27,25.81,26.56,25.63,25.66
FDP,2023-06-28,25.56,25.56,24.8,25.15
FDP,2023-06-29,25.23,25.6,25.1,25.51
FDP,2023-06-30,25.63,25.77,25.5265,25.71
FDP,2023-07-03,25.49,25.91,25.49,25.73
FDP,2023-07-05,25.59,25.72,25.4014,25.61
FDP,2023-07-06,25.4,25.52,25.15,25.51
FDP,2023-07-07,25.52,25.8284,25.48,25.48
FDP,2023-07-10,25.51,25.96,25.12,25.2
FDP,2023-07-11,25.34,25.61,25.27,25.48
FDP,2023-07-12,25.76,25.89,25.61,25.69
FDP,2023-07-13,25.75,25.8,25.58,25.71
FDP,2023-07-14,25.67,25.78,25.45,25.75
FDP,2023-07-17,25.75,26.01,25.69,25.75
FDP,2023-07-18,25.82,26.469,25.82,25.96
FDP,2023-07-19,26.12,26.405,26.035,26.35
FDP,2023-07-20,26.46,26.63,26.19,26.6
FDP,2023-07-21,26.7,26.7,26.32,26.33
FDP,2023-07-24,26.36,26.585,26.2715,26.42
FDP,2023-07-25,26.49,26.63,26.29,26.55
FDP,2023-07-26,26.61,26.9375,26.485,26.75
FDP,2023-07-27,26.8,26.85,26.38,26.45
FDP,2023-07-28,26.66,26.71,26.27,26.35
FDP,2023-07-31,26.4,26.76,26.37,26.58
FDP,2023-08-01,26.54,26.81,26.235,26.46
FDP,2023-08-02,28.19,28.3,27.563,27.7
FDP,2023-08-03,27.85,28.01,27.479,27.69
FDP,2023-08-04,27.73,28.15,27.73,27.9
FDP,2023-08-07,27.86,28.55,27.86,28.49
FDP,2023-08-08,28.27,28.54,27.86,28.5
FDP,2023-08-09,28.33,28.395,27.52,27.61
FDP,2023-08-10,27.56,27.82,27.51,27.52
FDP,2023-08-11,27.58,27.96,27.57,27.88
FDP,2023-08-14,27.9,27.9,27.16,27.21
FDP,2023-08-15,26.91,26.91,26.63,26.64
FDP,2023-08-16,26.61,26.77,26.18,26.19
FDP,2023-08-17,26.37,26.83,26.35,26.73
FDP,2023-08-18,26.61,27.19,26.601,26.67
FDP,2023-08-21,26.61,26.84,26.26,26.29
FDP,2023-08-22,26.23,26.36,25.77,25.77
FDP,2023-08-23,25.83,26.11,25.78,26.1
FDP,2023-08-24,26.01,26.34,25.88,25.92
FDP,2023-08-25,25.92,26.095,25.89,26.0
FDP,2023-08-28,26.11,26.37,25.77,25.79
FDP,2023-08-29,25.87,26.0,25.57,25.88
FDP,2023-08-30,25.83,26.07,25.83,26.01
FDP,2023-08-31,25.89,26.08,25.53,25.55
FDP,2023-09-01,25.67,26.54,25.64,26.49
FDP,2023-09-05,26.33,26.4375,24.98,25.0
FDP,2023-09-06,25.09,25.41,25.09,25.15
FDP,2023-09-07,25.2,25.325,24.86,24.99
FDP,2023-09-08,24.99,25.25,24.87,25.22
FDP,2023-09-11,25.15,25.395,24.91,25.04
FDP,2023-09-12,25.18,25.41,24.99,25.04
FDP,2023-09-13,25.12,25.295,25.0,25.26
FDP,2023-09-14,25.51,25.7,25.42,25.49
FDP,2023-09-15,25.45,25.74,25.42,25.45
FDP,2023-09-18,25.48,25.72,25.16,25.37
FDP,2023-09-19,25.43,25.605,25.17,25.24
FDP,2023-09-20,25.4,25.945,25.39,25.5
FDP,2023-09-21,25.6,26.13,25.4,25.95
FDP,2023-09-22,25.82,26.09,25.76,25.77
FDP,2023-09-25,25.79,26.01,25.74,25.84
FDP,2023-09-26,25.64,26.01,25.64,25.75
FDP,2023-09-27,25.78,26.125,25.61,26.1
FDP,2023-09-28,26.08,26.51,25.905,26.01
FDP,2023-09-29,25.97,26.22,25.64,25.84
FDP,2023-10-02,25.92,25.92,25.5,25.73
FDP,2023-10-03,25.54,25.72,25.47,25.59
FDP,2023-10-04,25.44,25.73,25.24,25.69
FDP,2023-10-05,25.52,25.955,25.52,25.83
FDP,2023-10-06,25.67,25.95,25.3,25.62
FDP,2023-10-09,25.66,26.0,25.53,25.83
FDP,2023-10-10,25.93,26.045,25.67,25.68
FDP,2023-10-11,25.7,26.13,25.7,26.01
FDP,2023-10-12,26.1,26.1,25.38,25.46
FDP,2023-10-13,25.62,25.705,25.12,25.35
FDP,2023-10-16,25.49,25.8075,25.43,25.7
FDP,2023-10-17,25.61,26.02,25.61,25.85
FDP,2023-10-18,25.72,26.165,25.705,25.85
FDP,2023-10-19,25.9,25.92,25.35,25.4
FDP,2023-10-20,25.48,25.61,25.34,25.42
FDP,2023-10-23,25.25,25.5,25.01,25.03
FDP,2023-10-24,25.07,25.41,24.53,25.1
FDP,2023-10-25,25.04,25.49,25.02,25.32
FDP,2023-10-26,25.49,25.68,25.36,25.41
FDP,2023-10-27,25.37,25.44,24.99,25.01
FDP,2023-10-30,25.21,25.43,25.0,25.28
FDP,2023-10-31,25.18,25.58,24.88,25.0
FDP,2023-11-01,23.795,23.795,21.41,21.48
FDP,2023-11-02,22.27,23.178,21.76,22.75
FDP,2023-11-03,23.22,24.19,22.95,23.0
FDP,2023-11-06,22.92,23.6999,22.92,23.5
FDP,2023-11-07,23.5,24.08,23.5,23.81
FDP,2023-11-08,23.84,23.95,23.38,23.53
FDP,2023-11-09,23.63,23.94,23.53,23.69
FDP,2023-11-10,23.66,23.9585,23.31,23.58
FDP,2023-11-13,23.41,23.66,23.41,23.54
FDP,2023-11-14,23.88,24.16,23.302,24.13
FDP,2023-11-15,24.15,24.33,23.94,24.1
FDP,2023-11-16,24.09,24.17,23.36,23.46
FDP,2023-11-17,23.6,23.84,23.26,23.33
FDP,2023-11-20,23.28,23.46,23.065,23.43
FDP,2023-11-21,23.48,23.68,23.12,23.19
FDP,2023-11-22,23.39,23.51,23.2,23.33
FDP,2023-11-24,23.41,23.58,23.345,23.45
FDP,2023-11-27,23.36,23.515,23.11,23.35
FDP,2023-11-28,23.35,23.38,23.22,23.29
FDP,2023-11-29,23.27,23.4699,22.89,23.01
FDP,2023-11-30,23.06,23.13,22.72,22.8
FDP,2023-12-01,22.79,23.41,22.63,23.22
FDP,2023-12-04,23.25,23.84,23.25,23.83
FDP,2023-12-05,23.85,24.12,23.6675,23.83
FDP,2023-12-06,23.83,23.97,23.56,23.65
FDP,2023-12-07,23.75,24.31,23.523,24.31
FDP,2023-12-08,24.32,24.32,23.74,23.85
FDP,2023-12-11,23.87,24.325,23.87,24.2
FDP,2023-12-12,24.12,24.46,23.92,24.39
FDP,2023-12-13,24.38,25.395,24.31,25.32
FDP,2023-12-14,25.46,25.77,25.01,25.14
FDP,2023-12-15,25.24,25.34,24.81,24.97
FDP,2023-12-18,24.95,25.235,24.76,25.11
FDP,2023-12-19,25.27,25.76,25.26,25.73
FDP,2023-12-20,25.72,26.05,25.1401,25.5
FDP,2023-12-21,25.52,25.89,25.39,25.87
FDP,2023-12-22,25.97,26.355,25.97,26.04
FDP,2023-12-26,26.1,26.47,25.895,26.4
FDP,2023-12-27,26.44,26.52,26.24,26.27
FDP,2023-12-28,26.27,26.465,26.11,26.32
FDP,2023-12-29,26.2,26.36,26.12,26.25
FDP,2024-01-02,26.29,27.63,26.27,27.6
FDP,2024-01-03,27.64,27.87,27.16,27.31
FDP,2024-01-04,27.49,27.53,26.55,27.31
FDP,2024-01-05,27.14,27.6,26.8,27.1
FDP,2024-01-08,27.09,27.435,27.05,27.15
FDP,2024-01-09,26.98,27.15,25.54,25.7
FDP,2024-01-10,25.7,26.055,25.65,25.77
FDP,2024-01-11,25.76,25.95,25.59,25.8
FDP,2024-01-12,26.2,26.2,25.56,25.64
FDP,2024-01-16,25.67,25.67,25.08,25.12
FDP,2024-01-17,25.0,25.33,24.9119,25.17
FDP,2024-01-18,25.21,25.32,24.95,25.15
FDP,2024-01-19,25.24,25.24,24.77,25.0
FDP,2024-01-22,25.0,25.24,24.87,25.1
FDP,2024-01-23,25.36,25.4899,25.08,25.12
FDP,2024-01-24,25.29,25.29,24.8,24.94
FDP,2024-01-25,25.15,25.2,24.81,25.19
FDP,2024-01-26,25.36,25.36,24.928,25.11
FDP,2024-01-29,25.19,25.24,24.94,25.04
FDP,2024-01-30,24.93,25.17,24.93,25.04
FDP,2024-01-31,25.04,25.25,24.58,24.58
FDP,2024-02-01,24.65,24.85,24.46,24.64
FDP,2024-02-02,24.43,24.57,24.13,24.53
FDP,2024-02-05,24.39,24.39,23.78,23.79
FDP,2024-02-06,23.79,24.519,23.7749,24.27
FDP,2024-02-07,24.45,24.45,23.85,23.92
FDP,2024-02-08,23.78,23.94,23.65,23.91
FDP,2024-02-09,23.83,23.98,23.54,23.78
FDP,2024-02-12,23.85,24.4204,23.82,24.2
FDP,2024-02-13,23.86,23.86,23.3,23.51
FDP,2024-02-14,23.65,23.91,23.53,23.8
FDP,2024-02-15,23.86,24.23,23.86,24.16
FDP,2024-02-16,23.95,24.07,23.76,23.77
FDP,2024-02-20,23.74,24.09,23.615,23.92
FDP,2024-02-21,23.98,24.19,23.89,24.06
FDP,2024-02-22,23.86,24.12,23.65,23.97
FDP,2024-02-23,23.87,24.15,23.83,23.92
FDP,2024-02-26,23.26,23.5533,22.3179,23.18
FDP,2024-02-27,23.36,23.84,23.07,23.28
FDP,2024-02-28,23.27,23.8,23.27,23.64
FDP,2024-02-29,23.83,24.01,23.5,23.93
FDP,2024-03-01,24.06,24.49,23.9,24.37
FDP,2024-03-04,24.38,24.63,24.2597,24.53
FDP,2024-03-05,24.35,24.61,24.14,24.22
FDP,2024-03-06,24.0,24.38,23.985,24.25
FDP,2024-03-07,24.28,24.54,24.22,24.47
FDP,2024-03-08,24.48,24.78,24.48,24.76
FDP,2024-03-11,24.75,24.9,24.34,24.63
FDP,2024-03-12,24.6,24.89,24.56,24.76
FDP,2024-03-13,24.75,24.96,24.6,24.7
FDP,2024-03-14,24.59,24.68,24.11,24.26
FDP,2024-03-15,24.17,25.32,24.04,24.89
FDP,2024-03-18,24.78,24.98,24.57,24.6
FDP,2024-03-19,24.61,25.02,24.45,25.02
FDP,2024-03-20,24.96,25.12,24.62,25.12
FDP,2024-03-21,25.2,25.3,25.02,25.19
FDP,2024-03-22,25.33,25.36,25.1401,25.21
FDP,2024-03-25,25.46,25.53,25.19,25.37
FDP,2024-03-26,25.52,25.62,25.13,25.5
FDP,2024-03-27,25.61,26.03,25.59,26.03
FDP,2024-03-28,26.09,26.39,25.85,25.91
FDP,2024-04-01,25.91,25.91,25.39,25.45
FDP,2024-04-02,25.4,25.59,25.2301,25.49
FDP,2024-04-03,25.45,25.61,25.08,25.37
FDP,2024-04-04,25.62,25.66,25.34,25.43
FDP,2024-04-05,25.46,25.47,25.035,25.38
FDP,2024-04-08,25.49,25.9,25.49,25.66
FDP,2024-04-09,25.75,25.82,25.52,25.67
FDP,2024-04-10,25.5,25.5,24.82,25.12
FDP,2024-04-11,25.2,25.45,24.92,25.23
FDP,2024-04-12,25.18,25.1824,24.8627,24.93
FDP,2024-04-15,25.07,25.16,24.79,24.93
FDP,2024-04-16,24.8,24.99,24.63,24.91
FDP,2024-04-17,25.0,25.15,24.82,24.84
FDP,2024-04-18,24.99,25.39,24.99,25.36
FDP,2024-04-19,25.33,25.86,25.33,25.76
FDP,2024-04-22,25.86,26.04,25.75,25.86
FDP,2024-04-23,25.78,26.115,25.78,25.98
FDP,2024-04-24,25.76,26.08,25.75,26.03
FDP,2024-04-25,26.0,26.05,25.66,25.74
FDP,2024-04-26,25.64,25.9,25.59,25.62
FDP,2024-04-29,25.6,25.98,25.59,25.71
FDP,2024-04-30,25.71,25.81,25.53,25.57
FDP,2024-05-01,25.59,26.295,25.59,25.92
FDP,2024-05-02,26.07,26.27,25.9,26.03
FDP,2024-05-03,25.28,25.635,23.8,24.52
FDP,2024-05-06,24.69,24.89,24.485,24.53
FDP,2024-05-07,24.45,24.59,24.3,24.34
FDP,2024-05-08,24.48,24.505,24.11,24.13
FDP,2024-05-09,24.08,24.44,24.08,24.35
FDP,2024-05-10,24.29,24.52,24.05,24.47
FDP,2024-05-13,24.62,24.7199,24.42,24.48
FDP,2024-05-14,24.76,24.86,24.25,24.48
FDP,2024-05-15,24.37,24.48,23.9,24.18
FDP,2024-05-16,24.31,24.57,24.165,24.48
FDP,2024-05-17,24.42,24.51,24.2,24.31
FDP,2024-05-20,24.25,24.4546,23.58,23.59
FDP,2024-05-21,23.6,23.805,23.51,23.64
FDP,2024-05-22,23.62,23.82,23.55,23.72
FDP,2024-05-23,23.64,23.64,23.075,23.28
FDP,2024-05-24,23.36,23.44,23.15,23.26
FDP,2024-05-28,23.23,23.31,23.03,23.15
FDP,2024-05-29,23.05,23.2,22.66,22.79
FDP,2024-05-30,22.91,23.03,22.79,22.97
FDP,2024-05-31,23.06,23.37,23.0,23.36
FDP,2024-06-03,23.48,23.5,22.94,23.27
FDP,2024-06-04,23.22,23.25,22.94,23.24
FDP,2024-06-05,23.17,23.17,22.62,22.8
FDP,2024-06-06,22.8,23.15,22.75,22.96
FDP,2024-06-07,22.86,23.03,22.54,22.62
FDP,2024-06-10,22.56,22.68,22.22,22.43
FDP,2024-06-11,22.5,22.58,22.18,22.58
FDP,2024-06-12,22.85,22.86,22.45,22.47
FDP,2024-06-13,22.34,22.3723,22.07,22.11
FDP,2024-06-14,22.04,22.085,21.8,21.86
FDP,2024-06-17,21.86,21.86,21.58,21.77
FDP,2024-06-18,21.71,21.85,21.41,21.5
FDP,2024-06-20,21.63,22.34,21.5,21.98
FDP,2024-06-21,22.0,22.49,21.995,22.24
FDP,2024-06-24,22.39,22.66,22.27,22.34
FDP,2024-06-25,22.19,22.305,21.9215,22.06
FDP,2024-06-26,21.98,22.13,21.81,22.112
FDP,2024-06-27,22.12,22.16,21.91,21.98
FDP,2024-06-28,22.13,22.14,21.68,21.85
FDP,2024-07-01,21.85,22.01,21.63,21.72
FDP,2024-07-02,21.79,22.12,21.69,22.11
FDP,2024-07-03,22.18,22.22,21.78,21.78
FDP,2024-07-05,21.75,21.75,21.33,21.39
FDP,2024-07-08,21.52,21.73,21.3,21.312
FDP,2024-07-09,21.27,21.53,21.23,21.25
FDP,2024-07-10,21.32,21.56,21.3,21.43
FDP,2024-07-11,21.72,22.04,21.71,22.03
FDP,2024-07-12,22.22,22.37,22.025,22.21
FDP,2024-07-15,22.39,22.46,22.05,22.07
FDP,2024-07-16,22.18,22.53,22.18,22.38
FDP,2024-07-17,22.34,23.62,22.34,23.58
FDP,2024-07-18,23.34,23.88,23.34,23.78
FDP,2024-07-19,23.59,23.725,23.24,23.45
FDP,2024-07-22,23.37,23.7,23.25,23.63
FDP,2024-07-23,23.59,23.85,23.23,23.64
FDP,2024-07-24,23.58,23.8178,23.5,23.55
FDP,2024-07-25,23.69,24.14,23.66,23.88
FDP,2024-07-26,24.09,24.37,23.9525,24.36
FDP,2024-07-29,24.44,24.44,24.19,24.41
FDP,2024-07-30,24.4,24.76,24.375,24.72
FDP,2024-07-31,24.73,25.33,24.54,25.06
FDP,2024-08-01,25.11,25.23,24.24,24.61
FDP,2024-08-02,25.91,27.65,25.32,27.27
FDP,2024-08-05,26.68,26.99,25.61,26.77
FDP,2024-08-06,26.875,27.23,26.62,26.86
FDP,2024-08-07,26.95,27.83,26.65,27.67
FDP,2024-08-08,27.69,27.89,27.14,27.15
FDP,2024-08-09,27.08,27.08,26.58,27.02
FDP,2024-08-12,27.0,27.055,26.52,26.74
FDP,2024-08-13,26.78,27.195,26.54,27.13
FDP,2024-08-14,27.25,27.56,27.13,27.56
FDP,2024-08-15,27.62,27.75,27.335,27.45
FDP,2024-08-16,27.45,27.75,27.36,27.57
FDP,2024-08-19,27.5,27.87,27.41,27.85
FDP,2024-08-20,27.76,27.99,27.43,27.8
FDP,2024-08-21,27.98,27.98,27.62,27.72
FDP,2024-08-22,27.75,28.02,27.63,28.02
FDP,2024-08-23,27.99,28.63,27.96,28.42
FDP,2024-08-26,28.69,29.4896,28.55,28.85
FDP,2024-08-27,28.93,29.13,28.67,29.06
FDP,2024-08-28,29.1,29.435,28.89,28.91
FDP,2024-08-29,29.1,29.13,28.64,28.99
FDP,2024-08-30,29.07,29.3697,28.87,29.23
FDP,2024-09-03,29.7,30.28,29.52,29.65
FDP,2024-09-04,29.55,30.55,29.49,30.25
FDP,2024-09-05,30.36,30.59,29.38,29.83
FDP,2024-09-06,29.82,29.915,28.94,29.18
FDP,2024-09-09,29.21,29.21,28.48,28.51
FDP,2024-09-10,28.51,28.755,28.17,28.29
FDP,2024-09-11,28.14,28.15,27.79,28.07
FDP,2024-09-12,28.12,28.54,27.975,28.48
FDP,2024-09-13,28.67,28.83,28.4,28.82
FDP,2024-09-16,29.02,29.16,28.57,29.15
FDP,2024-09-17,29.24,29.82,29.115,29.45
FDP,2024-09-18,29.27,29.875,29.245,29.55
FDP,2024-09-19,29.66,29.66,29.11,29.47
FDP,2024-09-20,29.55,29.829,29.0,29.18
FDP,2024-09-23,29.315,29.47,29.07,29.38
FDP,2024-09-24,29.47,29.62,29.33,29.33
FDP,2024-09-25,29.46,29.46,28.79,28.96
FDP,2024-09-26,29.0,29.575,28.93,29.31
FDP,2024-09-27,29.4,29.75,29.2,29.27
FDP,2024-09-30,29.33,29.68,29.33,29.54
FDP,2024-10-01,29.5,29.8,29.24,29.74
FDP,2024-10-02,29.6,29.6299,29.05,29.21
FDP,2024-10-03,28.6,28.6,28.5,28.6
FDP,2024-10-04,28.7138,29.16,28.6,28.96
FDP,2024-10-07,28.89,28.95,28.6395,28.9
FDP,2024-10-08,29.03,29.03,28.5,29.02
FDP,2024-10-09,28.915,29.145,28.785,28.89
FDP,2024-10-10,28.89,28.92,28.6,28.77
FDP,2024-10-11,28.62,28.98,28.62,28.88
FDP,2024-10-14,28.9,29.06,28.78,29.03
FDP,2024-10-15,29.02,29.56,28.81,29.2
FDP,2024-10-16,29.31,30.0,29.285,29.87
FDP,2024-10-17,29.9,30.11,29.54,30.05
FDP,2024-10-18,29.5,29.582,29.18,29.53
FDP,2024-10-21,29.55,29.725,28.9401,28.98
FDP,2024-10-22,28.8,29.08,28.665,28.86
FDP,2024-10-23,28.73,29.04,28.7,28.97
FDP,2024-10-24,28.86,28.99,28.73,28.95
FDP,2024-10-25,29.06,29.16,28.68,28.73
FDP,2024-10-28,28.95,29.5,28.95,29.26
FDP,2024-10-29,29.15,29.288,28.86,29.1
FDP,2024-10-30,29.05,29.35,28.91,29.09
FDP,2024-10-31,32.1,33.605,31.91,32.11
FDP,2024-11-01,31.96,32.295,31.26,31.66
FDP,2024-11-04,31.78,33.32,31.78,33.03
FDP,2024-11-05,32.85,33.5399,32.765,33.32
FDP,2024-11-06,33.655,34.53,33.655,34.08
FDP,2024-11-07,33.985,34.56,33.7238,33.83
FDP,2024-11-08,33.74,34.43,33.74,34.26
FDP,2024-11-11,34.3,34.65,34.0285,34.52
FDP,2024-11-12,34.63,35.27,34.3,34.4
FDP,2024-11-13,34.5,34.51,33.52,33.72
FDP,2024-11-14,33.61,33.93,33.3,33.45
FDP,2024-11-15,33.77,33.92,33.5,33.78
FDP,2024-11-18,34.04,34.49,33.805,33.82
FDP,2024-11-19,33.51,33.84,33.295,33.78
FDP,2024-11-20,33.95,33.95,33.45,33.86
FDP,2024-11-21,34.005,34.015,33.59,33.6
FDP,2024-11-22,33.82,33.99,33.54,33.8
FDP,2024-11-25,34.125,34.25,33.53,33.57
FDP,2024-11-26,33.64,34.085,33.54,33.98
FDP,2024-11-27,34.18,34.41,33.875,33.97
FDP,2024-11-29,33.95,34.0,33.56,33.75
FDP,2024-12-02,33.85,35.14,33.57,34.92
FDP,2024-12-03,35.125,35.25,34.14,34.44
FDP,2024-12-04,34.28,34.605,34.1,34.28
FDP,2024-12-05,34.02,34.3575,33.9,34.07
FDP,2024-12-06,34.05,34.0955,33.4,33.55
FDP,2024-12-09,33.745,34.085,33.31,33.42
FDP,2025-01-27,31.76,32.38,31.6,31.69
FDP,2025-01-28,31.54,32.015,31.49,31.54
FDP,2025-01-29,31.61,31.82,31.31,31.43
FDP,2025-01-30,31.94,31.94,31.0501,31.08
FDP,2025-01-31,30.86,31.22,30.23,30.49
FDP,2025-02-03,30.0,31.2,29.5,30.91
FDP,2025-02-04,30.845,30.95,30.36,30.75
FDP,2025-02-05,30.83,31.2393,30.6,31.0
FDP,2025-02-06,31.4485,31.4485,30.82,31.24
FDP,2025-02-07,31.1,31.275,30.85,30.87
FDP,2025-02-10,30.9,30.9,30.495,30.58
FDP,2025-02-11,30.46,30.97,30.15,30.85
FDP,2025-02-12,30.62,30.91,30.41,30.61
FDP,2025-02-13,30.565,30.8563,30.4,30.78
FDP,2025-02-14,31.07,31.21,30.19,30.21
FDP,2025-02-18,30.09,30.4,29.865,30.19
FDP,2025-02-19,30.21,30.61,30.06,30.47
FDP,2025-02-20,30.26,30.66,30.24,30.61
FDP,2025-02-21,30.6388,30.98,30.61,30.88
FDP,2025-02-24,28.485,30.715,26.58,29.95
FDP,2025-02-25,29.88,30.54,29.7875,30.19
FDP,2025-02-26,30.35,30.72,29.83,29.95
FDP,2025-02-27,29.85,30.22,29.75,30.14
FDP,2025-02-28,30.3,30.553,30.11,30.49
FDP,2025-03-03,30.415,30.926,30.03,30.27
FDP,2025-03-04,30.345,30.99,29.92,29.96
FDP,2025-03-05,29.61,30.21,29.61,29.99
FDP,2025-03-06,29.97,30.6,29.97,30.51
FDP,2025-03-07,30.46,31.6,30.46,31.27
FDP,2025-03-10,31.02,31.505,30.505,30.69
FDP,2025-03-11,30.68,30.68,29.87,29.98
FDP,2025-03-12,29.85,30.315,29.685,30.07
FDP,2025-03-13,30.27,30.4038,29.91,30.11
FDP,2025-03-14,30.2136,30.32,29.91,30.05
FDP,2025-03-17,30.0,30.38,29.76,30.28
FDP,2025-03-18,30.0,30.425,29.85,29.9
FDP,2025-03-19,30.15,30.26,29.79,30.2
FDP,2025-03-20,29.95,30.185,29.46,29.93
FDP,2025-03-21,29.84,30.15,29.32,29.65
FDP,2025-03-24,29.73,29.85,29.08,29.23
FDP,2025-03-25,29.195,29.59,29.0,29.2
FDP,2025-03-26,29.29,29.67,29.205,29.58
FDP,2025-03-27,29.67,30.54,29.67,30.45
FDP,2025-03-28,30.48,30.74,30.0879,30.39
FDP,2025-03-31,30.35,31.03,30.285,30.83
FDP,2025-04-01,30.68,31.09,30.53,31.07
FDP,2025-04-02,31.015,31.42,30.77,31.37
FDP,2025-04-03,31.47,32.04,31.2106,31.39
FDP,2025-04-04,30.995,30.995,30.06,30.5975
FDP,2025-04-07,29.9,30.48,29.5,29.92
FDP,2025-04-08,29.8672,30.36,29.49,29.61
FDP,2025-04-09,29.235,31.13,29.235,30.57
FDP,2025-04-10,30.54,30.54,29.98,30.41
FDP,2025-04-11,30.5,31.005,30.5,30.96
FDP,2025-04-14,31.25,31.58,31.25,31.48
FDP,2025-04-15,31.33,31.33,31.17,31.33
FDP,2025-04-16,31.4,31.915,31.4,31.78
FDP,2025-04-17,31.92,32.6,31.92,32.42
FDP,2025-04-21,32.67,33.42,32.45,33.31
FDP,2025-04-22,33.475,33.9751,33.34,33.78
FDP,2025-04-23,33.82,34.33,33.5169,34.28
FDP,2025-04-24,34.36,34.76,33.9177,34.68
FDP,2025-04-25,34.66,34.66,34.08,34.43
FDP,2025-04-28,34.55,34.84,34.17,34.49
FDP,2025-04-29,34.35,34.86,34.265,34.77
FDP,2025-04-30,33.0,34.67,32.6,34.01
FDP,2025-05-01,33.855,33.855,33.2536,33.62
FDP,2025-05-02,33.705,33.705,33.13,33.4
FDP,2025-05-05,33.18,33.46,33.08,33.41
FDP,2025-05-06,33.5,33.75,33.19,33.35
FDP,2025-05-07,33.465,33.465,32.96,33.01
FDP,2025-05-08,33.085,33.275,32.8,33.06
FDP,2025-05-09,33.02,33.16,32.67,32.9
FDP,2025-05-12,32.76,32.76,32.6,32.76
FDP,2025-05-13,32.67,32.935,32.51,32.77
FDP,2025-05-14,32.3,32.445,31.43,31.69
FDP,2025-05-15,31.79,32.67,31.79,32.67
FDP,2025-05-16,32.7,33.46,32.5,33.43
FDP,2025-05-19,33.4,33.87,33.09,33.8
FDP,2025-05-20,33.745,34.2,33.735,34.01
FDP,2025-05-21,33.61,33.87,33.45,33.71
FDP,2025-05-22,33.7,33.87,33.49,33.82
FDP,2025-05-23,33.83,34.45,33.54,34.43
FDP,2025-05-27,34.67,34.88,34.51,34.69
FDP,2025-05-28,34.46,34.79,34.36,34.48
FDP,2025-05-29,34.33,34.955,34.33,34.78
FDP,2025-05-30,34.79,35.34,34.71,35.32
FDP,2025-06-02,35.35,35.45,35.023,35.29
FDP,2025-06-03,35.23,35.69,34.915,35.02
FDP,2025-06-04,35.03,35.06,32.96,33.13
FDP,2025-06-05,33.22,33.22,32.44,32.77
FDP,2025-06-06,32.84,33.05,32.07,32.45
FDP,2025-06-09,32.49,32.9599,32.2586,32.76
FDP,2025-06-10,32.997,33.09,32.2,32.29
FDP,2025-06-11,32.43,32.71,32.06,32.6
FDP,2025-06-12,32.63,33.14,32.16,33.12
FDP,2025-06-13,32.88,33.22,32.705,32.82
FDP,2025-06-16,32.945,33.18,32.49,32.51
FDP,2025-06-17,32.65,33.2,32.54,33.1
FDP,2025-06-18,32.98,33.66,32.865,33.36
FDP,2025-06-20,33.585,33.65,32.99,33.03
FDP,2025-06-23,32.94,33.425,32.63,33.08
FDP,2025-06-24,33.09,33.13,32.6,32.72
FDP,2025-06-25,32.61,32.61,31.68,31.76
FDP,2025-06-26,31.852,32.365,31.7,32.23
FDP,2025-06-27,32.165,32.23,31.75,32.06
FDP,2025-06-30,32.155,32.44,31.85,32.42
FDP,2025-07-01,32.2,33.8,32.1383,33.27
FDP,2025-07-02,33.355,33.47,32.825,33.24
FDP,2025-07-03,32.9,33.2896,32.9,33.13
FDP,2025-07-07,32.9,33.0949,32.65,32.8
FDP,2025-07-08,32.72,33.05,32.605,33.01
FDP,2025-07-09,33.07,33.2,32.67,33.13
FDP,2025-07-10,32.76,33.87,32.76,33.53
FDP,2025-07-11,33.58,34.04,33.41,33.79
FDP,2025-07-14,34.01,34.11,33.575,33.72
FDP,2025-07-15,33.54,33.62,33.12,33.17
FDP,2025-07-16,33.37,33.64,33.23,33.49
FDP,2025-07-17,33.4,33.9325,33.39,33.75
FDP,2025-07-18,33.9,34.035,33.51,33.8
FDP,2025-07-21,33.83,35.03,33.73,34.66
FDP,2025-07-22,34.67,35.46,34.5,35.44
FDP,2025-07-23,35.55,35.99,35.415,35.71
FDP,2025-07-24,35.6,35.6,35.17,35.26
FDP,2025-07-25,35.49,35.66,35.1,35.63
FDP,2025-07-28,35.7,36.08,35.36,35.63
FDP,2025-07-29,35.72,36.1,35.68,36.07
FDP,2025-07-30,38.715,40.75,37.59,39.43
FDP,2025-07-31,38.82,38.98,37.18,37.58
FDP,2025-08-01,37.78,38.175,37.11,37.28
FDP,2025-08-04,37.68,37.7,36.47,36.55
FDP,2025-08-05,36.595,36.595,35.49,35.8
FDP,2025-08-06,35.85,36.235,35.345,36.15
FDP,2025-08-07,35.86,36.28,35.365,36.06
FDP,2025-08-08,36.095,36.56,36.095,36.5
FDP,2025-08-11,36.585,37.0489,35.73,36.35
FDP,2025-08-12,36.405,37.17,36.3135,37.16
FDP,2025-08-13,36.78,37.09,36.44,36.87
FDP,2025-08-14,36.95,36.95,35.3,35.49
FDP,2025-08-15,35.58,35.6643,35.1,35.57
FDP,2025-08-18,35.57,35.9088,35.36,35.82
FDP,2025-08-19,36.095,36.64,36.0,36.6
FDP,2025-08-20,36.77,37.07,36.09,36.1
FDP,2025-08-21,35.95,36.44,35.655,35.8
FDP,2025-08-22,35.59,36.795,35.59,36.66
FDP,2025-08-25,36.71,37.24,36.6,36.74
FDP,2025-08-26,36.86,36.996,35.98,36.16
FDP,2025-08-27,36.24,36.53,35.975,36.53
FDP,2025-08-28,36.5,36.5,35.52,35.63
FDP,2025-08-29,35.735,36.325,35.735,36.28
FDP,2025-09-02,36.25,36.3968,36.03,36.13
FDP,2025-09-03,35.92,36.39,35.42,36.12
FDP,2025-09-04,36.19,36.49,35.56,35.71
FDP,2025-09-05,35.62,35.97,35.35,35.9
FDP,2025-09-08,35.925,35.925,35.2,35.5
FDP,2025-09-09,35.55,35.55,35.16,35.16
FDP,2025-09-10,35.0,35.38,34.73,35.37
FDP,2025-09-11,35.305,35.92,35.21,35.8
FDP,2025-09-12,35.51,35.915,35.345,35.61
FDP,2025-09-15,36.05,36.05,35.235,35.42
FDP,2025-09-16,35.44,35.82,35.17,35.61
FDP,2025-09-17,35.645,36.16,35.53,35.69
FDP,2025-09-18,35.36,36.57,35.36,36.27
FDP,2025-09-19,36.5705,36.5705,35.645,35.69
FDP,2025-09-22,35.935,36.0105,35.33,35.79
FDP,2025-09-23,35.915,36.2,35.44,35.52
FDP,2025-09-24,35.55,35.74,34.55,34.81
FDP,2025-09-25,35.02,35.1464,34.18,34.35
FDP,2025-09-26,34.34,35.03,34.26,35.03
FDP,2025-09-29,35.08,35.08,34.3201,34.54
FDP,2025-09-30,34.645,34.78,34.45,34.72
FDP,2025-10-01,34.72,35.37,34.555,35.08
FDP,2025-10-02,35.0,35.145,34.44,34.82
FDP,2025-10-03,35.0,35.6499,34.995,35.37
FDP,2025-10-06,35.21,35.2817,34.0775,34.18
FDP,2025-10-07,34.05,34.4899,33.7,34.07
FDP,2025-10-08,34.13,34.216,33.505,33.54
FDP,2025-10-09,33.3064,33.49,32.9,33.3
FDP,2025-10-10,33.5,33.743,33.225,33.4
FDP,2025-10-13,33.425,33.545,32.94,33.16
FDP,2025-10-14,33.34,33.69,33.0,33.55
FDP,2025-10-15,33.6,33.94,33.19,33.58
FDP,2025-10-16,33.585,33.74,32.96,33.08
FDP,2025-10-17,33.565,34.5,33.4,34.5
FDP,2025-10-20,34.53,35.49,34.53,35.46
FDP,2025-10-21,35.76,35.76,34.425,34.45
FDP,2025-10-22,34.54,35.15,34.395,34.85
FDP,2025-10-23,34.85,34.85,34.21,34.45
FDP,2025-10-24,34.78,34.88,34.2,34.37
FDP,2025-10-27,34.38,34.48,34.135,34.17
FDP,2025-10-28,34.0,34.535,33.82,34.36
FDP,2025-10-29,33.495,34.43,31.9,34.31
FDP,2025-10-30,34.2,34.99,34.07,34.97
FDP,2025-10-31,34.675,35.35,34.395,35.35
FDP,2025-11-03,35.15,36.05,34.81,35.94
FDP,2025-11-04,36.06,36.4562,35.75,36.14
FDP,2025-11-05,36.14,36.52,35.905,36.42
FDP,2025-11-06,36.16,36.79,36.0,36.51
FDP,2025-11-07,36.53,37.375,36.315,37.29
FDP,2025-11-10,37.41,37.87,37.2,37.63
FDP,2025-11-11,37.95,38.11,36.69,37.46
FDP,2025-11-12,37.1,37.3,36.69,36.73
FDP,2025-11-13,36.31,36.79,35.6,35.94
FDP,2025-11-14,35.94,36.04,35.29,35.45
FDP,2025-11-17,35.55,35.74,34.91,34.91
FDP,2025-11-18,34.9,35.655,34.8,35.41
FDP,2025-11-19,35.38,35.42,34.41,34.5
FDP,2025-11-20,34.55,34.78,34.07,34.52
FDP,2025-11-21,34.52,35.61,34.52,35.03
FDP,2025-11-24,35.18,35.18,34.575,34.75
FDP,2025-11-25,34.885,35.67,34.885,35.51
FDP,2025-11-26,35.36,36.65,35.36,36.17
FDP,2025-11-28,36.17,36.255,35.92,36.14
FDP,2025-12-01,36.33,36.52,36.03,36.46
FDP,2025-12-02,36.59,36.865,36.31,36.82
FDP,2025-12-03,37.0,37.56,36.92,37.52
FDP,2025-12-04,37.35,37.6,36.84,36.94
FDP,2025-12-05,37.22,37.24,36.835,37.14
FDP,2025-12-08,37.01,37.4305,36.53,36.65
FDP,2025-12-09,36.89,36.965,36.39,36.77
FDP,2025-12-10,36.8,37.035,36.05,36.55
FDP,2025-12-11,36.74,38.43,36.6,38.21
FDP,2025-12-12,38.11,38.36,37.63,38.11
FDP,2025-12-15,38.085,38.73,38.0,38.54
FDP,2025-12-16,38.65,38.7981,37.38,38.01
FDP,2025-12-17,38.1,38.5304,38.03,38.29
FDP,2025-12-18,38.435,38.9,38.31,38.65
FDP,2025-12-19,38.51,38.69,37.45,37.55
